Area,Item,Year,hg/ha_yield,average_rain_fall_mm_per_year,pesticides_tonnes,avg_temp
Poland,Sorghum,2007,6022,601.6,12003.11,9.87
Chile,"Rice, paddy",1990,7611,681.7,12433.16,12.9
Senegal,Yams,2004,44612,765.0,164.19,26.82
Mali,Wheat,1991,5370,431.4,153.52,26.39
Niger,Cassava,1999,24091,229.5,128.93,28.06
Angola,Wheat,1999,10506,883.0,388.53,22.72
South Africa,Cassava,2003,30361,526.6,3305.83,16.11
France,Sorghum,1993,5736,755.9,22226.55,12.24
Chad,Cassava,2012,25945,478.7,48.34,27.87
Iraq,Yams,1996,14429,253.8,772.26,20.26
South Korea,Wheat,1998,32373,1193.2,15759.66,16.38
Netherlands,Plantains and others,2013,29742,616.2,6354.48,7.21
Iran,Cassava,2008,28227,281.8,4852.67,20.0
Chile,Soybeans,2011,8569,570.6,16357.8,14.08
Romania,"Rice, paddy",2002,9427,639.3,9828.77,9.36
India,Cassava,1990,61557,1173.7,13620.85,24.99
Niger,Sweet potatoes,1995,33300,317.3,76.7,27.24
"Tanzania, United Republic of",Wheat,1992,7310,957.8,819.46,24.33
Ethiopia,Cassava,1999,31402,884.5,775.4,19.82
Bolivia,Yams,1991,29145,1562.7,1054.26,21.1
Guinea,Maize,2005,11539,1591.3,360.87,28.45
Nicaragua,Plantains and others,2000,31419,2171.8,748.87,26.16
Guatemala,Soybeans,1990,3572,2399.6,2783.99,24.69
South Africa,Plantains and others,2007,24305,439.3,7608.24,19.91
Guatemala,Yams,1999,42858,2009.1,206.19,27.25
Sierra Leone,Wheat,2003,1135,2498.4,125.48,27.81
Nigeria,Soybeans,1999,9759,1369.0,2123.43,25.67
Benin,Soybeans,1998,6556,938.6,426.03,26.92
Guatemala,Wheat,1994,8629,1607.2,2223.16,21.51
Burundi,Plantains and others,2008,17140,1718.2,37.22,18.42
Japan,Wheat,2005,18506,1527.0,35705.35,13.11
Burundi,Sorghum,2009,2827,1387.8,29.68,21.38
Laos,Soybeans,1999,2746,2714.3,252.04,25.06
Thailand,Yams,2005,85438,1454.5,10154.65,25.77
Sweden,Soybeans,2006,7754,502.3,2430.44,7.03
Niger,"Rice, paddy",1992,5124,277.2,169.34,27.53
Egypt,Wheat,2003,15942,34.3,6608.12,22.95
Israel,Sweet potatoes,2003,160900,487.8,1194.85,19.41
"Tanzania, United Republic of",Maize,2013,28531,829.0,1911.58,24.25
Laos,Soybeans,1993,5817,1480.6,217.51,24.99
Argentina,Potatoes,2006,259540,563.2,102622.94,16.48
Guatemala,Yams,2013,22844,2114.8,2414.09,22.92
Argentina,Potatoes,2012,303360,548.8,120125.64,14.42
Romania,"Rice, paddy",2005,8609,633.3,10038.48,9.28
Cuba,Sweet potatoes,2011,82246,1497.8,1375.07,25.37
South Africa,Soybeans,1991,11861,503.0,6658.74,17.55
Turkey,Sorghum,2008,4385,771.8,26079.36,13.78
New Zealand,Wheat,1990,23483,1458.6,2639.38,12.68
India,Potatoes,1990,94867,1070.4,18409.73,23.97
Belgium,Soybeans,2000,8647,797.7,5069.14,9.23
Pakistan,Potatoes,1993,79724,492.9,10542.64,23.85
South Korea,Plantains and others,2003,32111,1310.6,8954.86,11.22
Panama,"Rice, paddy",2013,28558,2275.7,4051.2,26.89
Guinea,Sorghum,2010,2140,1980.1,215.21,28.93
Togo,Yams,2008,29257,1229.2,45.79,28.64
Russia,Maize,1995,9709,543.5,15362.34,5.9
Brazil,Yams,2007,28348,2478.4,170258.3,24.36
Honduras,Sweet potatoes,1996,42705,1769.1,876.7,24.49
Sudan,Wheat,1998,3806,294.1,849.04,28.47
Zimbabwe,Wheat,1994,15958,699.0,1288.8,19.13
Kenya,Sorghum,2013,7901,636.5,1529.35,23.58
Togo,Yams,2002,32812,1035.6,72.75,26.26
Netherlands,Potatoes,2007,167827,825.3,4880.84,8.98
Pakistan,Plantains and others,1991,19332,447.9,12105.5,26.75
New Zealand,Cassava,1993,46643,1894.8,1592.81,10.68
Czech Republic,Sweet potatoes,2012,54530,693.9,1527.57,6.22
Honduras,Sweet potatoes,1994,14156,2128.5,917.74,25.41
Ghana,"Rice, paddy",2000,22980,1081.5,2036.04,24.27
"Tanzania, United Republic of",Maize,2007,22299,828.8,1716.94,22.2
Cameroon,Soybeans,2009,7770,1358.9,1162.43,25.3
Afghanistan,Wheat,1998,7828,300.3,132.48,13.87
Portugal,Maize,2006,15842,686.2,7525.76,15.53
Niger,"Rice, paddy",1997,5787,275.9,192.72,26.45
Ghana,Soybeans,2003,11636,1261.8,1689.55,25.43
Myanmar,Soybeans,2007,3182,2072.0,1308.99,26.26
Nigeria,Maize,1993,22972,1095.5,1824.61,27.15
Kenya,Sorghum,1997,6696,604.9,977.3,22.67
France,Wheat,2005,30003,467.2,52366.39,11.57
Belgium,Potatoes,2004,218836,957.1,4746.37,9.31
Paraguay,Plantains and others,1998,55015,1515.7,5655.81,25.5
Cambodia,Soybeans,1994,6936,1610.9,580.98,24.45
Rwanda,Sorghum,1995,2692,1122.7,89.52,18.98
Kazakhstan,Sweet potatoes,2005,20024,177.0,743.8,5.73
Spain,Soybeans,2001,15494,728.6,32929.94,16.4
Cuba,Sweet potatoes,1995,65807,1431.8,0,27.15
Ukraine,Maize,1998,14792,524.7,8904.67,8.68
Brazil,Yams,2004,84826,1778.0,64596.04,26.78
Brazil,Wheat,1990,7282,1777.5,117660.99,21.9
Jamaica,Soybeans,2011,4149,2502.4,823.75,26.05
Costa Rica,Soybeans,1995,5501,2396.8,5557.26,22.57
Canada,Sorghum,2001,6248,495.8,41030.2,5.94
Saudi Arabia,"Rice, paddy",2011,12200,63.0,6733.14,26.8
"Congo, Democratic Republic of the",Maize,1990,8142,1573.6,128.86,24.34
Mexico,Potatoes,2008,151398,827.0,31071.78,22.26
Iran,Soybeans,1997,12524,255.0,8485.68,19.45
Brazil,Sweet potatoes,1993,72188,1787.6,54936.65,27.18
Cambodia,Potatoes,2003,12648,1995.8,510.12,25.84
Pakistan,Plantains and others,2007,24065,460.0,16913.71,23.68
Cameroon,Yams,2003,27837,1815.7,320.92,25.0
Cambodia,Yams,1993,25345,1905.5,10.4,24.86
Vietnam,Sorghum,2008,5636,1537.3,12408.27,29.64
Guatemala,Yams,2001,15701,2578.0,691.56,25.84
Chad,Maize,1999,13813,452.5,138.33,28.05
Cambodia,Plantains and others,1993,25627,1907.9,421.92,24.9
"Congo, Democratic Republic of the",Maize,2006,14727,1201.5,241.73,25.09
Malawi,Sorghum,2010,4905,1185.4,253.39,25.14
Greece,Cassava,2007,41029,704.1,2782.76,15.03
Belgium,Yams,2000,42397,938.5,468.16,7.76
Romania,Yams,2007,20990,632.7,1912.27,9.47
Cuba,Cassava,2000,92282,1138.5,1155.44,25.62
Philippines,Cassava,2005,78634,1739.7,2988.64,26.52
Cuba,Maize,2005,29656,1184.9,2673.68,25.39
Austria,Soybeans,1993,9963,877.8,2257.76,6.56
Venezuela,Plantains and others,2000,19825,2424.4,5263.12,27.67
Thailand,Wheat,2012,3905,1719.6,23104.55,27.23
Cambodia,Yams,2009,33347,1909.7,290.44,29.12
Argentina,Sweet potatoes,2010,97159,588.7,37985.89,16.38
Sudan,"Rice, paddy",2001,5285,223.3,1270.74,29.14
Nigeria,Maize,2011,25027,1406.2,2760.39,28.36
Pakistan,Maize,2011,36211,451.9,22815.63,23.62
Senegal,Sorghum,1992,5500,811.0,235.45,27.99
Venezuela,Cassava,2005,56854,2085.5,4564.78,28.13
Burundi,Sorghum,2002,3840,1258.5,42.85,21.9
Finland,Soybeans,1992,8488,524.7,1025.57,3.93
Egypt,Wheat,2001,17303,49.2,6284.43,24.43
Italy,Cassava,2000,60072,1049.3,10920.21,12.66
Japan,Soybeans,2000,3991,1807.6,34970.26,14.4
Iraq,Sorghum,1993,5824,216.2,735.02,21.32
Chile,Sorghum,1999,5170,747.1,10016.11,15.28
Chile,Soybeans,1997,12805,907.4,9707.66,15.84
Netherlands,Potatoes,2000,114747,765.5,4086.46,7.51
Belgium,Plantains and others,2010,19630,783.7,3902.72,9.73
Madagascar,Cassava,1990,45844,1361.9,126.46,23.92
Niger,Wheat,2003,2666,224.7,159.83,29.43
Mozambique,Yams,2010,34996,1149.4,236.01,23.54
Honduras,Plantains and others,1998,23851,2019.4,1033.0,26.85
Italy,Cassava,1995,46111,998.4,7276.51,12.93
Malawi,Potatoes,1992,64076,1040.7,192.34,21.15
Cambodia,Soybeans,2010,5425,1628.3,923.28,27.47
Myanmar,Cassava,2012,27273,2348.8,698.95,23.85
Cuba,Sweet potatoes,1993,65068,1351.3,241.43,26.51
Ecuador,Maize,1992,11236,1879.0,6179.91,21.86
North Korea,Soybeans,2011,3348,1094.9,1007.37,10.48
Colombia,Soybeans,1997,5838,3378.5,21701.3,23.97
Afghanistan,Yams,1999,5531,320.8,56.75,18.62
Afghanistan,Sorghum,1994,1059,379.8,22.73,13.84
Ivory Coast,Potatoes,2007,29347,1343.3,2020.1,27.76
Jamaica,Sweet potatoes,1991,63752,1638.9,270.65,23.92
Sierra Leone,"Rice, paddy",1999,3724,2958.0,149.4,28.31
Nigeria,Sweet potatoes,2003,68600,1232.9,389.53,26.07
Indonesia,Sweet potatoes,2004,30575,3087.8,6307.93,24.09
New Zealand,Sweet potatoes,1992,27162,1878.8,219.62,12.83
Nicaragua,Maize,2009,7934,2447.5,1723.77,23.69
South Africa,Maize,2011,25796,580.4,15535.35,17.2
Mali,Sweet potatoes,1992,27364,378.9,73.47,29.63
Ireland,Maize,2013,24593,1066.5,2876.48,11.52
Niger,"Rice, paddy",2008,5074,261.3,312.51,28.5
Niger,"Rice, paddy",2007,6024,301.5,295.84,28.95
India,Sorghum,1995,7955,1156.4,10751.31,24.15
Brazil,Plantains and others,2013,106550,1500.2,312066.74,28.54
China,Yams,2003,30421,531.7,317733.78,13.84
Uzbekistan,Maize,1993,6197,249.0,5448.61,13.91
South Africa,Plantains and others,2001,34669,525.8,6558.18,21.64
Guinea,Cassava,1996,36553,1780.6,115.9,26.63
Hungary,Potatoes,1997,146762,672.6,5926.75,10.21
Uzbekistan,Soybeans,1991,3277,241.3,4068.43,12.96
Germany,Maize,2004,26494,678.4,25908.48,11.21
Costa Rica,Sweet potatoes,2001,29090,2058.4,932.59,22.82
Costa Rica,Plantains and others,2000,14482,2927.6,3628.69,21.78
Ivory Coast,Potatoes,1993,28355,1278.2,1563.06,26.81
Nepal,Soybeans,1990,4035,1337.8,107.41,17.04
Paraguay,Wheat,1997,11360,1065.4,6618.01,25.12
Sierra Leone,Soybeans,2003,2119,2724.9,133.97,24.33
Niger,"Rice, paddy",2004,5721,350.2,279.65,28.58
Finland,Soybeans,1998,9485,403.5,987.16,4.18
United States of America,Wheat,1999,35093,645.7,219158.94,13.27
Poland,Sorghum,1990,4147,586.6,6096.76,7.59
Portugal,Potatoes,1998,216073,987.2,5443.95,14.27
South Korea,"Rice, paddy",2002,19565,1395.3,25762.69,11.13
Denmark,Maize,2001,25360,723.9,2706.42,10.5
South Korea,Yams,2013,34882,978.6,10306.07,12.02
Bolivia,Sorghum,1997,2311,1032.1,505.54,17.75
Ecuador,Plantains and others,1995,38288,1871.1,4817.22,22.75
Saudi Arabia,Cassava,2008,50773,72.6,1711.83,25.68
Pakistan,Maize,1999,28270,447.3,15951.28,24.82
Japan,Wheat,1999,26528,1427.1,36252.55,14.2
Jamaica,Soybeans,2006,5456,1901.4,746.15,25.61
Nepal,Soybeans,2012,5073,1636.0,156.16,19.55
Turkey,Potatoes,1999,203856,807.2,15635.53,13.38
Honduras,Maize,1990,11390,1869.5,1204.38,26.49
Zimbabwe,Maize,2003,20602,507.9,2004.5,20.24
Costa Rica,Plantains and others,2006,20227,2951.1,3259.27,25.99
Mexico,Maize,1999,37436,584.2,28707.78,20.15
Hungary,Maize,2000,14794,589.4,8755.27,12.67
Mali,Plantains and others,2003,15283,448.6,187.41,26.96
Honduras,Maize,2009,5956,2046.2,2459.06,21.93
Saudi Arabia,Yams,1992,28636,57.7,795.34,27.73
New Zealand,Sweet potatoes,2008,34599,1793.4,696.86,12.88
Zimbabwe,Sorghum,1996,6113,799.2,212.58,21.78
Iraq,Plantains and others,2000,11231,163.4,1811.64,22.6
Bangladesh,Soybeans,1998,3660,2424.7,11343.23,26.44
Niger,Potatoes,2001,19525,272.3,180.55,28.92
Belgium,Potatoes,2011,179610,852.7,5098.26,10.46
Indonesia,Sweet potatoes,2009,29330,3270.1,10228.59,27.43
Kenya,Wheat,2011,17020,776.5,2499.36,21.41
Niger,Potatoes,2011,19772,269.1,172.05,26.93
France,Soybeans,1994,10515,687.5,30491.73,12.72
Ghana,Maize,2005,35398,1070.5,2091.49,27.54
Benin,Sorghum,2011,4651,1128.7,292.16,27.45
Saudi Arabia,Cassava,1995,35724,53.2,765.88,28.16
South Korea,Maize,1998,13928,1248.2,16564.7,13.53
Honduras,Plantains and others,1999,31583,2193.1,1315.51,27.55
Myanmar,"Rice, paddy",1996,11622,2357.9,1128.99,25.67
Ecuador,Sorghum,1990,2776,1978.2,3459.21,24.43
Romania,"Rice, paddy",2013,8514,634.0,13014.84,8.85
Russia,Sweet potatoes,1996,35373,563.9,449.85,3.4
Burundi,"Rice, paddy",2010,6027,1199.1,133.37,18.66
Kazakhstan,Sorghum,1997,2851,320.9,1532.31,5.04
Burundi,Soybeans,2002,4960,1546.7,67.72,18.99
Ghana,Soybeans,2012,12950,1293.3,2402.85,27.2
Japan,Sorghum,2010,3086,1768.8,32991.69,18.52
Argentina,Potatoes,1995,229514,503.1,119769.53,16.66
Mexico,"Rice, paddy",2010,17784,599.7,64612.06,20.34
Turkey,Sorghum,1998,4519,775.3,9059.66,13.18
Uganda,Plantains and others,2011,30194,1375.4,239.41,23.92
Zimbabwe,"Rice, paddy",2003,14994,780.0,1822.85,23.7
Chad,"Rice, paddy",1996,6456,358.5,154.9,26.26
Kenya,Plantains and others,1999,25016,721.7,1504.77,23.1
Ghana,"Rice, paddy",1994,23765,1125.2,1569.77,27.62
Nigeria,Maize,2003,21542,1050.9,2417.95,29.72
Greece,Maize,1990,12969,560.4,5298.01,15.92
Iran,Cassava,2003,21777,252.6,4830.33,18.43
Guinea,Cassava,2007,51271,1445.6,174.64,27.62
Benin,Plantains and others,2002,21228,1065.6,357.06,27.84
United States of America,Plantains and others,1992,17879,830.3,187876.9,12.9
Pakistan,Potatoes,2013,104041,435.5,21971.72,23.9
France,Sorghum,2005,8870,714.4,36589.2,10.81
"Congo, Democratic Republic of the",Plantains and others,1999,17535,1471.7,132.86,24.94
Sierra Leone,Sweet potatoes,2002,12810,2891.6,28.95,25.43
Guinea,Yams,2003,23923,1728.3,116.86,26.75
Burundi,Plantains and others,2011,30409,1209.9,72.35,22.74
Netherlands,Soybeans,2003,10794,646.9,7288.01,8.71
Rwanda,Yams,1998,17006,1087.5,97.57,19.59
Pakistan,"Rice, paddy",1999,17147,544.4,19458.8,26.52
Ecuador,Cassava,2001,25343,2570.4,6113.79,22.49
Sri Lanka,"Rice, paddy",2007,24918,1999.9,4654.11,29.43
Nepal,Sweet potatoes,2000,25770,1765.1,27.69,18.1
El Salvador,Potatoes,2008,20045,1915.2,2506.82,23.92
Iran,Cassava,2010,31014,204.2,3594.97,19.92
Laos,Sweet potatoes,1995,26872,1855.4,55.25,26.28
Hungary,Cassava,1993,25957,617.0,1780.14,10.46
Italy,Cassava,1998,43138,695.8,23682.45,12.46
Argentina,Potatoes,1992,190655,566.8,71216.79,16.19
Israel,Yams,1998,60787,392.7,989.24,21.18
Norway,Soybeans,1992,6870,1425.5,321.37,5.46
North Korea,"Rice, paddy",1998,6968,1298.8,714.9,10.26
Sudan,"Rice, paddy",2007,5106,244.9,1600.9,26.65
Colombia,Potatoes,1991,26834,2630.8,15602.58,24.08
Iran,Soybeans,1998,4321,223.8,8112.18,14.89
Iran,Sorghum,2001,3158,148.7,5959.89,18.31
Senegal,Plantains and others,1991,19169,791.7,122.58,24.97
Paraguay,Sweet potatoes,2011,93123,1067.6,5084.31,20.81
Hungary,Wheat,1999,19941,753.6,6046.25,10.18
Niger,Sweet potatoes,1991,22417,282.7,48.83,28.9
Peru,Plantains and others,1995,22874,1917.5,2711.66,17.97
Egypt,Soybeans,2012,16688,41.6,7815.58,21.83
Iran,"Rice, paddy",1995,8319,282.7,11939.66,20.8
Netherlands,Wheat,1993,34932,866.9,4939.07,11.25
Iraq,Soybeans,2008,12234,206.1,2286.34,20.59
India,"Rice, paddy",1993,20537,953.8,34305.77,24.68
Burundi,"Rice, paddy",1993,8129,1227.7,82.58,20.83
El Salvador,"Rice, paddy",1995,12456,2105.9,2692.93,22.84
Australia,Plantains and others,2013,25508,388.0,34553.18,21.48
Portugal,Plantains and others,1995,20360,603.9,2595.39,17.94
Iraq,Sorghum,2010,5143,244.4,1287.57,22.37
United States of America,Yams,1992,30286,801.1,83043.34,8.82
Canada,Sweet potatoes,2004,54250,367.1,14482.15,4.73
Malaysia,Cassava,2010,31375,3174.1,10927.95,23.96
Russia,Maize,1993,10561,529.9,20652.1,4.22
Nicaragua,Maize,1996,7812,2450.0,1544.22,26.55
India,Sorghum,1996,8538,1080.8,11527.04,23.22
Philippines,Maize,1998,7995,3109.3,5959.2,26.64
Mexico,Maize,2003,44405,621.2,31593.1,22.92
Burundi,Yams,1995,14009,1267.1,5.97,19.45
Venezuela,Yams,1996,46436,1623.2,5574.07,27.3
Romania,Soybeans,1991,5426,536.9,4108.0,11.62
Niger,Wheat,2013,5250,259.1,263.31,25.88
Chad,Plantains and others,2010,12138,518.5,111.27,27.77
Myanmar,Sorghum,1991,2361,2852.6,242.73,25.93
Honduras,Sorghum,1995,1884,1727.4,1206.86,26.33
Morocco,Plantains and others,1998,10181,301.7,3989.13,18.73
United Kingdom,Plantains and others,1993,23712,1278.1,8904.73,11.24
Czech Republic,Sweet potatoes,2011,54436,693.6,2565.81,10.02
Argentina,Wheat,1999,28566,529.1,100788.2,14.42
Peru,Sorghum,2004,2131,1903.3,3678.84,19.49
Rwanda,Yams,2009,16356,1102.9,118.08,19.11
Zambia,Soybeans,2002,11382,1027.2,751.11,23.22
Spain,Potatoes,1994,285349,587.7,12979.08,16.64
Burkina Faso,Soybeans,1993,5308,770.0,270.28,28.79
Burundi,Wheat,2002,10457,1204.4,80.71,20.83
Niger,Maize,2009,14059,355.0,307.68,28.29
Egypt,Cassava,1994,18122,44.2,2324.49,19.74
Algeria,Potatoes,1994,96378,90.5,1723.62,17.1
Bolivia,Yams,1990,38480,1061.7,603.49,22.06
Uzbekistan,"Rice, paddy",1998,2184,205.7,8213.69,17.22
Bangladesh,Plantains and others,2004,15084,2818.2,7397.23,25.26
Vietnam,Sorghum,1996,4650,1916.4,6059.6,25.96
Thailand,Plantains and others,2010,70389,1298.6,19736.58,26.33
Cuba,Cassava,1997,78456,1412.3,1056.59,28.36
Saudi Arabia,Yams,2009,39211,57.3,2061.47,29.59
Ecuador,Soybeans,1991,4285,2133.0,5526.84,22.73
"Tanzania, United Republic of",Wheat,1990,7211,749.3,911.94,25.16
Ecuador,Cassava,1999,50064,1737.2,2082.77,19.46
Indonesia,Cassava,1993,26986,2735.7,6480.8,26.41
Saudi Arabia,Soybeans,2004,15611,40.8,3876.7,23.69
Vietnam,Maize,2004,10432,1984.8,39040.72,26.09
Cambodia,Yams,2007,28706,1900.4,457.23,27.16
Portugal,Wheat,2008,30975,748.9,6546.7,13.37
Ecuador,Plantains and others,2005,36594,1961.6,6134.64,20.85
Sudan,Cassava,1992,21603,262.2,365.61,27.21
Italy,Wheat,2013,35943,947.5,46570.82,12.11
Saudi Arabia,Soybeans,2011,13051,58.4,4644.68,29.41
Honduras,Plantains and others,2007,43557,1454.9,1184.52,24.97
Hungary,Plantains and others,2006,18656,724.9,6422.82,13.6
Zambia,Plantains and others,1997,23868,1003.0,451.81,22.08
Chile,Sorghum,1995,4335,695.5,6371.47,14.47
Honduras,Sweet potatoes,1993,32024,1880.8,690.68,25.48
Dominican Republic,Soybeans,2008,12764,1455.3,2462.93,24.27
Germany,Wheat,1991,10089,696.3,10546.36,7.98
Guatemala,Cassava,2011,20732,2662.0,1604.22,22.72
Nepal,Sweet potatoes,2007,63620,1295.4,63.08,21.4
Argentina,Sorghum,2012,6159,354.6,105072.32,17.42
Kenya,Cassava,2009,60987,568.3,880.62,24.47
Dominican Republic,"Rice, paddy",2009,31123,1645.5,3477.03,27.3
Chad,Cassava,2000,24385,456.3,78.56,29.45
Mozambique,Potatoes,2009,21267,1089.9,504.36,26.26
Mali,Cassava,1995,30593,406.7,76.52,26.46
Sudan,Wheat,2002,4710,227.6,795.9,27.05
Malawi,Sorghum,1992,4542,1255.7,68.6,24.92
Panama,Sorghum,2008,3269,3069.9,1178.17,28.9
Cambodia,"Rice, paddy",1992,14632,1849.3,627.81,27.6
Cambodia,"Rice, paddy",1995,13674,2204.3,739.88,26.96
Sudan,Wheat,1991,2535,218.8,635.73,29.15
Guinea,Yams,2013,11080,2398.6,125.55,24.45
Germany,Wheat,2001,14675,586.2,15933.54,9.23
South Korea,Wheat,2010,22855,1513.1,19193.73,11.55
Guatemala,Plantains and others,2005,41803,1618.6,2971.17,21.44
Ecuador,Plantains and others,2004,42498,2085.7,4302.35,21.75
Argentina,Potatoes,1991,199996,690.5,81540.38,17.95
Myanmar,"Rice, paddy",1993,7545,2589.8,1031.06,29.56
Paraguay,Maize,1992,32517,1200.8,7572.91,22.89
Laos,"Rice, paddy",1992,17733,1800.0,360.18,26.58
"Congo, Democratic Republic of the",Soybeans,2007,4064,1800.7,194.62,24.98
Nicaragua,Plantains and others,2003,15828,2413.0,886.65,26.89
Chile,Wheat,2004,28765,846.6,13472.03,14.67
Chile,Maize,2002,37883,658.2,14308.42,18.52
Cuba,Sweet potatoes,2001,111126,1018.1,626.17,26.63
Thailand,Soybeans,2004,11929,1684.3,15762.0,27.88
Argentina,Soybeans,2009,11679,618.4,204209.38,15.86
Argentina,Maize,1992,18665,585.4,118359.73,15.56
Chile,Soybeans,1994,16071,692.5,8688.17,17.97
Ecuador,Yams,2005,9003,2429.2,2210.3,19.91
Jamaica,Wheat,2009,2019,1876.5,986.74,26.94
Cameroon,Sorghum,1992,1772,1917.2,143.82,22.98
Spain,Soybeans,1990,8280,543.6,20686.79,14.62
North Korea,Sweet potatoes,1995,19370,992.3,0,12.72
Italy,Soybeans,1993,11055,865.6,33695.2,15.19
Argentina,Sweet potatoes,1995,38584,446.3,35184.82,14.4
Ecuador,Cassava,2010,23642,2470.5,3554.92,23.35
Bolivia,Potatoes,1993,76764,957.1,1243.88,22.53
Sierra Leone,Soybeans,1995,1847,2603.6,115.55,25.19
Ireland,Sorghum,1995,4205,1397.3,299.14,10.13
Ireland,Sorghum,2013,5484,1136.9,1387.74,10.9
France,Maize,2011,25897,773.0,67492.55,11.35
Italy,"Rice, paddy",1999,13985,823.1,45204.91,16.06
Malaysia,Cassava,1994,46239,2278.1,6976.18,27.02
Laos,Maize,1994,10941,1652.7,191.35,27.14
Mali,Cassava,2005,27822,411.7,116.82,29.09
Iran,Soybeans,2000,10267,200.3,9575.88,20.28
Mali,Yams,1998,23571,452.4,103.32,24.73
Benin,Sorghum,2002,5033,1149.8,208.82,27.75
Italy,Sorghum,2002,5886,859.1,20126.26,13.06
Netherlands,Sorghum,2006,7874,801.8,3762.94,10.58
Turkey,Plantains and others,2008,9248,545.6,24831.63,13.74
Ecuador,Wheat,2000,4822,2068.5,4687.59,23.73
Iraq,Plantains and others,2012,12315,194.3,1275.7,23.22
South Korea,Soybeans,2009,8880,1417.6,19567.71,13.54
Belgium,Sweet potatoes,1998,71310,743.8,1453.35,10.05
Burkina Faso,Soybeans,2007,8765,778.4,722.56,25.05
Haiti,Yams,2010,38244,1449.5,76.31,25.61
Haiti,Potatoes,2011,12086,1790.2,137.08,26.91
South Africa,Cassava,2005,26063,442.9,7978.24,17.45
Jamaica,Sweet potatoes,2012,31696,2034.5,371.57,25.81
Russia,Potatoes,2007,49734,519.3,18544.25,4.35
Philippines,Yams,1999,18366,2459.8,2280.21,27.81
Myanmar,Yams,1995,14800,2250.0,404.61,25.75
Honduras,Plantains and others,2004,37234,1910.2,1832.36,27.18
Chile,"Rice, paddy",2007,10403,622.4,19669.07,11.41
Denmark,Maize,2004,21628,646.8,3298.11,8.95
Australia,"Rice, paddy",2000,28267,524.0,37665.19,22.16
Thailand,Sorghum,1995,4051,1756.1,2211.42,26.23
"Congo, Democratic Republic of the",Wheat,2013,5224,1579.8,195.1,23.9
Cambodia,Sorghum,1996,1870,2578.2,263.17,30.21
Togo,Potatoes,1997,17395,1301.0,92.16,28.17
Cuba,Soybeans,1995,11865,1324.7,1941.75,25.23
Guatemala,Sorghum,2009,2122,1998.6,2217.86,22.69
Ukraine,Soybeans,1999,5292,427.6,10559.72,11.92
Algeria,Sorghum,2010,4837,111.1,1775.42,19.11
South Korea,Wheat,1992,31821,1085.2,15674.86,16.2
Hungary,Maize,1992,14160,555.6,5943.17,10.71
Bolivia,Potatoes,2011,85416,1165.8,1947.68,22.84
Niger,Yams,2001,20303,342.7,51.69,25.27
Guinea,Sorghum,2012,2396,1612.9,247.29,24.16
Ukraine,Soybeans,2000,6990,608.4,9715.66,7.25
Thailand,"Rice, paddy",1993,42431,1351.2,19462.98,24.6
South Africa,Wheat,1993,26110,571.6,4797.45,18.16
Japan,Sweet potatoes,2001,49133,1661.7,24137.29,14.58
South Africa,Sweet potatoes,1997,80035,601.1,3095.87,18.36
Ethiopia,Sorghum,2005,5763,873.5,968.13,23.02
Thailand,Potatoes,2002,65452,1164.5,13573.4,26.06
Laos,Maize,2006,6227,2010.6,327.78,25.85
Senegal,Sorghum,1997,7293,664.1,310.1,25.35
Angola,Yams,2012,12481,1062.2,239.03,18.0
Czech Republic,Sweet potatoes,2013,48258,764.9,2655.26,10.54
Ethiopia,Cassava,1996,38468,996.5,548.22,22.69
Haiti,Cassava,1991,37396,1089.5,30.53,25.98
Sudan,Yams,1991,23383,298.1,390.8,27.68
Paraguay,Sweet potatoes,2003,115049,1293.6,3821.08,19.45
Netherlands,Potatoes,1992,114873,943.9,2526.73,8.2
China,Soybeans,2006,10253,641.2,1314661.29,12.71
South Korea,Wheat,1999,24389,1519.7,9362.51,14.63
Austria,Soybeans,2011,8971,1380.5,3744.9,6.21
Saudi Arabia,Soybeans,1992,9589,60.5,2480.52,28.54
Hungary,Sweet potatoes,1992,38304,424.1,2227.75,10.83
Costa Rica,Sweet potatoes,1995,33045,2355.9,1835.56,22.97
Uzbekistan,Sorghum,2003,2875,137.9,2703.74,14.66
Sierra Leone,Sweet potatoes,2004,10444,2680.3,46.7,29.3
Israel,Potatoes,2012,237478,462.9,2393.23,22.81
United Kingdom,Sweet potatoes,2008,70072,1199.3,2316.63,8.91
Burundi,Maize,2002,14634,1207.6,77.3,21.51
Paraguay,Maize,2008,47517,1070.4,13653.81,23.65
Turkey,Cassava,1998,35753,709.9,11079.26,13.91
Jamaica,Cassava,2004,81226,1375.2,285.53,23.41
Guinea,"Rice, paddy",2007,15819,1806.3,462.49,26.83
Haiti,Potatoes,2010,10396,1884.8,120.63,26.66
Haiti,Cassava,2010,48428,1417.6,71.97,24.6
El Salvador,Maize,1999,10964,1889.2,2642.27,24.91
Netherlands,Plantains and others,1999,28262,745.8,2937.5,10.29
Ghana,Soybeans,2006,12032,1082.4,2086.57,26.32
Togo,Cassava,2003,46912,1223.2,69.09,27.13
Algeria,Plantains and others,1991,5185,92.7,2330.1,18.9
Netherlands,Soybeans,1991,9565,560.3,4964.33,12.03
Ecuador,Plantains and others,1992,15747,2481.2,4428.8,20.55
Laos,Maize,2005,12782,1512.8,309.05,28.34
Sierra Leone,Sweet potatoes,1992,9241,2634.6,15.52,27.75
Austria,Potatoes,1992,92649,952.9,2059.95,8.28
Russia,Sweet potatoes,2002,34442,526.9,7687.72,4.63
South Africa,Sweet potatoes,1998,59118,618.0,1109.13,16.51
Burkina Faso,Sweet potatoes,2007,48994,742.0,285.45,27.11
New Zealand,Wheat,1991,22692,1577.0,1767.39,13.29
Nicaragua,Sorghum,2003,5045,1405.9,921.29,25.49
Kazakhstan,Potatoes,1990,29978,287.7,1137.72,6.97
Mozambique,"Rice, paddy",2001,12124,978.3,664.13,23.6
Zambia,Yams,2005,39209,966.4,406.02,24.31
Haiti,Plantains and others,2012,25166,1413.4,107.77,27.87
Indonesia,Sweet potatoes,1995,34339,3228.9,5907.42,25.8
Myanmar,Soybeans,2008,4031,2222.2,1135.55,26.24
Sierra Leone,Wheat,1995,1000,2297.1,78.3,27.19
India,Cassava,1992,77885,1021.3,7497.04,23.17
Kenya,Yams,2005,34594,829.0,917.21,24.73
Morocco,Plantains and others,1992,7503,333.5,1624.56,18.76
Australia,Yams,1991,39604,360.0,4298.38,20.37
Madagascar,"Rice, paddy",2006,15066,1798.8,475.18,23.58
Uganda,Yams,2002,31157,1340.0,167.8,22.02
Togo,"Rice, paddy",2003,16337,1269.5,298.42,26.0
South Korea,Yams,2010,35429,1475.3,9326.08,12.88
Portugal,Wheat,2005,28596,727.7,4024.58,16.14
Mexico,Cassava,2006,70585,842.0,21617.31,19.72
Indonesia,Cassava,1995,51918,2160.5,5771.92,25.21
El Salvador,Potatoes,1999,56223,1517.7,2877.62,23.13
Haiti,Soybeans,2005,6764,1401.4,122.86,26.9
Afghanistan,Wheat,2000,8565,367.4,87.71,17.05
Afghanistan,Plantains and others,2003,2167,310.2,94.64,14.24
Burundi,Maize,1992,11931,999.5,46.43,19.36
Belgium,Potatoes,2006,151031,966.8,4654.32,8.19
Guinea,Soybeans,1996,3212,1774.9,214.19,27.08
Zambia,Soybeans,1998,9029,1103.1,686.97,22.67
Belgium,"Rice, paddy",2000,20774,959.0,6900.29,11.37
New Zealand,Sweet potatoes,1999,23969,2013.2,1062.55,11.36
United Kingdom,Wheat,2000,10389,1122.6,15563.17,9.1
Belgium,Maize,1990,19033,1001.5,3603.1,9.65
Malawi,Potatoes,2006,59459,1165.6,356.35,22.93
Mexico,Maize,1994,27210,993.4,35939.47,20.95
Mozambique,"Rice, paddy",2013,20526,1166.2,1014.16,23.79
Niger,Sweet potatoes,1994,27362,282.2,22.89,28.34
Panama,Cassava,2008,26106,2496.6,1416.15,26.58
South Korea,Plantains and others,2004,27341,1268.8,13677.88,13.78
Haiti,Plantains and others,1998,29756,1407.3,110.23,24.81
Peru,Sweet potatoes,2009,68832,1785.5,3263.8,19.83
Senegal,Sweet potatoes,2005,38750,620.3,233.48,28.75
Haiti,Maize,2009,15686,1572.8,188.93,23.67
Greece,Yams,1994,19886,537.3,2025.42,15.26
Venezuela,Maize,2001,18949,1600.4,11219.99,26.49
Hungary,Cassava,2009,41472,680.7,3168.48,11.32
Austria,Potatoes,1996,87288,974.5,1624.58,8.45
Spain,Potatoes,1995,257861,629.9,18882.58,14.46
"Tanzania, United Republic of",Plantains and others,1996,24010,956.7,932.01,23.33
Saudi Arabia,Cassava,1996,37517,60.7,1327.58,25.2
Ghana,"Rice, paddy",2008,24995,1276.4,2819.86,27.63
Togo,Soybeans,1991,3369,1578.0,128.51,29.5
Costa Rica,Soybeans,2010,6946,3345.9,7242.1,25.23
Costa Rica,Plantains and others,1992,16679,3352.6,2082.41,24.42
Mali,Maize,2011,14696,389.0,504.11,26.37
Netherlands,Plantains and others,2001,25746,786.4,4287.23,11.46
Honduras,Sorghum,1993,2111,1822.2,1305.96,24.7
Paraguay,Plantains and others,1999,46464,1283.7,6718.0,23.88
Sri Lanka,Soybeans,2001,8229,1692.4,3752.65,24.13
Austria,Soybeans,1990,9328,1059.9,2372.13,4.69
Senegal,Potatoes,2011,29954,744.4,406.76,26.65
Kenya,Potatoes,1994,66510,664.4,1324.18,22.08
Ecuador,Maize,1999,17339,1751.5,8025.64,23.15
"Tanzania, United Republic of",Yams,2008,43306,937.5,480.71,24.03
Ethiopia,Potatoes,1991,69024,787.4,452.13,20.41
Ethiopia,Sorghum,1992,4671,923.5,758.38,21.54
Argentina,Wheat,1994,33967,429.3,104590.96,17.19
Honduras,Sweet potatoes,2002,37155,1903.8,911.49,26.31
New Zealand,Wheat,2000,8196,2065.5,3339.34,11.37
Algeria,Maize,2002,13148,68.0,2847.39,20.48
Australia,"Rice, paddy",2013,36048,601.5,61084.06,22.52
Bolivia,Soybeans,1996,12114,930.7,1472.3,23.99
United States of America,Sorghum,2001,7734,722.0,165821.22,8.53
Mexico,Potatoes,2006,193203,832.8,27033.33,20.24
Guatemala,Yams,2009,46959,1869.5,1428.23,26.63
El Salvador,Cassava,1990,40203,1968.0,839.41,26.72
Kazakhstan,Soybeans,2012,4351,340.8,2453.74,5.58
South Africa,Cassava,1999,22739,489.6,3537.04,17.67
Nigeria,Sorghum,1996,6406,1299.1,961.72,24.78
Haiti,Yams,2005,26525,1756.6,44.74,25.01
Iran,Cassava,1992,25649,205.3,1652.37,20.26
Guatemala,Yams,2012,25295,2071.2,2083.55,22.21
India,Sorghum,1992,11899,913.0,12136.73,27.18
Angola,Sorghum,2003,2468,1305.8,229.13,19.45
Ireland,Yams,2002,39486,1095.5,1078.95,10.83
El Salvador,Maize,2001,21462,1590.5,2187.19,26.3
Romania,Soybeans,2012,7600,718.2,8204.43,9.03
Afghanistan,Wheat,1996,8455,323.6,89.59,13.94
Angola,Yams,1992,13126,1135.7,176.61,19.55
Angola,"Rice, paddy",1997,6910,1113.1,421.75,19.6
Belgium,Sweet potatoes,2003,63505,847.8,254.72,9.52
Guinea,Wheat,2004,2848,1171.8,244.73,27.44
North Korea,Plantains and others,1996,6760,978.7,531.22,9.9
Mozambique,Sorghum,2008,4152,1087.0,310.45,25.82
Morocco,"Rice, paddy",2000,3811,285.4,7693.63,16.63
Angola,Yams,2000,29422,1004.8,179.91,24.64
United States of America,Soybeans,2013,10179,702.8,392565.02,13.44
Pakistan,Maize,2005,31084,345.4,20359.56,23.93
Burundi,Sorghum,1996,1701,1167.8,41.63,18.55
Mexico,Maize,1992,30056,912.9,30525.72,19.67
France,Yams,1996,38832,524.4,7155.03,15.76
Niger,Wheat,2008,3314,244.2,178.47,28.57
Niger,"Rice, paddy",1999,4359,290.2,224.34,27.72
Madagascar,Cassava,2012,37551,1809.9,247.07,25.47
Guinea,Maize,1990,4249,2123.6,143.65,25.55
Malaysia,Cassava,1998,36885,2875.8,10053.05,26.41
Egypt,"Rice, paddy",2011,9853,52.6,12224.04,23.1
Bangladesh,Sorghum,1996,2851,2470.0,4199.53,26.51
Ukraine,Sorghum,1992,2878,583.7,4454.91,6.94
Zimbabwe,Sorghum,1997,5356,639.6,441.1,22.35
Mozambique,Potatoes,2000,23570,948.8,453.02,27.64
North Korea,Plantains and others,2005,14501,1264.6,401.63,12.39
Japan,Wheat,2003,28759,1503.8,47914.42,16.96
El Salvador,Plantains and others,1990,36334,1661.1,289.15,26.1
Portugal,Plantains and others,2003,15477,836.9,3536.07,13.43
Malawi,Maize,2010,21336,1319.5,459.59,23.18
Pakistan,"Rice, paddy",1995,16468,507.7,16764.0,23.38
"Congo, Democratic Republic of the",Cassava,1991,31904,1756.1,115.84,27.34
Ireland,Potatoes,2009,185459,1463.7,1848.76,10.9
Canada,Sweet potatoes,1997,46915,468.9,6069.32,5.28
Guatemala,Wheat,2007,3648,2488.0,2693.45,24.99
El Salvador,Maize,2011,17538,1692.9,4284.69,24.62
South Korea,Yams,1997,39109,952.7,6031.48,13.38
Romania,"Rice, paddy",2011,12091,751.0,10804.53,8.87
Colombia,Cassava,2010,55680,2152.1,12134.32,22.88
Panama,Yams,1991,16416,3486.4,557.46,26.85
Morocco,"Rice, paddy",1998,4954,324.0,6477.57,18.87
Austria,Potatoes,2011,175428,1103.2,3585.17,9.94
Austria,Potatoes,2009,118287,1088.1,3454.88,8.32
Germany,Wheat,1998,14058,656.6,22035.49,8.26
Chile,"Rice, paddy",1994,12012,791.5,13792.26,15.47
Russia,Wheat,2012,7584,472.3,26705.88,5.11
Czech Republic,Sorghum,2005,4759,779.0,2692.2,8.04
Ghana,Cassava,2001,63836,1108.7,748.85,26.7
Russia,Maize,1990,9758,543.3,16941.25,6.23
Spain,Wheat,2011,46100,613.7,35643.26,14.65
Cambodia,Cassava,2007,55860,1683.9,288.58,26.99
Burundi,"Rice, paddy",2011,6223,1098.0,120.76,18.43
Ireland,Cassava,2004,58968,1153.8,1208.67,9.67
Kazakhstan,Soybeans,2013,4088,210.3,2262.01,8.97
"Congo, Democratic Republic of the",Plantains and others,1994,15990,1627.1,46.28,22.64
Bolivia,Soybeans,1991,9170,1128.8,1509.38,21.87
Iraq,"Rice, paddy",2005,6075,216.4,2476.97,22.82
France,Maize,1993,19888,674.0,38212.07,9.51
Mali,"Rice, paddy",2002,6862,351.5,413.32,27.99
Cambodia,Yams,2004,39246,1780.4,363.75,26.75
Nigeria,Soybeans,2005,8958,1431.0,2151.9,26.49
Ukraine,Maize,1996,11301,436.4,9650.23,9.32
Ghana,Yams,1992,46239,1052.4,549.72,26.28
Niger,Cassava,1992,22079,277.9,85.4,27.85
Sierra Leone,Wheat,2007,1363,2242.9,148.38,26.39
Rwanda,Sorghum,2001,2984,1037.1,82.99,18.59
Sudan,Wheat,2004,3612,210.3,981.89,28.25
Sri Lanka,"Rice, paddy",1997,16995,2085.5,3978.78,26.4
Guatemala,Plantains and others,2004,30204,2056.3,1901.41,23.58
Philippines,Sorghum,1992,2523,2047.3,1444.5,30.47
South Africa,Potatoes,2011,193695,497.7,9346.83,21.55
Afghanistan,Sorghum,1999,1436,342.4,48.51,14.4
Panama,"Rice, paddy",2011,7978,3798.2,3388.86,23.32
Italy,Potatoes,1992,208457,1012.0,19892.37,13.89
Cameroon,Cassava,2004,63139,1418.6,858.92,26.93
Costa Rica,Plantains and others,2002,26346,2477.3,4760.56,21.15
Uganda,Yams,2000,39841,1069.5,115.88,22.81
Malawi,Potatoes,2003,62024,1108.2,240.22,22.81
Egypt,Plantains and others,1997,17424,57.9,3682.56,22.17
Chile,"Rice, paddy",2005,12070,655.7,17524.95,13.11
Benin,Cassava,1997,33588,838.5,241.42,28.88
Australia,Yams,2009,58294,456.9,17227.57,21.68
Niger,Cassava,1998,22347,274.2,92.56,29.04
Sudan,Yams,2005,18840,265.4,446.55,30.68
South Korea,Plantains and others,2006,33441,1303.4,5353.41,15.69
Cameroon,Yams,2011,35298,1528.3,776.72,24.3
Sudan,Wheat,2000,3291,180.4,811.76,27.25
Hungary,Plantains and others,2007,12416,600.4,7974.32,7.44
"Congo, Democratic Republic of the",Sweet potatoes,1990,17007,1963.5,28.47,23.96
Czech Republic,Potatoes,1990,88701,833.6,2521.61,7.53
Niger,Maize,2008,11682,344.0,277.23,29.53
Romania,Plantains and others,1993,14622,693.3,3102.16,10.12
Thailand,Wheat,2005,8223,1330.3,24576.29,27.38
Argentina,Potatoes,1994,221111,912.7,64572.91,14.31
Uruguay,Sorghum,2003,9405,1084.1,6682.82,19.2
Nicaragua,Maize,2008,9616,2664.6,2052.18,24.3
Cameroon,Cassava,2010,56665,1414.8,559.71,26.34
Laos,Maize,2000,17214,1398.6,349.37,24.23
Italy,Cassava,1996,49829,830.7,19115.9,14.98
Mali,Maize,2008,16797,329.4,494.31,26.78
Sudan,Yams,1999,22735,249.9,454.1,26.75
France,Yams,2002,33942,751.0,15954.74,11.83
Chile,"Rice, paddy",1995,12139,772.9,15886.2,15.72
China,Cassava,1992,30935,684.4,529911.09,17.41
Peru,"Rice, paddy",2001,10739,1594.0,7022.99,18.23
Poland,Wheat,2009,12633,774.6,17412.64,6.23
Laos,Sorghum,2013,2791,1563.5,258.57,25.64
Czech Republic,Wheat,2000,16127,777.0,3726.9,9.3
Hungary,Potatoes,2006,148318,674.3,6502.27,9.84
Mexico,Cassava,1990,76166,658.8,3710.9,21.3
Australia,"Rice, paddy",1992,21061,397.6,42895.54,22.53
Guinea,Soybeans,1995,2651,1852.0,263.48,25.94
Hungary,Cassava,2012,44757,619.1,6163.52,12.81
Panama,Yams,2003,15736,3247.8,703.82,24.54
Burundi,Wheat,2012,4130,1773.1,76.97,18.5
Jamaica,"Rice, paddy",1991,16399,1938.6,556.22,25.82
Brazil,Sorghum,2003,4759,2103.0,149644.2,24.07
Malaysia,Sorghum,2009,4253,2947.8,14164.31,28.36
Cameroon,Sorghum,1995,2424,1675.7,394.73,26.4
Israel,Soybeans,2008,28900,443.7,3614.87,22.0
Niger,Maize,2006,9838,352.8,272.94,29.84
Denmark,Maize,1997,19820,697.3,3133.06,6.17
Cambodia,Potatoes,1994,5728,1914.7,392.3,26.59
China,Yams,2000,20404,590.9,262753.12,12.14
Vietnam,Maize,2008,26895,1450.2,38443.4,27.99
Cuba,Yams,2004,58554,1385.1,1087.05,26.37
Costa Rica,Sweet potatoes,2003,31852,2698.3,2517.99,22.59
Burkina Faso,Sweet potatoes,1996,41248,783.3,82.64,27.07
Nigeria,Plantains and others,2010,36401,1425.4,1382.81,27.74
Guinea,Soybeans,2008,4572,1750.1,357.8,25.82
Sierra Leone,Soybeans,2009,2225,2733.4,159.23,28.36
Ireland,Cassava,2009,59674,1424.0,1144.0,9.41
Nepal,Soybeans,1993,5569,1150.2,144.78,17.94
Sri Lanka,Sorghum,2012,3286,1816.9,2524.82,25.35
Morocco,Soybeans,1990,12824,312.7,3801.34,20.4
Ukraine,Soybeans,2010,6008,345.7,12350.92,8.63
India,"Rice, paddy",1999,32456,1039.9,42945.3,25.07
Vietnam,Maize,2006,10664,1914.5,38130.87,28.94
Kazakhstan,Potatoes,2012,46889,260.4,1948.68,7.95
Ecuador,Yams,2013,15606,2350.7,4217.78,21.74
Jamaica,Maize,2000,12351,1851.4,749.06,24.74
Malaysia,Plantains and others,2005,21877,2677.4,16035.69,26.59
Philippines,Plantains and others,1998,14889,2646.4,4608.63,24.92
Belgium,Yams,1996,31535,811.1,1365.67,7.94
Netherlands,Sorghum,2005,7568,823.0,4032.78,6.83
Myanmar,"Rice, paddy",2013,14190,2227.7,1857.16,23.95
Uganda,Plantains and others,2008,35739,1336.6,212.21,23.85
Spain,Potatoes,1990,242973,665.7,17950.15,16.09
Ghana,Cassava,2004,77462,1101.2,815.38,28.43
India,Plantains and others,1997,50978,1382.5,12489.4,27.1
Iraq,Soybeans,1993,8284,214.2,1558.08,24.04
Chad,"Rice, paddy",1995,7680,396.4,178.23,27.49
Bangladesh,Sorghum,2011,3143,3004.9,8623.43,24.99
Afghanistan,Soybeans,1992,1738,332.2,91.78,14.71
Panama,"Rice, paddy",1994,7924,3253.0,1440.23,27.4
Afghanistan,Sorghum,2012,1616,251.1,75.25,14.81
Chad,"Rice, paddy",1998,8933,487.8,170.86,26.65
Japan,Sweet potatoes,1992,16178,2166.6,12888.7,14.79
Costa Rica,Soybeans,1998,4891,3127.8,5736.39,22.5
Burundi,Potatoes,2000,68817,1009.3,33.77,20.19
Rwanda,"Rice, paddy",1994,6858,1272.8,243.08,19.49
Cameroon,Cassava,2013,57440,1369.9,540.63,23.93
Ivory Coast,Sorghum,2003,5444,1348.2,1054.14,26.89
Peru,Wheat,2011,22079,1240.6,5752.59,19.06
Madagascar,Soybeans,2012,3636,1836.7,425.05,24.91
Panama,Cassava,2001,27487,2958.9,1004.4,25.94
Italy,Maize,2006,21784,985.5,46164.96,12.39
Egypt,Soybeans,1995,14737,53.1,5550.83,21.32
Togo,Soybeans,2000,6574,1128.4,164.87,27.09
Zimbabwe,Sorghum,1994,5727,625.4,509.09,21.1
Iran,"Rice, paddy",2004,3624,233.1,16208.97,15.94
Angola,Sorghum,1994,3370,1271.9,199.65,22.55
Chile,Plantains and others,1995,15983,818.2,5942.82,12.22
Ethiopia,Cassava,1997,39612,924.6,794.19,24.52
Mexico,"Rice, paddy",2002,10915,830.6,42765.39,19.26
Cambodia,Wheat,2004,2450,1596.5,466.0,29.12
Honduras,Plantains and others,2009,30249,2017.2,1735.51,25.36
Venezuela,Plantains and others,2010,43977,2031.4,9491.14,24.83
Sri Lanka,Soybeans,2005,5415,2290.3,3475.84,25.55
Senegal,Potatoes,2000,27690,541.4,349.11,26.11
Panama,Potatoes,2007,28787,2777.6,2233.54,23.24
Turkey,Sorghum,1994,3493,462.9,3699.92,12.74
Portugal,Yams,2005,29419,716.7,3368.91,17.4
Chile,Wheat,1999,24330,658.2,9643.55,15.18
Philippines,Sorghum,1990,2980,2925.7,3510.87,27.82
Cameroon,Yams,2005,37019,1674.4,595.13,26.2
Mali,Sweet potatoes,2007,49131,434.8,82.0,26.87
Belgium,"Rice, paddy",2011,22943,875.8,6776.64,8.67
Angola,Cassava,2012,39082,1128.2,150.98,20.6
Israel,Potatoes,1994,272801,437.2,1474.65,18.7
Togo,Soybeans,2006,9871,799.1,188.68,28.9
Ghana,Plantains and others,2010,39095,1243.5,1826.39,26.17
Nepal,Sweet potatoes,1997,55659,1087.1,56.06,20.93
Ivory Coast,Sorghum,1994,4865,1364.5,694.62,26.72
Uzbekistan,Maize,2009,7947,193.0,6431.38,14.16
Senegal,Cassava,2005,59431,619.9,188.13,28.18
Ireland,Yams,1990,38499,1325.4,651.14,10.31
Poland,Wheat,2007,12256,538.0,16986.28,5.47
Indonesia,Soybeans,1991,5941,3191.2,9731.04,26.25
Sri Lanka,Wheat,2001,1683,2197.1,2546.85,29.44
Laos,Maize,2008,6636,2032.3,347.1,27.85
Czech Republic,Potatoes,1994,100124,661.6,3293.98,8.4
Burkina Faso,Maize,1992,11048,764.8,487.06,30.99
Greece,Maize,1992,15013,658.3,5592.24,15.76
Romania,"Rice, paddy",2001,7316,408.4,8770.87,9.73
Philippines,Plantains and others,2006,24583,2507.3,3853.37,26.01
Jamaica,Maize,2013,15054,1757.3,1128.46,27.9
Belgium,Yams,2012,49896,1008.7,857.83,9.6
Angola,Cassava,1990,33553,1203.9,185.72,21.46
Honduras,Sorghum,2002,2477,1893.9,1201.49,24.76
Zimbabwe,Sorghum,2013,6568,672.0,1198.33,20.67
Bangladesh,"Rice, paddy",2007,25607,1972.6,16073.33,25.58
Mali,Potatoes,1993,22475,313.0,130.7,28.51
Bangladesh,Soybeans,1996,3856,2926.6,8771.65,25.63
Cambodia,Soybeans,2009,3592,2014.2,668.09,25.12
Mali,Plantains and others,2004,9018,317.6,235.07,28.09
Angola,Wheat,1998,7193,1124.3,379.66,22.49
Honduras,Plantains and others,2001,22107,2386.8,1419.32,24.97
South Africa,Plantains and others,1993,7964,423.9,4831.31,16.67
South Africa,Plantains and others,2005,11629,521.5,5140.95,15.5
Japan,Sweet potatoes,1993,43962,1530.0,8213.75,14.33
Indonesia,Potatoes,1996,11143,3021.7,8427.04,26.34
Guinea,Soybeans,2010,5679,1587.1,261.15,26.53
Kenya,Cassava,1994,62033,845.9,176.07,25.09
Romania,Soybeans,2000,6672,522.1,8207.16,11.11
Turkey,Potatoes,2003,156202,568.7,25573.89,12.86
Niger,Potatoes,1994,15301,324.4,53.53,27.72
Austria,Potatoes,2010,171065,1301.1,3361.59,10.21
Costa Rica,Yams,1993,20741,2826.8,570.82,23.47
Saudi Arabia,Cassava,1993,39226,64.4,1413.15,27.89
Haiti,Potatoes,2003,20985,1383.3,136.51,25.81
Senegal,Sorghum,2011,7331,813.0,368.97,25.53
Italy,Soybeans,2007,10082,852.6,42418.19,12.61
Myanmar,"Rice, paddy",1995,6500,2650.2,1243.13,24.75
Czech Republic,Sweet potatoes,2001,61319,804.9,1789.75,9.8
Guinea,Wheat,2009,5023,1307.0,257.5,24.8
Hungary,Wheat,1997,19579,549.9,7744.81,10.72
Venezuela,Maize,1994,14145,1836.6,6790.51,24.66
Romania,"Rice, paddy",1995,8004,588.7,6708.07,13.28
United States of America,Wheat,1998,20501,859.9,242222.81,10.63
Ethiopia,Maize,1995,19365,851.0,949.12,25.49
Paraguay,Maize,2013,44571,950.9,18770.53,23.89
Portugal,Potatoes,1997,161140,655.9,5235.11,12.74
Egypt,Soybeans,2006,15321,35.5,7310.4,22.69
Panama,Wheat,2012,2353,2420.3,2892.02,27.48
Peru,Maize,1991,19955,1442.2,4522.01,19.48
Jamaica,Wheat,2006,4513,1841.9,732.13,25.14
China,Yams,2001,28369,763.3,268044.24,12.23
Cameroon,Sweet potatoes,2013,25613,2033.5,468.08,23.56
Uruguay,Yams,1994,32836,1314.8,983.58,18.45
Guatemala,Potatoes,2005,9857,2182.2,2949.34,26.39
Costa Rica,Yams,2013,30008,2874.8,2687.16,26.19
Zimbabwe,Wheat,2008,14291,699.5,1569.16,22.41
"Tanzania, United Republic of",Sweet potatoes,2002,66348,1164.2,176.5,22.17
India,Maize,1994,32666,1163.2,26847.4,24.53
Hungary,Potatoes,2011,215315,677.2,6793.06,11.36
Argentina,Soybeans,1996,14855,636.9,112314.73,16.72
Thailand,Soybeans,2007,16478,1470.2,23531.89,24.78
Benin,Cassava,2008,53726,885.3,206.38,28.97
Bangladesh,Sweet potatoes,2000,27951,2203.7,4161.8,23.52
Chad,Maize,2010,16651,434.5,191.01,28.12
Philippines,Sorghum,1998,2899,2637.3,3641.35,28.67
Bolivia,Yams,2001,28932,1143.5,431.12,21.34
Denmark,Sweet potatoes,1991,39396,750.0,571.62,6.11
Indonesia,Sweet potatoes,1996,37834,2023.6,5858.68,25.68
Myanmar,Sorghum,2008,2671,1752.0,517.99,27.47
Myanmar,Cassava,1999,71599,1324.5,402.83,25.1
Benin,Sorghum,1998,4411,1274.6,110.31,26.92
Senegal,Plantains and others,2013,16348,575.9,471.38,27.45
Guinea,Soybeans,2011,5241,1672.6,347.13,28.67
Mali,Maize,1993,12211,353.8,279.43,27.59
Panama,Yams,2010,21303,2577.8,737.76,26.22
United States of America,Sorghum,2012,7634,718.7,167098.52,12.37
Brazil,Yams,2010,95675,1569.0,87541.67,25.47
El Salvador,Maize,1997,20481,1520.3,3444.05,26.31
Turkey,Wheat,2001,28688,408.1,28933.06,13.5
Bolivia,Potatoes,1997,83577,1224.5,1479.4,19.17
India,Plantains and others,2011,60612,1110.0,27587.35,24.57
Argentina,"Rice, paddy",2013,13122,658.5,228198.98,15.69
Guatemala,Wheat,2000,3385,2077.3,3768.92,24.65
Senegal,Maize,2006,22845,617.2,572.66,27.04
Rwanda,Yams,2013,20557,1003.9,99.33,20.67
Portugal,Plantains and others,2006,19645,809.7,4831.05,13.19
United States of America,Plantains and others,2010,21352,846.7,261203.06,11.37
Ghana,Soybeans,1992,9046,1436.7,1172.47,27.2
Angola,Wheat,2004,8877,1142.7,351.31,23.12
Ecuador,Cassava,1998,56129,2141.5,2138.02,24.92
Myanmar,Wheat,2013,2898,2858.3,1528.18,25.55
Morocco,Maize,2003,22433,334.0,6041.24,18.76
Cambodia,Wheat,1999,1327,1895.3,753.77,28.38
Cameroon,Cassava,1997,47947,1517.2,166.52,25.09
Chile,Maize,1997,16534,918.6,15929.79,14.48
Malaysia,"Rice, paddy",1994,11673,2554.1,24034.03,24.16
Hungary,"Rice, paddy",2005,14571,587.8,12650.49,9.82
"Tanzania, United Republic of",Wheat,2003,6491,1068.9,1172.93,25.83
Indonesia,Sweet potatoes,2001,40009,1977.1,0,25.21
Morocco,Wheat,2000,23097,413.4,5072.48,17.93
Bangladesh,"Rice, paddy",2013,16121,2286.9,14696.44,28.16
Brazil,Yams,2001,65445,1661.0,99106.99,22.93
Panama,Sorghum,1993,3473,3105.0,1070.81,26.64
Brazil,Yams,2000,44532,2128.4,10021.04,26.16
Ecuador,Cassava,1996,57235,1930.0,3188.55,21.92
Turkey,Cassava,2006,31642,499.5,15751.47,14.08
Bolivia,Cassava,1993,28048,995.9,375.97,19.7
Cuba,Yams,1994,52419,1175.8,650.57,27.52
Morocco,Soybeans,1999,10769,366.3,4195.88,17.9
Malawi,Potatoes,2007,63188,1108.1,326.68,23.21
Colombia,Cassava,1992,22488,2515.0,7697.51,22.11
Venezuela,Maize,2003,9346,2315.5,10824.57,26.31
Egypt,Plantains and others,2012,18728,59.8,6704.39,21.99
Spain,Potatoes,2009,271424,635.6,32774.88,14.06
Colombia,Potatoes,1997,17333,2622.8,15911.84,26.08
Thailand,Soybeans,1992,16598,1238.8,16005.0,26.09
Portugal,Maize,2009,20411,1037.1,6553.01,15.2
New Zealand,Potatoes,1996,52073,1963.3,1081.66,10.15
Thailand,Yams,1992,53071,1991.0,10552.28,27.37
Germany,Sorghum,2001,6485,554.5,13076.04,8.39
New Zealand,Potatoes,1993,156131,1571.0,1838.79,13.05
Guinea,"Rice, paddy",2013,22228,1591.9,444.26,27.96
Bolivia,Sweet potatoes,1991,58190,1156.5,433.89,19.21
Ivory Coast,Potatoes,2003,28167,1373.3,1607.63,28.78
Cuba,Plantains and others,2010,48114,1471.7,2540.89,27.28
"Congo, Democratic Republic of the",Sorghum,2013,2249,1603.4,160.76,24.11
Paraguay,Cassava,2011,94837,1533.8,7481.71,22.46
El Salvador,Sweet potatoes,2011,75100,1549.1,522.29,25.91
Saudi Arabia,"Rice, paddy",2010,12465,61.4,5624.6,27.76
Algeria,Maize,2011,17318,94.7,5451.5,20.73
Uzbekistan,Soybeans,2012,3842,190.8,6623.92,14.62
Austria,Potatoes,2005,72520,1289.2,2735.31,7.05
Haiti,Maize,1994,10887,1601.3,126.37,27.82
Iran,Cassava,2011,22751,138.7,7605.56,18.42
Iraq,Cassava,2007,35028,220.1,1294.53,22.91
Myanmar,Soybeans,2005,3303,2404.8,883.55,24.56
Mali,Sweet potatoes,1998,41851,393.6,57.65,28.49
Egypt,Soybeans,2011,16095,55.3,6391.61,22.1
Denmark,Sweet potatoes,2010,62996,756.5,1153.31,7.92
Dominican Republic,Soybeans,1992,9837,1387.4,1669.72,28.47
Guinea,Sorghum,2007,1861,1667.5,178.52,24.63
Bolivia,Sorghum,2012,4785,1225.5,1565.65,21.58
Spain,Maize,1998,19682,664.4,34501.85,15.76
Honduras,Yams,1994,15710,2223.5,743.05,23.93
Paraguay,Cassava,1993,67617,1525.2,4276.85,25.78
Egypt,Cassava,1992,17643,45.1,2478.13,21.11
Kazakhstan,Soybeans,1992,3382,230.4,1409.58,6.99
India,Maize,1995,30729,1408.6,24379.55,23.82
Burkina Faso,Wheat,2011,7819,666.5,647.18,25.43
Belgium,Plantains and others,2006,27521,773.1,3486.02,7.67
Afghanistan,Wheat,2009,9380,354.8,166.56,15.44
El Salvador,Plantains and others,1992,29787,1915.6,1700.29,24.42
Japan,Sorghum,2001,1623,1696.3,12384.51,14.9
"Tanzania, United Republic of","Rice, paddy",1999,14962,965.2,1543.65,21.82
Ghana,Sweet potatoes,1996,39742,1589.5,544.93,28.55
North Korea,Sweet potatoes,2010,20332,918.0,315.14,8.85
Philippines,Sorghum,1995,2834,2391.7,3017.75,29.16
Portugal,Maize,2007,14352,839.5,6866.74,13.78
France,Yams,2006,37233,722.5,20088.56,12.34
Cambodia,Wheat,2009,2786,1730.5,654.3,26.43
Angola,Sweet potatoes,1996,40458,1131.8,84.87,22.95
Uzbekistan,Cassava,2010,14052,215.5,2902.59,13.43
Mali,Potatoes,2008,25998,435.5,247.32,27.64
Greece,Yams,1991,24086,784.9,729.26,15.51
Venezuela,Sweet potatoes,2010,43295,1942.2,3613.92,24.45
Senegal,Sweet potatoes,2009,54512,606.8,189.38,27.84
Haiti,Maize,1997,12246,1607.0,125.21,25.29
El Salvador,Sweet potatoes,2000,80472,1278.8,417.44,24.12
South Africa,Plantains and others,2003,22962,554.5,6452.26,18.42
Guatemala,Plantains and others,2010,22921,2201.6,3038.63,21.57
Burkina Faso,Wheat,1992,2872,746.5,360.33,29.37
Egypt,Soybeans,2008,17518,44.6,8049.73,23.64
Brazil,Yams,1999,88647,1521.7,115838.8,23.9
Senegal,Sweet potatoes,2008,51639,605.9,240.09,28.07
Malawi,Sorghum,2007,4293,1164.8,242.25,23.08
Bolivia,Sweet potatoes,1997,68224,1454.8,224.46,24.6
Burundi,Soybeans,2006,7588,1141.9,72.41,20.35
Turkey,Soybeans,1998,6296,718.1,40262.41,14.28
Haiti,Maize,1992,16201,1160.3,98.73,25.22
Venezuela,Cassava,2010,82970,1015.1,4219.75,25.96
Chile,Sorghum,2006,5638,615.3,7272.53,14.92
Nicaragua,Yams,2008,12242,2583.6,621.11,23.55
Nicaragua,Plantains and others,1998,11675,2675.2,1039.73,25.83
Ecuador,Wheat,2007,7469,2336.7,5058.46,18.65
Indonesia,Sweet potatoes,1997,29634,2967.4,5281.01,28.29
Norway,Soybeans,1995,8595,861.9,629.91,4.93
Mexico,Sweet potatoes,2008,118444,603.3,8425.25,20.32
India,Maize,2007,36605,1299.5,39398.08,24.09
Paraguay,Sweet potatoes,1991,107097,1483.8,2888.25,24.47
Russia,Maize,1996,9943,427.1,17260.88,3.32
Sri Lanka,Wheat,1994,1848,2006.6,1731.62,28.25
Afghanistan,Wheat,2008,8505,364.5,156.88,14.85
Sudan,Yams,1995,23280,320.6,101.4,28.73
Bolivia,Soybeans,2000,10964,1088.7,1369.7,22.7
Pakistan,Potatoes,1997,92760,435.8,12256.66,23.8
El Salvador,"Rice, paddy",2004,27071,1694.9,3480.3,25.71
Uzbekistan,"Rice, paddy",2004,2810,223.6,8044.41,12.25
Afghanistan,Plantains and others,2007,1949,254.9,75.47,13.19
North Korea,Soybeans,2012,3568,1308.5,978.41,10.51
Hungary,Yams,2010,36240,655.4,3662.64,11.16
Mali,Sweet potatoes,2010,41674,301.6,169.16,28.04
Egypt,Plantains and others,1993,17272,44.5,4599.89,23.61
Algeria,Maize,1991,5507,86.4,2123.02,15.68
Bangladesh,"Rice, paddy",1996,17496,2173.6,12116.47,24.95
Myanmar,Cassava,2010,17764,2652.0,595.09,23.02
El Salvador,Cassava,1998,80155,1153.8,1144.71,27.09
Cameroon,Cassava,1990,45213,1876.6,199.17,24.61
Zimbabwe,Sorghum,1993,5147,516.9,682.4,20.76
Bolivia,Sorghum,2009,6382,1064.4,1224.22,23.83
Chile,Soybeans,2005,7566,800.8,13182.58,12.66
Canada,Sorghum,2000,6622,620.4,21304.04,8.08
Chad,Maize,1997,11226,286.9,162.1,25.44
Kenya,Maize,2000,22324,573.8,1938.53,23.01
Ecuador,Sorghum,1995,2607,2349.7,2312.24,21.28
Chad,Wheat,2008,2364,389.3,169.21,27.29
Netherlands,Soybeans,2001,10745,895.5,5336.92,9.87
Cambodia,Potatoes,1990,9958,2116.6,161.02,25.41
Malaysia,Sweet potatoes,1997,34576,2859.1,5030.99,24.34
Costa Rica,Sorghum,2013,4166,3207.7,4084.4,25.05
Austria,Wheat,1991,9910,1034.2,2399.85,7.24
Kenya,Sorghum,1991,6569,745.0,974.11,22.7
South Africa,Maize,2013,28472,532.0,16883.23,17.83
Portugal,Yams,1993,24138,890.8,1838.01,14.14
United States of America,Wheat,2009,32443,845.4,263235.39,11.89
Cuba,Plantains and others,1995,38311,1493.7,1370.26,26.49
Sri Lanka,Wheat,1999,6843,1576.3,2984.6,23.78
El Salvador,Yams,2001,42445,1753.6,968.8,26.29
Thailand,Soybeans,2000,8694,1818.0,25418.54,26.7
Israel,Potatoes,1992,245601,450.7,1092.48,20.45
El Salvador,Sorghum,1997,2872,1889.4,1066.71,24.23
Ukraine,Soybeans,2012,7015,478.1,12114.33,7.77
Spain,Sweet potatoes,2012,47606,492.8,13821.05,14.94
Costa Rica,Sweet potatoes,2005,37340,2358.5,2713.81,22.47
Venezuela,Soybeans,2005,4430,2068.2,13504.78,28.12
Chad,Maize,1990,8466,399.2,83.45,29.68
Peru,Wheat,1994,10109,1629.6,3049.0,20.82
Brazil,Plantains and others,2009,77075,1992.7,201848.92,27.01
Burundi,Sorghum,1990,2431,1331.0,30.96,19.9
Japan,Sweet potatoes,2000,49568,1871.8,13016.8,16.47
Hungary,Wheat,2009,17027,542.3,7199.44,9.79
Denmark,Sweet potatoes,2003,73741,836.5,911.11,9.99
Angola,Cassava,2010,41137,918.2,137.17,22.38
Panama,Cassava,2000,28754,2599.4,841.51,26.0
France,Maize,2010,23737,752.0,59422.84,15.09
Malaysia,Sweet potatoes,1993,30377,2415.1,5904.9,26.47
Algeria,Potatoes,2007,72951,100.3,3574.25,18.63
Argentina,Wheat,2001,28730,721.4,133226.63,15.41
Indonesia,Cassava,2006,81303,1932.4,7899.94,27.91
Jamaica,Maize,1990,6113,2229.4,523.56,23.9
Kenya,Wheat,2005,15091,765.2,1486.29,22.92
Togo,Potatoes,2013,34079,1373.5,201.47,25.52
Angola,Wheat,1992,8595,1215.1,349.96,21.82
North Korea,Soybeans,1999,3313,975.1,680.59,10.09
Afghanistan,Soybeans,2008,2599,265.0,176.12,15.37
Peru,Sorghum,2010,1009,1742.2,4314.27,16.93
Jamaica,Cassava,1991,21979,2280.7,202.25,25.89
Ghana,Soybeans,1998,14000,1035.4,1433.69,23.46
United States of America,Soybeans,1997,10511,674.9,311458.03,12.63
New Zealand,Potatoes,1994,45984,2039.6,1894.73,10.78
Malawi,Sweet potatoes,2010,54750,1270.6,75.52,27.86
Cuba,Maize,2006,27663,1029.6,3523.52,26.21
Norway,Sweet potatoes,2007,56297,1256.0,71.8,5.12
Peru,"Rice, paddy",2008,7863,1660.9,8296.61,18.19
India,Maize,2012,32093,1014.6,54534.13,24.86
United States of America,Yams,1995,38104,784.1,86688.91,12.1
Peru,Maize,2008,25521,1394.6,7927.63,20.7
Iraq,Cassava,1992,27169,245.8,1013.49,21.92
Chad,Soybeans,1998,4631,440.1,130.84,29.04
Morocco,Soybeans,2010,11722,348.6,8523.3,18.65
Uruguay,Yams,2008,30193,1224.4,4099.29,16.87
Netherlands,Sorghum,1994,6330,712.3,3843.59,9.75
Israel,Potatoes,2007,272803,436.0,2418.02,19.59
South Africa,Wheat,2009,32449,466.4,9952.78,17.51
Indonesia,Sweet potatoes,1999,33049,2059.3,8610.61,25.42
Malaysia,Cassava,2002,31967,2674.1,9344.87,26.64
Sudan,Yams,1990,13463,190.8,172.62,26.08
Philippines,Yams,2001,30494,2062.5,2506.18,24.22
Mali,Maize,2010,18390,439.2,440.73,27.88
Chile,Plantains and others,1998,9933,510.5,8522.5,14.32
Pakistan,"Rice, paddy",2010,18683,530.4,28239.96,23.75
Nicaragua,Yams,2002,16115,2343.9,483.58,27.14
Argentina,"Rice, paddy",1998,13821,678.9,170903.14,14.21
Myanmar,Cassava,2005,28133,2279.2,272.5,25.88
Poland,Sorghum,2001,5103,722.2,7188.47,9.0
Senegal,Yams,2009,35502,617.0,197.28,25.38
Argentina,Potatoes,2007,257028,556.9,138685.03,17.33
Italy,Wheat,2001,35448,878.7,30772.48,16.87
Russia,Sweet potatoes,1993,26141,574.1,3630.49,6.31
Ethiopia,Sorghum,1994,4858,775.4,304.51,21.25
Chile,Maize,1993,15906,589.6,12092.19,13.29
Argentina,Sorghum,2013,5773,605.7,109996.02,14.81
India,Cassava,2006,120100,1443.2,25215.04,27.89
South Africa,Wheat,2003,28557,430.9,9429.89,17.54
Panama,Cassava,2004,24065,2732.6,1125.27,29.74
Sudan,Wheat,2009,4075,255.9,1163.24,30.31
Iraq,Maize,1999,21935,228.8,2540.38,22.42
Italy,"Rice, paddy",2007,15996,823.1,68866.34,13.58
Madagascar,"Rice, paddy",2002,14604,1054.4,451.31,24.7
Portugal,Plantains and others,2001,23580,828.7,3577.51,18.13
Peru,Wheat,1992,11539,1584.8,2309.87,19.61
Netherlands,Sorghum,1995,7978,755.4,2919.37,9.83
Myanmar,Yams,2002,17047,2840.1,506.89,27.47
"Tanzania, United Republic of","Rice, paddy",2009,21195,896.0,2272.28,25.28
Morocco,Potatoes,1992,109595,282.3,3143.64,18.72
Iran,Sorghum,2005,5066,248.4,7700.94,18.59
Cambodia,Plantains and others,2003,36659,1738.0,312.38,26.84
Turkey,Plantains and others,1993,13314,659.4,18561.28,14.49
South Africa,Potatoes,1991,186036,531.6,6250.93,19.56
Belgium,Maize,2006,25115,911.8,5703.23,8.53
Kazakhstan,Sweet potatoes,1999,20342,186.4,896.48,3.94
Russia,Potatoes,1995,56239,530.1,19030.0,3.63
Dominican Republic,Plantains and others,1992,41267,1653.1,888.88,24.78
Iran,"Rice, paddy",1991,4143,243.8,7842.49,19.61
Norway,Soybeans,1996,6933,1353.6,660.5,4.4
Senegal,Sweet potatoes,2010,54247,759.5,164.81,28.52
Thailand,Cassava,2002,62891,2207.0,5552.45,25.44
Mexico,Cassava,2010,52035,775.3,14701.78,18.67
North Korea,Sweet potatoes,2003,18901,1124.9,248.88,11.35
Brazil,Maize,2010,42723,1643.4,305686.28,25.59
Dominican Republic,"Rice, paddy",2008,32783,1362.6,3331.57,25.63
Ukraine,Sorghum,1997,4123,570.2,4736.19,5.15
Philippines,Plantains and others,2001,25396,2467.0,4262.66,28.05
Mexico,Plantains and others,2002,20156,591.3,24907.46,19.27
Honduras,Plantains and others,1993,14708,2546.0,1194.41,23.41
Ecuador,Sorghum,2010,3119,2172.7,4930.91,21.22
Norway,Sweet potatoes,1996,37614,1562.6,240.14,3.36
Belgium,Soybeans,2005,11703,1010.5,4859.78,12.14
Uzbekistan,Maize,1995,6951,231.5,3292.9,13.16
Ethiopia,Maize,2004,18564,851.9,1852.11,23.71
Uruguay,Sorghum,1997,3725,1297.5,5171.72,16.86
Hungary,Yams,1991,28456,545.0,1448.53,11.38
Algeria,Plantains and others,1999,8002,97.9,1873.6,18.72
Cambodia,Wheat,2001,1440,1762.4,689.74,27.6
Chile,Plantains and others,1996,17129,803.9,6160.58,13.67
Indonesia,Sweet potatoes,2012,34986,2455.0,6937.0,29.02
Mexico,Potatoes,2003,194689,708.1,31269.32,18.97
Burundi,Potatoes,1998,58970,1229.3,34.88,19.0
Rwanda,Yams,2001,15233,1108.5,54.6,19.56
"Tanzania, United Republic of",Sweet potatoes,1991,45695,1237.5,559.29,26.99
Kenya,Yams,1999,31428,621.4,1115.09,23.01
Norway,Sweet potatoes,2011,59958,1386.3,378.33,5.23
Japan,Sweet potatoes,1996,21606,2056.9,9681.09,12.85
Nigeria,Maize,2007,23674,1090.8,2631.48,28.88
North Korea,Plantains and others,2013,10455,775.4,648.79,8.09
Israel,Yams,1994,30087,416.6,582.21,18.04
Thailand,Cassava,1992,79665,1839.3,6221.85,27.94
Mexico,Cassava,2009,121094,856.7,11372.59,21.42
Germany,Maize,2003,21062,538.7,23388.93,7.88
Rwanda,Yams,1995,15714,1569.6,98.65,19.9
Mali,Yams,2004,27682,295.2,149.92,27.54
New Zealand,Wheat,2003,10151,1940.5,3126.5,11.66
Chad,Maize,1992,13782,408.4,107.94,26.16
France,Soybeans,1991,10292,713.6,28126.6,12.46
Portugal,Potatoes,2007,234495,986.8,4544.75,12.44
Ghana,Sorghum,1991,7002,1161.0,575.31,26.46
Niger,Cassava,1990,18020,331.8,22.77,29.3
New Zealand,Potatoes,2008,100629,1523.5,3616.93,9.36
Bolivia,Yams,2013,29095,899.7,858.07,20.8
Colombia,Plantains and others,1991,27871,2471.3,9691.29,22.94
Norway,Soybeans,1998,7594,1381.6,582.77,3.49
South Africa,Potatoes,2003,201151,442.6,7468.1,17.32
South Korea,Maize,1999,18994,1063.8,18062.14,14.33
Ethiopia,Potatoes,1995,66473,493.9,765.65,19.96
Thailand,"Rice, paddy",1999,28926,1586.4,24205.13,26.78
"Tanzania, United Republic of","Rice, paddy",2011,17722,833.6,2566.44,24.02
Zimbabwe,"Rice, paddy",1994,12634,645.7,1334.13,22.8
Kazakhstan,Sorghum,2000,3390,247.3,1093.6,8.08
Bangladesh,Soybeans,2005,5005,2086.6,15244.95,23.29
Morocco,Cassava,1995,19514,344.2,1186.2,17.16
Nicaragua,"Rice, paddy",2009,20632,2035.9,2321.11,26.18
Guatemala,Yams,2000,38167,1556.7,1399.63,26.97
Morocco,Maize,2000,16149,371.2,5424.22,17.31
Togo,Potatoes,2010,38054,1192.2,233.75,25.16
Myanmar,Yams,1994,14913,2649.6,162.07,29.17
Italy,Maize,1992,17553,766.6,28203.2,14.39
Algeria,Maize,2004,18414,99.5,4386.89,19.91
Kenya,Wheat,2006,13390,554.4,1613.76,22.39
Burkina Faso,Wheat,1999,3378,830.9,535.64,29.35
Paraguay,Sweet potatoes,2000,109574,1287.7,3188.97,21.22
Angola,Wheat,1990,9637,1007.8,202.34,21.31
Morocco,Potatoes,1994,157496,368.1,3994.06,18.41
Brazil,Plantains and others,1996,60295,1680.2,130282.25,24.86
"Tanzania, United Republic of",Potatoes,2012,85432,825.8,1308.8,22.44
Ethiopia,Maize,2010,15280,919.5,1736.52,18.58
Burundi,Sorghum,2005,3660,1132.8,42.1,20.62
Philippines,Maize,2007,10492,1963.5,5611.57,25.48
Angola,Potatoes,2006,60356,868.7,300.14,23.83
Iran,Soybeans,2005,11610,245.5,10994.11,18.34
Bangladesh,Plantains and others,2003,33717,2247.1,8499.72,25.51
Indonesia,Cassava,2001,56159,2171.6,7153.44,27.76
Nigeria,Maize,2008,26763,1030.4,2781.89,26.18
Burkina Faso,Plantains and others,1995,12123,710.5,272.56,31.27
Denmark,Maize,2007,16526,762.2,3933.89,8.88
United Kingdom,Wheat,2009,13939,1396.0,21891.1,9.18
Ireland,Sweet potatoes,2004,62703,1206.3,922.49,9.55
Haiti,Potatoes,2006,28685,1405.7,130.84,25.09
Costa Rica,Plantains and others,2013,20705,3297.3,4074.94,25.51
Senegal,Plantains and others,2011,25865,746.8,280.44,25.06
Romania,Yams,2010,20711,493.2,1376.95,10.65
Malawi,Maize,1992,14302,1468.0,294.12,24.42
Kenya,Plantains and others,2001,18996,603.3,1770.2,22.28
Argentina,Sorghum,2005,6379,640.2,103460.06,15.22
Portugal,Potatoes,2001,195664,836.0,4038.43,16.36
"Tanzania, United Republic of",Sweet potatoes,2007,52060,1214.1,887.22,26.04
Haiti,Soybeans,1996,5139,1652.8,111.08,27.26
Ecuador,Soybeans,2005,8219,1782.1,8959.16,21.34
Zimbabwe,"Rice, paddy",2012,8923,673.2,2561.12,20.05
Finland,Soybeans,2002,8570,552.9,1391.64,4.55
Malaysia,"Rice, paddy",2004,13004,2605.7,28576.28,26.93
North Korea,"Rice, paddy",2010,6550,985.6,1159.44,10.03
France,Maize,1991,16821,791.1,47412.75,11.26
Morocco,"Rice, paddy",2009,4280,300.9,9470.91,17.93
Belgium,Yams,2005,37403,814.3,2361.97,10.17
Iran,Yams,2010,14632,246.7,4137.29,16.46
Thailand,Sorghum,2001,7483,1540.7,12283.95,27.59
Morocco,Yams,1998,14722,372.8,3692.0,18.74
Zimbabwe,Wheat,2002,13506,704.4,1223.98,23.08
Colombia,Plantains and others,2001,26893,2478.9,10406.72,25.51
Colombia,Cassava,2009,28066,2630.0,13179.76,23.86
Afghanistan,Yams,2009,5963,286.1,54.12,16.94
Senegal,Plantains and others,1994,19692,727.7,240.53,27.84
Canada,Sorghum,1991,6060,616.9,23302.45,4.89
Russia,Wheat,1992,6316,408.1,13475.0,5.13
Haiti,Yams,2001,29724,1380.2,34.57,27.27
Guinea,Wheat,2006,4082,1137.7,307.98,26.4
South Korea,"Rice, paddy",1997,16737,1100.3,19051.76,13.7
Hungary,Yams,2008,26503,564.4,2378.07,11.95
Turkey,Plantains and others,2003,13220,758.6,28925.29,13.3
Kenya,Potatoes,1991,69804,640.5,753.57,24.63
Iran,Cassava,1990,33612,209.4,1123.82,20.81
Mali,"Rice, paddy",2013,8526,374.6,591.05,26.86
India,Maize,2002,29126,1360.3,40376.61,27.09
Belgium,Plantains and others,2012,17366,533.5,4367.05,8.07
Turkey,Soybeans,1991,6518,562.9,23115.0,13.87
Haiti,Maize,1996,12190,1453.3,73.09,26.41
Hungary,Sorghum,1994,4875,635.9,1692.85,11.17
Nigeria,Potatoes,2012,47729,1245.0,2102.92,25.07
Sri Lanka,Sorghum,2004,2702,1735.9,1266.14,25.06
Brazil,Yams,1998,54081,1573.2,122218.11,24.54
Mexico,Plantains and others,1999,44730,766.4,14381.12,21.86
Finland,Sweet potatoes,2002,50035,508.0,593.52,4.11
Japan,Soybeans,1990,3817,1821.2,28535.86,12.35
Kazakhstan,Potatoes,2009,45251,281.1,2439.81,3.35
Hungary,Sweet potatoes,2004,57450,764.3,4283.9,9.61
Chad,Wheat,2004,3130,416.5,139.81,28.47
India,Maize,1998,24356,904.3,34020.72,25.42
Mali,Potatoes,2006,25916,397.8,312.72,28.75
Honduras,Maize,2011,9436,2031.0,2737.83,23.31
New Zealand,Cassava,1992,46027,1674.0,776.45,11.43
Sudan,Yams,2010,17361,232.5,626.72,23.56
Haiti,Potatoes,1992,19260,1323.2,111.99,27.78
Honduras,Sweet potatoes,2011,48993,1683.2,1177.09,25.07
Egypt,Cassava,2001,33168,44.7,2424.36,23.63
Guatemala,Yams,1994,34816,1848.6,485.54,24.3
Burkina Faso,Soybeans,2013,9278,630.8,623.96,27.02
Cameroon,Sweet potatoes,2006,69628,1233.8,274.04,23.96
Portugal,Yams,2010,25686,776.3,2293.92,14.77
Jamaica,Wheat,1997,2679,2521.7,544.79,26.17
Sudan,"Rice, paddy",1999,5166,251.2,1327.79,30.09
Afghanistan,Yams,1994,5260,218.3,45.23,14.91
Indonesia,Soybeans,2001,4974,2112.5,10036.07,26.48
Nicaragua,Sorghum,2010,2357,2307.8,974.24,26.1
Czech Republic,Wheat,1990,10882,778.2,2941.57,7.83
Mozambique,Plantains and others,1998,21989,994.7,305.1,25.08
Ireland,Yams,2011,45278,1185.6,1292.96,9.99
Burundi,Yams,1996,12084,1059.2,38.13,19.35
Uzbekistan,Cassava,1998,10646,257.6,1507.3,12.78
Myanmar,Sorghum,1998,1927,2540.0,379.63,25.91
Turkey,Sorghum,2013,4285,829.6,19736.62,16.3
Cameroon,Sweet potatoes,2003,41461,1643.1,595.86,24.94
Czech Republic,Sorghum,1991,5244,699.6,3251.39,11.85
Uzbekistan,Maize,2002,6426,132.4,5106.87,13.83
Benin,Sweet potatoes,2012,40283,863.1,72.92,29.0
Egypt,Soybeans,2005,14047,49.8,6441.61,21.04
Togo,Soybeans,2013,9216,1011.4,216.68,28.05
Algeria,Plantains and others,1993,7353,80.0,1198.75,20.32
Nicaragua,Sorghum,2002,2901,2344.3,958.26,27.95
Panama,Potatoes,2008,15658,2948.5,1928.68,27.37
Jamaica,Maize,2006,8711,2413.1,707.51,24.9
South Korea,Soybeans,2006,9179,1260.4,19226.36,11.84
Ghana,Cassava,1990,72260,950.8,400.15,26.99
Jamaica,Sweet potatoes,1999,22121,1914.6,356.45,29.77
Senegal,Sweet potatoes,1990,45810,831.0,56.98,27.7
Brazil,Maize,2005,26749,1777.6,265381.14,23.99
Austria,Wheat,2001,13380,871.1,3172.01,6.29
"Congo, Democratic Republic of the",Cassava,2005,33593,1390.5,151.84,23.1
China,Potatoes,1992,213038,684.5,744183.54,13.39
Bangladesh,Plantains and others,1999,27139,2138.3,5522.37,26.43
Turkey,Wheat,1996,23358,615.2,40962.57,13.7
"Tanzania, United Republic of",Potatoes,1996,58191,896.2,834.91,24.46
El Salvador,Plantains and others,2010,43174,1478.6,1684.92,24.15
Cambodia,Soybeans,2007,5401,1753.9,721.26,27.62
Canada,Soybeans,2000,10458,489.7,53444.61,4.72
Uruguay,Yams,2005,35932,932.8,4563.8,17.53
Finland,Soybeans,2009,11117,542.2,1410.39,3.87
Guatemala,Yams,1990,47907,1406.6,2115.38,26.07
Laos,"Rice, paddy",1994,15976,1326.3,319.0,25.74
United States of America,Plantains and others,1996,19017,729.0,157891.63,14.71
Uzbekistan,Maize,1991,6413,197.9,4462.09,13.57
Hungary,Sorghum,1990,3382,529.6,1944.19,8.98
Senegal,Yams,2011,49187,835.2,153.42,28.38
Japan,Soybeans,2001,4648,1884.3,39713.93,13.75
Netherlands,Wheat,2000,39330,898.7,5546.41,11.6
Nepal,Soybeans,2000,3255,1551.1,133.39,17.67
Russia,Potatoes,2013,66649,365.0,20381.28,6.0
Mali,Maize,1991,14480,356.5,338.92,27.76
Jamaica,Maize,2012,26861,1566.7,1101.52,25.19
"Tanzania, United Republic of","Rice, paddy",1998,20002,862.4,1664.98,28.11
Mali,Wheat,1992,3022,451.7,105.21,28.35
"Congo, Democratic Republic of the",Soybeans,2005,5302,1409.0,206.35,25.15
Mexico,Wheat,2005,30320,783.3,31619.95,20.16
"Congo, Democratic Republic of the",Sorghum,1999,1795,1714.7,123.08,25.96
India,Maize,1996,33292,1035.5,32382.88,25.56
Ethiopia,Cassava,2006,41670,828.6,865.6,21.23
El Salvador,Potatoes,1993,22351,1827.6,2144.97,23.55
Bangladesh,"Rice, paddy",1990,6914,2515.5,11402.03,27.72
Mali,Yams,2013,28405,468.8,223.43,29.97
North Korea,Soybeans,2008,3685,926.5,690.45,10.78
Panama,Wheat,2011,2254,3385.0,2464.8,27.42
Israel,Potatoes,1990,232390,552.8,1018.4,22.77
Burkina Faso,Maize,2009,15249,642.0,787.29,28.82
El Salvador,Potatoes,2003,46997,1560.8,2382.78,24.73
Thailand,"Rice, paddy",2004,38082,1675.6,29690.94,24.93
Argentina,Maize,2002,28906,603.1,175378.49,17.18
Afghanistan,Soybeans,2007,4145,382.3,158.47,16.5
Guatemala,Soybeans,1995,3404,2275.2,2389.28,24.15
Indonesia,Plantains and others,1999,42037,2166.8,9535.01,26.62
India,"Rice, paddy",2004,22410,1170.1,43230.34,21.96
Turkey,Potatoes,1995,150201,686.6,23215.42,13.58
China,Sorghum,2004,6279,590.8,552768.55,14.33
Myanmar,Soybeans,2010,4556,2374.2,1133.64,24.24
"Tanzania, United Republic of",Wheat,1997,12024,924.6,847.79,21.66
Algeria,Potatoes,2008,126328,85.1,2771.14,18.31
Cameroon,Sorghum,1996,2415,1654.6,533.3,27.85
Belgium,Soybeans,1995,10987,1015.5,4240.46,8.28
Bangladesh,Sweet potatoes,2007,30605,2331.7,5148.16,25.14
Philippines,Sorghum,1999,3230,1957.1,2644.74,27.24
Bangladesh,Sweet potatoes,1993,20022,2040.1,2021.87,28.1
Panama,Sorghum,1997,3142,2655.3,1098.99,26.9
El Salvador,Sorghum,2004,2337,1757.8,1932.55,27.38
Hungary,Sorghum,2006,5897,560.1,5269.0,10.68
Australia,"Rice, paddy",2004,24876,411.9,55546.84,22.29
Indonesia,Sorghum,2002,3334,2906.9,10525.28,29.21
Morocco,Cassava,2011,20901,383.1,2810.83,17.64
Brazil,Plantains and others,2008,57872,2124.6,247069.29,25.63
Italy,Sorghum,2008,7006,865.3,32796.05,11.49
Guinea,Maize,1995,12428,1403.6,267.11,26.52
Chad,Plantains and others,2012,12864,526.2,115.95,27.77
Mali,Cassava,2006,31557,382.0,69.81,27.33
Colombia,Cassava,2013,32869,2940.4,6425.44,24.53
China,Yams,2005,32941,855.2,428498.87,13.26
Guatemala,Wheat,2009,4786,2010.3,3845.81,22.85
Burundi,Yams,2005,14864,1278.7,34.43,19.98
Ireland,Yams,1995,38035,1447.2,468.1,10.21
Panama,Yams,2011,19254,2798.4,1099.48,27.86
Cameroon,Soybeans,2008,7506,1505.2,1385.22,26.19
Bolivia,Soybeans,1997,11024,1173.5,1811.76,22.71
Colombia,Soybeans,2012,8439,2754.9,27936.88,25.48
South Korea,Wheat,2004,36768,1117.5,19740.74,13.8
Peru,Plantains and others,2004,13575,1827.2,4480.89,15.54
China,Yams,2004,34445,719.9,0,13.91
Morocco,Maize,1996,21990,443.6,4202.3,17.78
"Congo, Democratic Republic of the",Wheat,2006,1000,1935.0,204.11,27.4
Sri Lanka,Sorghum,2000,2622,1783.0,1487.91,27.4
Germany,Wheat,2012,34288,682.2,31394.16,11.16
"Tanzania, United Republic of",Wheat,1994,9536,1258.8,725.17,23.78
Ireland,Wheat,1997,20583,1297.1,1927.16,10.99
Guatemala,Cassava,1993,15896,2748.6,1300.85,22.89
Mexico,"Rice, paddy",2012,27800,828.9,59805.41,22.72
Niger,Maize,2011,12182,193.0,309.8,27.66
Belgium,"Rice, paddy",1990,16333,782.9,4819.46,10.27
Uzbekistan,Maize,2010,7255,218.2,7745.97,13.62
Chad,"Rice, paddy",2009,6641,432.5,204.47,30.25
Cameroon,Cassava,2009,65835,939.7,607.26,27.39
Kenya,Potatoes,1992,85069,691.2,1433.7,22.12
Costa Rica,Plantains and others,2012,20369,2967.8,5276.9,23.72
Rwanda,Soybeans,2013,9289,1326.7,290.17,22.15
Mozambique,Soybeans,2009,8404,1099.3,655.24,23.76
Norway,Sweet potatoes,1993,43508,1252.8,98.56,2.89
Italy,Soybeans,2001,10862,697.9,28429.19,15.03
North Korea,Plantains and others,2008,9642,1091.5,577.44,10.68
Japan,Sorghum,2004,6459,1196.9,30406.59,14.49
Ireland,Maize,2008,17816,1459.1,2895.99,11.07
Egypt,Maize,1994,29878,59.6,7392.4,25.19
Uganda,Soybeans,1994,10825,967.3,265.95,24.36
"Congo, Democratic Republic of the",Wheat,2010,3165,1664.9,271.1,23.39
Myanmar,Yams,2008,16516,2328.2,356.68,25.94
Ireland,Sweet potatoes,2006,58354,1309.7,650.77,9.95
Ecuador,Yams,2011,19268,2246.2,4763.94,21.52
South Korea,Wheat,1997,25213,1174.2,15590.87,14.61
Thailand,Wheat,2013,3168,1954.6,22223.43,28.92
Greece,Cassava,1993,22971,482.6,3687.07,15.3
Colombia,Yams,2004,49235,1929.7,5513.29,22.66
France,Cassava,2001,52346,718.9,23691.04,12.68
Morocco,Yams,2010,17509,443.5,3306.39,18.07
"Tanzania, United Republic of",Plantains and others,2006,34597,1056.3,1154.58,26.69
Egypt,Soybeans,2003,19508,52.5,4474.94,25.36
Iraq,Sorghum,2004,6458,248.1,1246.77,21.25
Cambodia,Wheat,2006,3838,1596.8,736.41,26.29
Iran,Soybeans,2007,12776,271.2,13977.28,19.53
Italy,Soybeans,2005,10337,747.5,46753.2,13.35
Haiti,Potatoes,1999,22486,1399.8,79.2,25.72
Germany,Sorghum,1993,5683,777.6,12746.3,8.74
Bolivia,Yams,2006,35807,1307.7,1137.68,21.77
Bangladesh,Sorghum,2008,3019,2832.9,6428.93,26.01
Pakistan,"Rice, paddy",1993,21823,592.1,17907.42,24.79
Malawi,Maize,2004,18060,1278.5,334.75,22.07
Senegal,Maize,2002,17247,650.9,479.8,27.65
Madagascar,Cassava,1996,37000,1873.8,128.51,26.16
Honduras,Sweet potatoes,1990,20880,1815.5,128.31,27.2
Bangladesh,Sorghum,1992,2719,2595.6,6392.47,28.2
Uruguay,Yams,1997,22337,1508.2,1385.28,17.91
Italy,Sorghum,2013,7316,907.5,26832.32,14.73
Argentina,Soybeans,2003,8189,661.0,146297.07,14.06
Togo,Plantains and others,2008,25372,1256.0,176.53,25.45
Sierra Leone,Wheat,1997,1000,3068.7,108.32,29.07
Myanmar,Wheat,2007,2335,2048.1,1078.72,26.31
Costa Rica,Yams,2001,27170,3425.0,3499.92,25.78
Ghana,Soybeans,2009,14929,1067.5,1736.82,26.18
Nigeria,Sorghum,2012,5759,1185.8,1390.66,28.32
Italy,Soybeans,2013,12924,623.0,56889.63,14.72
Canada,Soybeans,2001,7973,621.2,49125.26,4.0
Togo,Cassava,2011,48304,1232.1,54.38,28.18
Morocco,Plantains and others,1991,7489,362.1,3732.12,17.88
Nigeria,Maize,1996,23599,957.8,1311.73,26.56
Hungary,Potatoes,2004,119439,526.4,7710.4,10.43
Panama,Sweet potatoes,2013,28867,2992.1,1299.48,25.14
Hungary,Sorghum,2001,6431,558.2,3998.99,10.63
Laos,Soybeans,1994,2770,1965.1,210.62,24.53
Colombia,Potatoes,2008,23290,2374.5,26139.84,25.15
South Korea,Wheat,2001,20497,1357.2,15007.86,11.34
Madagascar,Soybeans,2002,5751,1327.2,257.62,25.54
Algeria,Sorghum,1996,4261,90.2,872.78,19.04
Mexico,Sweet potatoes,2002,123369,758.7,2413.38,20.87
Iran,Yams,1995,10879,165.7,3482.19,16.4
Panama,Sweet potatoes,1998,27696,2669.0,514.51,27.07
Chile,Plantains and others,2012,15370,646.9,9279.62,15.12
Nigeria,Plantains and others,1990,25534,1051.3,1323.76,25.26
Rwanda,Maize,2005,6341,1305.0,255.68,16.28
Guatemala,Sorghum,2003,2270,1992.6,1789.65,26.48
"Tanzania, United Republic of",Potatoes,1999,41410,936.4,806.95,25.7
Panama,"Rice, paddy",2000,8935,2795.3,2941.85,26.09
Afghanistan,Soybeans,2009,3502,409.9,141.13,15.57
El Salvador,Potatoes,2011,12633,1954.5,3468.83,25.97
Netherlands,Plantains and others,2009,26583,838.1,5908.95,8.12
Netherlands,Potatoes,2002,259017,801.2,5456.99,10.12
Czech Republic,Potatoes,1999,162296,799.9,2554.47,10.04
Portugal,Plantains and others,2002,13840,676.2,4288.22,15.62
Netherlands,Soybeans,2011,13428,781.9,8167.73,8.38
Burundi,"Rice, paddy",1994,9105,1633.2,77.8,21.17
Jamaica,Maize,1994,7727,2468.2,660.95,25.73
Pakistan,"Rice, paddy",2007,19469,587.2,27901.3,24.22
"Congo, Democratic Republic of the",Sweet potatoes,2000,47537,1364.2,15.23,25.66
Madagascar,Plantains and others,1999,27531,1346.0,133.9,24.04
Cameroon,Sweet potatoes,2002,50991,1719.0,420.14,24.75
Afghanistan,Plantains and others,2008,2736,362.3,116.25,15.11
El Salvador,Maize,2000,8738,2088.9,3114.96,26.41
Cuba,Soybeans,2002,11213,1038.5,2357.94,27.13
North Korea,"Rice, paddy",2004,6107,832.7,1051.19,8.09
Russia,Wheat,1994,7680,434.1,9615.2,0.78
Malaysia,Plantains and others,2008,22004,2716.6,14123.38,25.48
Thailand,Wheat,2009,3130,1866.3,15633.69,27.31
Madagascar,Cassava,1993,39048,1376.0,127.57,25.16
Ivory Coast,Sweet potatoes,2013,64438,1272.0,1011.98,27.26
Denmark,Sweet potatoes,1998,63422,667.2,816.68,8.21
El Salvador,Yams,1992,18785,2007.6,623.6,21.24
Algeria,Plantains and others,1995,6012,85.8,1643.5,19.81
Poland,Potatoes,2013,157996,528.8,13058.99,9.46
Venezuela,Plantains and others,2003,47817,1941.9,6530.78,24.76
Germany,Sorghum,2006,8671,641.0,16594.15,8.78
Argentina,Sorghum,2000,5164,567.7,69531.04,13.41
Afghanistan,Wheat,2005,10065,237.7,138.88,17.01
China,Soybeans,1996,8509,773.9,842666.6,14.08
Finland,Soybeans,2004,10432,599.2,1679.19,1.55
Venezuela,Yams,2007,50455,1745.0,5789.66,27.03
Thailand,Potatoes,2005,35417,1811.1,20765.6,26.0
Russia,Sweet potatoes,2003,33403,450.5,6023.77,4.57
Indonesia,Soybeans,2000,6395,2167.6,14378.45,26.35
Dominican Republic,Sorghum,2002,2597,1690.9,846.67,29.12
Brazil,Sorghum,1991,5177,1968.4,105808.76,24.63
Peru,"Rice, paddy",2004,16786,1459.8,7189.75,19.83
North Korea,Plantains and others,2001,7748,963.8,411.4,12.04
Zimbabwe,Maize,1995,20790,641.2,1502.26,19.68
Myanmar,Soybeans,1991,2741,2521.1,703.55,26.19
Kazakhstan,Potatoes,2001,35331,218.1,1569.94,7.29
South Africa,Wheat,2002,28356,317.3,9746.62,20.97
Guinea,Sorghum,2008,4559,1371.4,188.41,25.71
Malaysia,Plantains and others,1998,20651,3695.4,12989.88,25.86
Nepal,Sweet potatoes,1994,40195,1400.6,24.64,18.09
Argentina,Maize,1997,21037,646.0,140505.67,16.58
Angola,Cassava,2011,34120,903.9,170.24,21.08
"Congo, Democratic Republic of the",Soybeans,2008,6381,1474.9,166.5,25.19
Bangladesh,"Rice, paddy",2010,20391,2106.9,17671.62,23.99
Benin,Sweet potatoes,2006,54143,1116.5,236.28,26.56
Austria,Soybeans,1994,7342,1311.6,2078.95,9.34
Chad,Wheat,1994,2796,361.7,86.71,26.97
Myanmar,"Rice, paddy",2012,11281,2439.7,1564.24,26.26
Senegal,Sorghum,1996,5852,756.8,181.68,24.76
"Congo, Democratic Republic of the",Maize,2013,16785,1122.4,291.04,25.76
Ethiopia,Plantains and others,1994,18551,777.7,589.6,22.06
Pakistan,"Rice, paddy",2005,17839,620.7,22538.16,22.79
Togo,"Rice, paddy",1998,16101,1099.2,251.55,26.21
Iran,Sorghum,1998,3215,149.8,5769.17,15.74
Togo,Potatoes,2006,20681,1398.1,142.51,28.36
Hungary,Wheat,2003,12972,629.3,9140.43,8.94
Bolivia,Sweet potatoes,2007,68649,1392.3,1138.53,25.37
El Salvador,Sweet potatoes,2013,88108,1175.6,1203.43,24.8
Zambia,Plantains and others,1999,25239,1226.4,302.07,22.5
Nicaragua,Yams,1999,13639,2583.1,459.94,27.69
Bangladesh,Plantains and others,2012,50475,1924.6,7300.18,26.33
Hungary,Wheat,2011,24829,544.2,10463.26,10.89
Israel,Sweet potatoes,2004,175131,375.6,568.58,22.7
Mali,Plantains and others,1991,5276,371.4,171.42,28.96
"Tanzania, United Republic of",Potatoes,1992,54621,1276.4,991.73,22.29
Norway,Sweet potatoes,1990,36292,1416.6,0,3.89
Iran,Cassava,1994,13160,255.6,3387.06,16.57
North Korea,Plantains and others,1997,12545,1131.6,390.11,10.65
Brazil,Sorghum,2012,4856,2157.1,182681.27,25.96
"Congo, Democratic Republic of the",Sweet potatoes,2004,32172,1681.6,38.26,26.18
Nepal,Soybeans,2005,7060,1325.8,129.39,18.78
"Congo, Democratic Republic of the",Soybeans,2003,5277,1434.0,243.3,25.47
Burkina Faso,Sorghum,1997,4144,772.6,246.67,30.25
South Africa,Maize,1994,28601,620.3,7321.76,17.72
Guatemala,Plantains and others,2013,48779,1514.5,2936.33,28.18
Guinea,Maize,2006,10962,1750.9,357.08,26.67
Iraq,Sweet potatoes,1990,36849,199.8,561.98,23.45
Egypt,Cassava,1997,27063,56.0,1130.79,22.07
Morocco,"Rice, paddy",2001,3934,242.6,8449.71,17.05
Cuba,Plantains and others,1991,42118,1296.8,1541.26,27.39
Ghana,Plantains and others,1991,40838,1050.4,893.44,25.31
Myanmar,Yams,2006,12413,2552.6,280.9,26.09
Angola,Cassava,1997,39171,1113.5,167.73,23.73
New Zealand,Cassava,2004,55101,1771.0,1751.45,14.15
Hungary,Yams,1992,26794,646.3,2073.91,11.92
South Korea,"Rice, paddy",2000,20535,1203.0,22223.41,13.6
Costa Rica,Soybeans,2007,7630,3633.5,7701.84,24.27
South Africa,Cassava,2009,45616,482.5,7945.12,18.93
Costa Rica,Sweet potatoes,2000,27894,2696.0,2376.83,23.47
Cameroon,Soybeans,1990,5184,1787.7,920.67,24.39
Mexico,Wheat,1995,24376,703.9,16276.97,21.63
Argentina,Maize,1991,18989,478.3,109966.51,16.42
Ghana,Cassava,2003,85877,1246.0,399.4,26.35
Cambodia,Cassava,2000,37439,1860.4,345.05,28.89
Burundi,Maize,2007,13751,1256.6,80.04,19.77
Iraq,Maize,2008,20938,177.9,2979.4,22.59
Malaysia,Sorghum,1997,4060,2788.2,14657.06,27.28
Ireland,Potatoes,1994,128741,1303.9,1199.5,10.04
Cuba,Cassava,1993,51547,933.5,1339.04,24.94
China,Potatoes,2001,232382,627.6,1236801.11,13.78
China,Potatoes,2011,306061,619.4,1012609.96,13.77
Angola,Soybeans,1993,5615,1056.7,280.69,23.36
Ecuador,Cassava,1994,35617,1889.6,2623.44,21.39
Romania,Soybeans,2003,6258,678.7,6772.48,11.4
Uzbekistan,"Rice, paddy",1996,2529,225.6,6864.61,15.2
Chile,"Rice, paddy",2012,14168,641.4,24588.75,14.13
Venezuela,Maize,1996,13595,1778.0,9070.28,28.69
"Congo, Democratic Republic of the",Cassava,2000,39062,1770.8,82.82,25.98
Jamaica,"Rice, paddy",2006,26548,1628.5,1103.79,27.54
Argentina,Soybeans,2000,18073,443.6,171306.98,16.37
Malaysia,Plantains and others,2012,21581,2876.3,21140.39,27.71
Bolivia,"Rice, paddy",2012,20590,1145.4,3797.5,23.3
South Korea,Soybeans,1999,6907,1439.4,15602.97,12.91
Malaysia,Sorghum,1990,4504,3278.8,4555.08,28.5
North Korea,"Rice, paddy",1999,6800,1001.9,789.64,7.64
Japan,Sorghum,2012,2922,1781.5,27675.45,14.42
Mexico,"Rice, paddy",2011,23270,739.5,56047.57,21.26
Angola,Cassava,2009,43084,1232.4,214.62,22.21
Ghana,Yams,2001,58414,1218.2,522.6,30.36
Guatemala,Soybeans,2001,4517,2287.1,2986.07,23.07
Thailand,Wheat,2000,10455,1437.4,19071.55,26.35
Rwanda,Soybeans,1991,5965,1427.1,97.16,18.18
Nigeria,Sorghum,2001,7543,992.9,1274.05,27.39
Thailand,Yams,2007,69405,1735.3,10850.53,25.01
Rwanda,Yams,1993,10327,1226.0,29.43,15.69
Turkey,Plantains and others,1990,11844,769.9,17534.91,14.37
Israel,Soybeans,2000,25552,508.4,2394.31,19.33
Afghanistan,Sweet potatoes,1990,14189,258.8,0,15.75
Mozambique,Potatoes,1999,24566,1011.5,249.97,27.77
Guinea,Yams,1998,11063,2206.4,81.61,24.91
Ghana,Sorghum,1994,6566,1060.9,446.37,26.14
Iraq,Cassava,1994,25802,134.8,429.5,21.82
Malawi,Sorghum,2004,3427,1349.4,170.24,20.91
Iraq,Yams,2008,29031,258.8,1290.86,23.75
Guatemala,Wheat,1999,8158,1560.3,2079.15,23.8
Morocco,Maize,1995,22027,297.0,5405.36,18.8
Belgium,"Rice, paddy",2012,23078,924.0,8917.69,9.96
Burundi,"Rice, paddy",2004,12990,1406.7,108.42,21.55
Angola,"Rice, paddy",1996,14036,919.2,333.81,24.13
United States of America,Wheat,2001,32254,814.5,211442.32,12.97
Israel,Soybeans,1995,25078,455.8,2271.66,20.04
France,Wheat,2011,27695,681.3,51819.01,10.28
South Africa,Maize,2000,26254,538.0,11785.95,17.35
Paraguay,Plantains and others,2002,56212,1069.6,6627.4,25.21
Israel,Cassava,1996,62906,402.8,1789.7,19.98
Senegal,Cassava,2012,47093,583.1,256.35,28.59
Bangladesh,"Rice, paddy",1992,15188,2290.8,10044.62,23.98
Chad,Maize,1994,13101,454.5,148.8,27.93
Paraguay,Plantains and others,2003,52647,1175.5,6927.66,24.26
Cambodia,Sorghum,2005,5005,1379.5,424.66,27.34
Vietnam,Sorghum,1999,3606,2300.2,14573.89,27.09
Iraq,Sweet potatoes,1991,45943,145.1,418.5,20.59
South Africa,Sweet potatoes,2002,123974,541.1,2633.69,21.69
Nicaragua,Maize,2012,7508,2296.1,2036.23,27.04
Senegal,Maize,2004,19718,730.3,598.42,26.59
Portugal,Potatoes,2002,210314,775.4,4750.27,18.35
Iraq,Sweet potatoes,2001,58163,235.4,1443.41,20.94
Netherlands,Cassava,1995,56655,793.9,2048.21,9.9
Israel,Yams,2002,67377,508.2,1135.82,20.73
Chile,Soybeans,2006,7448,765.7,15915.61,10.6
Netherlands,Cassava,2003,64428,881.3,3910.13,11.43
Colombia,Plantains and others,2008,16201,3048.1,27835.65,25.04
Panama,Sorghum,2011,2808,3263.8,965.79,27.88
Belgium,Soybeans,2009,12999,833.6,5236.39,6.19
Zambia,Plantains and others,1996,21121,927.0,322.32,20.49
Portugal,Yams,2012,30858,934.5,2606.59,13.94
Guatemala,Soybeans,1992,4069,2098.9,2445.14,24.14
Bolivia,Sorghum,1991,6262,603.5,586.18,22.07
Ecuador,Wheat,2012,8953,1743.8,8469.54,21.39
Iraq,Sweet potatoes,1997,40365,185.5,0,23.52
Canada,Sorghum,2011,7151,489.2,50510.13,4.64
China,Sorghum,2008,7856,554.0,659951.32,18.09
Austria,Wheat,2009,13259,1045.0,4170.78,6.52
Greece,Yams,1990,21929,499.5,3130.69,18.51
Argentina,Soybeans,2002,7985,642.1,129012.08,13.77
Morocco,Yams,2005,17567,348.2,1563.88,17.95
Algeria,Plantains and others,2009,7671,68.5,3231.91,18.65
Pakistan,Plantains and others,2002,20821,464.4,12043.51,25.56
Pakistan,"Rice, paddy",2012,15343,542.2,26728.04,23.43
Iraq,Sweet potatoes,2010,69911,179.9,1101.24,23.13
Rwanda,Soybeans,1995,7068,939.0,145.03,20.55
Kenya,Wheat,2013,16401,340.3,2054.32,22.86
Burkina Faso,Maize,1999,13360,880.5,557.69,30.8
Morocco,Soybeans,1998,8600,402.8,4287.1,16.97
Indonesia,Sweet potatoes,1991,23188,2414.8,6471.08,28.86
Ghana,Yams,2005,51556,1343.9,813.5,27.12
South Korea,"Rice, paddy",2003,16593,1624.6,20675.83,13.63
Algeria,Potatoes,2000,102993,67.1,3277.22,15.25
Sierra Leone,Soybeans,1997,2128,2069.8,109.57,26.46
Ecuador,Maize,1997,12559,1888.9,6632.67,24.0
Ireland,Sorghum,2010,5377,1218.1,1778.43,10.9
India,Plantains and others,1991,29018,1223.8,15131.69,22.86
Nicaragua,Sorghum,2008,2458,2569.3,961.66,25.31
Australia,Plantains and others,1995,36664,473.0,18345.9,21.87
Mexico,Wheat,1992,19017,909.5,24705.79,20.77
Togo,Soybeans,2009,9005,1194.9,266.56,26.18
Malawi,Maize,2007,23362,1156.9,384.19,23.69
Uzbekistan,Cassava,1990,10771,246.2,2126.17,13.06
Kenya,Sorghum,1996,6795,702.4,720.73,21.37
Ukraine,Maize,1991,13019,622.7,7732.4,8.52
Brazil,Maize,1994,22830,1867.0,221218.69,25.61
South Korea,"Rice, paddy",1993,18064,1154.3,17652.02,11.86
Sudan,Wheat,2007,4630,238.6,867.93,25.87
Russia,Wheat,1998,8394,523.6,15354.55,6.61
Togo,Cassava,2004,47596,1050.9,101.26,25.27
Bangladesh,Sorghum,1998,2980,2164.9,6511.19,26.73
Dominican Republic,Soybeans,2005,11208,1523.5,2068.86,24.94
Sri Lanka,Potatoes,2002,39598,1292.9,2290.15,28.41
Mexico,"Rice, paddy",2003,17792,680.1,62923.18,20.68
Togo,Yams,2003,30394,794.7,57.44,26.3
Israel,Cassava,1991,45318,347.4,947.95,18.31
China,Sorghum,2006,6031,539.4,611663.9,13.98
Mali,Plantains and others,2011,9118,345.9,337.41,26.64
Peru,Plantains and others,2010,20859,1853.9,4505.54,17.39
Honduras,Yams,1996,24268,1849.2,420.34,26.03
Senegal,Plantains and others,1996,16642,623.1,420.85,27.63
Senegal,Cassava,1994,42054,656.6,162.76,26.66
Egypt,Plantains and others,2009,15352,58.3,5767.17,22.55
Ecuador,Soybeans,2012,4745,2520.1,7917.87,21.63
Jamaica,Maize,2008,8796,2126.1,905.82,22.71
Kenya,Potatoes,2012,88618,713.4,1900.21,22.51
Netherlands,Plantains and others,1998,28423,807.1,3498.96,10.47
Saudi Arabia,Cassava,2011,29279,52.0,1564.32,27.5
Zambia,Plantains and others,1990,23383,1094.8,330.17,23.02
Belgium,Potatoes,2002,205632,821.8,4510.7,11.53
Uruguay,Yams,2004,25845,1147.8,3825.68,17.24
Austria,Soybeans,1997,7674,1198.6,3262.84,8.12
Guinea,"Rice, paddy",2010,18498,1522.4,427.4,25.91
Chile,"Rice, paddy",1993,9436,793.6,10038.36,14.44
Spain,Sweet potatoes,2003,102556,554.8,6035.59,17.09
Colombia,Plantains and others,1990,23152,2532.3,11760.11,22.32
Angola,Wheat,2008,8526,1076.1,308.83,21.72
Madagascar,"Rice, paddy",2009,17798,1214.6,542.47,25.21
Mexico,Plantains and others,2000,41360,620.4,15078.57,21.86
Burkina Faso,Wheat,1995,9651,661.4,270.02,23.56
"Tanzania, United Republic of",Potatoes,1997,40799,1187.6,1103.11,24.77
Algeria,Plantains and others,2006,7037,96.5,2621.63,19.2
Sri Lanka,Potatoes,2007,33135,1703.1,3501.36,24.93
Egypt,Plantains and others,2010,17349,56.7,6009.86,21.93
Cambodia,"Rice, paddy",2003,19289,1788.4,1059.66,29.24
Thailand,Potatoes,2011,26520,2111.9,17173.44,25.93
Ecuador,Sorghum,1994,5146,1396.5,2155.0,22.15
Burkina Faso,Sorghum,1998,5087,754.1,202.49,30.4
Guinea,Maize,1992,11540,1552.2,147.21,26.41
Mali,Sweet potatoes,2002,48432,371.0,202.52,26.72
Iraq,Sweet potatoes,1992,66132,272.4,760.46,23.14
Panama,Sorghum,1995,2384,3153.6,1020.18,23.4
Sierra Leone,Wheat,1994,1852,2428.5,95.3,24.11
Vietnam,Maize,1995,17903,1815.8,27657.67,24.55
Costa Rica,Sweet potatoes,1997,22497,3641.5,825.17,24.73
Argentina,Soybeans,1999,15874,636.0,133181.81,17.04
Ireland,Sweet potatoes,1997,65483,1281.9,317.35,10.81
Colombia,Soybeans,2001,5658,3168.1,22719.22,22.54
Austria,Potatoes,2002,90786,975.6,2405.16,5.29
South Korea,Soybeans,2007,8038,1279.5,17214.5,12.53
Portugal,Plantains and others,2012,18199,773.5,5156.84,15.09
India,"Rice, paddy",1990,31220,1210.4,31433.84,27.88
Uruguay,Sweet potatoes,2007,39498,1608.7,3986.98,14.36
France,Cassava,2000,38847,648.8,27656.98,11.16
Thailand,"Rice, paddy",2013,44666,1984.2,36430.12,27.62
Togo,Potatoes,1992,29048,1296.2,116.19,25.69
North Korea,Plantains and others,1995,9238,1060.1,271.5,13.94
Mali,"Rice, paddy",1999,7858,392.1,435.24,26.84
Guatemala,Cassava,2012,64721,1927.3,2718.71,24.44
Rwanda,Potatoes,2006,94250,1104.4,190.83,16.83
Zimbabwe,Sorghum,2005,7643,588.1,1019.38,21.55
Haiti,Soybeans,1995,5149,1528.2,105.34,25.8
Rwanda,Maize,1997,17101,1113.0,136.61,19.48
Denmark,Maize,2011,28396,725.0,3635.44,9.18
Israel,Soybeans,1992,27238,385.3,2062.57,22.61
Burundi,Maize,1999,9137,1198.4,58.82,19.44
Mexico,Sweet potatoes,2011,130330,679.9,7244.02,19.45
Saudi Arabia,Plantains and others,2007,20932,53.7,2349.42,25.57
Cambodia,Sorghum,2010,2695,2467.1,638.65,26.18
Mexico,Cassava,2012,76433,786.0,15627.63,20.84
Afghanistan,Soybeans,1990,1618,261.0,76.71,14.14
Bangladesh,Soybeans,2007,5892,2348.4,10605.45,26.02
Honduras,Maize,2013,24164,1376.8,2839.39,24.64
Guinea,Soybeans,2001,7159,1419.7,245.61,24.53
South Africa,Soybeans,2008,13403,452.3,8757.55,17.88
Denmark,Maize,2005,23260,615.0,2891.42,7.55
South Korea,Soybeans,1997,8203,1134.4,17567.79,11.81
Argentina,"Rice, paddy",2007,5936,487.6,156208.18,14.48
Laos,Soybeans,2009,3461,2345.0,302.58,26.86
Benin,Plantains and others,1990,19103,1021.6,225.86,26.66
Guatemala,Potatoes,2002,19649,2140.0,2621.99,24.39
Poland,Sorghum,2006,4769,550.2,8980.18,8.16
"Congo, Democratic Republic of the",Wheat,2000,3577,1674.7,231.18,24.26
Nigeria,Sorghum,1997,5661,1321.8,1227.31,26.03
Senegal,Plantains and others,2004,16345,591.5,492.26,30.66
Ireland,Yams,2008,46959,1021.8,1016.69,8.16
South Africa,Plantains and others,1999,8949,381.9,3162.72,15.99
United Kingdom,Wheat,2013,23089,1144.4,20130.48,9.26
Malawi,Maize,2002,15905,1321.0,306.54,21.45
Israel,Soybeans,1998,27129,420.2,2250.62,19.9
Costa Rica,Sweet potatoes,1996,33092,3456.7,542.93,23.21
Argentina,Sorghum,1997,5583,638.7,38982.56,17.37
Venezuela,Plantains and others,2005,42628,1948.1,7438.16,27.7
Senegal,Sorghum,2000,4859,803.7,149.25,28.58
Hungary,Wheat,2006,28056,618.5,6899.16,12.98
Indonesia,Sweet potatoes,2000,29185,2502.3,6198.19,26.8
Ukraine,Soybeans,2005,6226,609.0,9462.26,6.06
Belgium,"Rice, paddy",1997,20668,989.2,6154.4,9.96
Uzbekistan,Sorghum,1994,2619,233.4,3051.49,15.51
Indonesia,Soybeans,2008,4876,2759.8,20437.37,26.11
Kazakhstan,Potatoes,1996,65088,199.3,1344.95,9.67
Niger,Sweet potatoes,1996,33565,305.3,54.17,26.82
Hungary,Sweet potatoes,2002,46685,637.2,3944.55,10.82
Algeria,Maize,2007,14243,95.4,3619.5,17.97
Morocco,Potatoes,2002,151011,311.4,5032.55,16.8
South Korea,"Rice, paddy",2008,23647,1244.5,25384.72,12.37
Burundi,Sorghum,2004,2595,1174.1,26.66,20.49
Ethiopia,Sorghum,1997,3471,1095.9,670.19,20.83
Morocco,"Rice, paddy",1993,4026,338.2,5700.83,15.96
Sri Lanka,"Rice, paddy",2009,28571,1865.5,5076.22,27.88
Israel,Soybeans,1997,31813,464.6,2145.81,20.12
Japan,Sweet potatoes,1994,35497,1797.1,729.89,15.0
India,Sorghum,1999,8146,992.1,12606.5,25.56
Burundi,"Rice, paddy",1990,3395,913.4,52.4,17.49
Cambodia,Cassava,2006,36256,2005.9,538.82,27.75
Saudi Arabia,Plantains and others,1990,14322,60.0,1290.39,27.7
Australia,"Rice, paddy",2005,17696,497.0,46550.15,20.61
Burkina Faso,Plantains and others,1993,15279,773.9,249.9,29.51
Zimbabwe,Maize,2001,20766,623.0,1517.04,21.78
Mali,Yams,1996,19728,325.2,107.43,28.23
North Korea,Sweet potatoes,2013,27061,996.8,179.14,12.59
Egypt,Soybeans,2007,15548,51.6,7087.9,21.2
Peru,Sorghum,1999,2326,1614.0,2123.79,19.46
Mexico,Cassava,1999,93764,863.9,23505.39,22.38
Cambodia,"Rice, paddy",1994,13498,2197.8,758.65,27.68
Iran,Sorghum,2012,6816,229.3,4993.9,19.81
Chad,Plantains and others,2003,8855,400.0,76.56,25.57
Myanmar,Sorghum,1990,2624,2567.9,316.45,25.18
Kenya,Cassava,2005,49283,600.5,265.64,22.08
Ireland,Maize,2002,17199,1361.2,2577.08,10.64
Costa Rica,Sorghum,2004,2498,2590.0,4028.3,21.62
Japan,Sweet potatoes,1998,47347,1737.7,11273.68,14.18
Belgium,Yams,1990,46224,848.8,1340.1,10.54
Thailand,Yams,1990,65999,1254.3,7249.1,28.51
Guatemala,Sorghum,1998,1840,1863.2,920.37,21.9
Ghana,Soybeans,1999,9761,1087.4,1514.88,29.02
Angola,"Rice, paddy",1995,9905,941.9,252.7,23.56
Germany,Maize,1997,24329,805.7,30628.68,10.76
Mexico,Plantains and others,1991,24157,499.0,20041.67,21.04
Egypt,Soybeans,2001,12829,41.6,6881.83,23.64
Colombia,Cassava,2001,30056,3375.9,13479.77,24.24
Israel,Yams,2013,67054,410.0,785.01,20.68
Costa Rica,Yams,1990,47993,1629.8,212.49,25.58
Cambodia,Plantains and others,2008,21640,2248.9,627.33,26.74
El Salvador,Maize,2009,19147,1731.4,3575.98,27.4
Kazakhstan,Potatoes,2002,35664,341.8,1981.91,6.48
Turkey,Sorghum,2010,4579,619.1,19313.62,12.64
Egypt,Soybeans,2004,15006,51.4,7894.62,23.53
Mali,Yams,1995,23976,324.4,155.16,27.09
Portugal,Cassava,2013,45897,756.1,2460.4,12.6
Honduras,Sorghum,2000,5073,1421.6,936.46,27.51
United Kingdom,Plantains and others,2003,26840,1495.1,15214.83,12.09
Guinea,Yams,1991,26868,1435.1,88.73,27.39
Nicaragua,Maize,2004,8500,2123.5,1592.91,25.12
South Africa,Plantains and others,2008,25808,509.1,8832.41,19.54
Norway,Soybeans,2007,7314,1210.5,948.39,3.04
Brazil,Sweet potatoes,2001,70598,1920.3,118417.09,26.71
Australia,"Rice, paddy",2010,29265,473.0,44297.31,24.02
South Africa,Sweet potatoes,2010,91950,294.4,2760.44,18.93
United States of America,Sorghum,2007,7039,542.7,171068.58,8.62
Israel,Yams,1991,39090,484.0,1633.88,19.54
Zambia,Soybeans,2003,9925,964.8,701.24,22.75
Venezuela,Yams,1997,55860,1655.7,2017.6,26.84
Myanmar,"Rice, paddy",2009,11417,2315.2,1861.67,24.02
Ethiopia,Maize,2000,16755,645.1,1308.79,19.1
United States of America,Sorghum,1990,5430,759.0,189637.75,14.85
Iran,"Rice, paddy",2013,4078,255.8,17687.06,18.9
Colombia,Potatoes,2007,28542,2291.1,24032.13,25.43
Ethiopia,Cassava,2009,46318,964.2,792.94,21.4
Morocco,Cassava,2007,35198,441.0,1214.76,19.88
Senegal,Potatoes,2005,29100,801.9,458.96,27.69
Turkey,Cassava,2003,29608,659.2,22896.22,12.79
Togo,Potatoes,2003,16924,1556.5,127.73,26.88
Pakistan,Plantains and others,1990,22012,520.7,7408.56,21.82
Ghana,Sorghum,2006,6884,1279.2,1211.17,29.38
Thailand,Cassava,1994,120153,1753.2,5758.8,27.2
Afghanistan,Soybeans,2000,2197,336.5,138.01,13.3
Uzbekistan,Sorghum,1995,2360,211.6,2264.78,12.9
Italy,Sorghum,1994,6065,875.4,17550.72,13.19
Myanmar,Cassava,2011,53860,1917.5,553.4,27.21
South Korea,Plantains and others,1995,24983,1371.5,8800.3,15.18
Chile,Soybeans,2009,7935,866.2,16627.17,12.59
Malaysia,Cassava,1991,29126,3172.5,4825.22,29.39
Niger,Maize,2012,16915,212.2,265.32,27.89
Russia,Sweet potatoes,1990,31934,489.7,1840.35,4.5
Burkina Faso,Plantains and others,2005,22667,929.0,444.79,26.2
Spain,Wheat,1997,31942,623.4,24653.53,15.65
Italy,Soybeans,2002,9299,684.5,32962.33,14.71
Finland,Sweet potatoes,1992,40538,423.3,196.32,2.02
United States of America,Soybeans,2001,9153,897.9,262715.51,12.44
South Korea,Plantains and others,1993,25256,1456.4,8552.3,13.63
Guinea,Wheat,2003,3803,1341.4,228.04,26.19
Cambodia,Soybeans,1993,7702,1535.4,430.98,25.2
Senegal,Maize,1999,21253,738.1,427.16,29.4
Iraq,Sweet potatoes,2012,71031,224.3,858.21,22.03
Hungary,Sorghum,2011,6479,687.3,5913.23,12.14
Dominican Republic,Plantains and others,2012,47702,1449.9,1887.37,26.06
Cuba,Cassava,1992,72835,1474.4,527.96,25.6
Niger,Cassava,2003,24398,290.9,92.91,27.84
Brazil,Sweet potatoes,2009,114421,1732.9,45511.68,25.35
Iran,Yams,1994,11611,137.7,2919.87,18.92
Nigeria,Maize,1998,21103,1244.9,1782.65,27.38
Guatemala,Sorghum,2002,3046,2259.0,1540.8,23.89
Sri Lanka,Wheat,1998,1319,1883.4,2064.27,28.66
Mexico,Wheat,2011,28966,805.1,40044.24,21.7
Chad,Cassava,2006,27399,566.6,65.84,26.38
Senegal,Sorghum,1991,5892,793.1,107.61,28.74
Ethiopia,Plantains and others,2011,22717,748.8,1201.26,22.98
Belgium,Sweet potatoes,2013,68450,640.9,1563.97,10.05
France,Wheat,2010,35073,625.6,54829.9,11.79
Cameroon,Sweet potatoes,2007,64143,1391.4,358.53,26.18
Romania,Yams,1994,16873,415.4,276.11,8.06
Morocco,Potatoes,1996,123021,391.7,4402.72,20.07
Togo,Soybeans,1990,6091,1341.5,155.66,26.94
Panama,Cassava,2003,27816,2836.6,1037.47,27.22
Sierra Leone,Wheat,1998,1396,2914.3,98.24,26.61
Mali,"Rice, paddy",1993,7484,378.8,303.46,25.94
Italy,Wheat,2005,43116,888.2,46664.26,14.52
Burundi,"Rice, paddy",1997,4644,1114.2,62.55,19.19
Nigeria,Sweet potatoes,2004,71401,1296.7,0,23.77
Togo,Soybeans,1999,9090,1153.9,156.1,24.64
Germany,Sorghum,2012,7332,872.1,5525.48,9.49
Rwanda,"Rice, paddy",1992,7070,1287.6,155.22,19.46
Indonesia,Soybeans,2002,6103,2246.8,20214.84,27.06
Ghana,Yams,2003,45183,944.1,781.03,24.71
Iraq,"Rice, paddy",2009,6413,186.3,3514.54,23.45
Afghanistan,Sweet potatoes,2000,29852,289.5,41.64,19.61
Spain,Soybeans,1991,10404,661.5,16677.66,15.54
"Congo, Democratic Republic of the",Soybeans,1995,5370,1314.8,126.62,25.55
Guatemala,Yams,1996,15973,2265.3,717.4,23.84
Malaysia,Sweet potatoes,2008,38466,3188.3,8050.25,25.66
Ireland,Potatoes,1991,82709,1174.0,1040.15,7.49
New Zealand,Soybeans,1992,6261,1516.5,3022.94,9.96
Angola,Potatoes,2007,44260,1119.5,324.22,23.45
Togo,Yams,1990,25092,1308.1,59.47,28.02
Italy,"Rice, paddy",1997,17269,829.4,42596.97,12.97
Hungary,Wheat,1990,23814,790.0,6733.26,11.92
India,Cassava,1993,92466,1055.0,7002.24,25.56
India,"Rice, paddy",2002,43117,1168.9,43593.5,26.85
South Korea,Soybeans,1995,7884,1195.8,11838.25,14.78
Sierra Leone,Wheat,2000,1009,2670.1,108.66,27.39
Malawi,Maize,1991,19235,991.8,219.82,23.59
Madagascar,Plantains and others,2001,17053,1139.9,218.7,22.31
France,Maize,1990,20953,747.6,48881.58,12.12
Venezuela,Yams,1999,31089,1863.0,4259.71,26.17
Hungary,Yams,2007,27195,641.1,3380.45,10.05
Egypt,Maize,2006,31693,43.8,9012.47,23.26
"Congo, Democratic Republic of the",Cassava,2009,41571,1267.9,83.06,26.46
Mali,Sweet potatoes,2003,42429,458.8,57.02,29.39
Zimbabwe,"Rice, paddy",1992,8152,526.1,1392.63,20.25
Austria,Wheat,1995,8901,1253.1,2746.92,7.29
Sri Lanka,Sorghum,1999,4185,1665.0,1605.99,28.34
Ireland,Potatoes,2013,144916,1106.3,1885.74,8.54
Burkina Faso,Sorghum,2001,5104,865.7,345.12,27.81
Angola,Wheat,1991,8141,950.5,125.49,22.72
Poland,Wheat,1991,6983,532.5,11427.08,5.59
Paraguay,Cassava,2007,82953,1206.9,4596.01,22.78
El Salvador,Sorghum,1999,2905,1754.5,1055.65,28.52
Israel,Plantains and others,2000,43915,481.0,2118.95,21.96
Uzbekistan,Sorghum,2000,2530,227.1,2667.88,13.68
Belgium,Yams,2003,46000,1035.3,2619.71,6.68
Venezuela,Soybeans,1996,6252,1797.3,10787.53,27.01
Portugal,Potatoes,2005,276223,681.6,4860.82,15.7
Brazil,Wheat,2000,2784,2447.8,198890.3,27.39
Brazil,Sweet potatoes,2007,139875,1413.2,122180.21,24.95
Nigeria,Maize,2004,26157,928.6,1696.31,28.07
Egypt,"Rice, paddy",1992,7642,51.1,6259.68,22.29
Sudan,"Rice, paddy",1998,4613,226.5,1164.47,28.28
Russia,Sweet potatoes,2013,29335,410.3,12772.13,8.25
Israel,Soybeans,1993,32624,423.6,2675.25,21.69
China,Soybeans,2002,8391,651.0,1244795.45,11.49
Kenya,Cassava,2012,61273,718.5,917.49,23.69
Cambodia,Sorghum,2006,2324,2531.8,432.05,26.56
Nepal,Soybeans,2010,2527,1909.3,152.38,17.48
Netherlands,Plantains and others,1996,26082,827.0,2143.74,11.99
Ghana,Maize,1995,22756,1260.0,1237.02,28.35
New Zealand,Sweet potatoes,2012,50092,1367.3,1798.62,10.1
Ivory Coast,Sorghum,2000,7039,1189.1,1155.78,25.96
Bolivia,Soybeans,2004,11939,985.5,2545.65,19.86
Togo,Potatoes,1991,33466,982.8,112.31,25.49
Thailand,Cassava,2003,82056,2056.7,9818.9,26.26
Ivory Coast,Potatoes,2013,29857,1243.7,2249.97,27.66
Guinea,Maize,1991,9852,1683.3,186.67,24.7
Iraq,Plantains and others,1994,10165,202.1,762.79,22.86
El Salvador,Yams,1998,35834,1538.1,578.63,26.95
Burundi,Plantains and others,1996,13101,1157.0,42.25,20.03
Peru,Wheat,2000,13892,1574.8,2052.37,17.0
Togo,Cassava,1999,48512,1211.5,89.1,26.12
Morocco,Wheat,2006,24165,360.3,5790.45,14.43
Kenya,Yams,1997,39161,639.1,587.66,24.74
Peru,Plantains and others,2008,16181,2006.4,3197.23,16.79
India,Potatoes,1991,56061,968.4,13910.34,24.52
"Tanzania, United Republic of",Potatoes,2001,54545,1301.6,1111.69,24.18
Ireland,Sweet potatoes,2010,66613,1328.3,971.45,9.2
Iraq,Yams,2010,17014,237.3,1096.67,21.64
North Korea,"Rice, paddy",2012,7860,1120.5,960.65,11.94
Jamaica,Sweet potatoes,2001,26337,2371.4,161.85,25.33
Cambodia,Soybeans,2004,3780,1977.6,745.15,26.52
Niger,Potatoes,2006,19017,284.1,182.67,26.1
Ivory Coast,Sorghum,2007,5148,1420.2,1343.67,27.31
El Salvador,Potatoes,1994,15114,1804.5,1611.25,27.19
Kenya,Wheat,2012,18760,807.7,2319.46,22.35
Malaysia,Cassava,1997,28712,3054.4,6713.73,26.56
Haiti,Plantains and others,1999,26989,1376.5,78.33,25.19
El Salvador,"Rice, paddy",2008,30051,1346.4,4213.24,26.18
Nigeria,Soybeans,2008,8986,1190.5,2296.68,30.07
Mozambique,"Rice, paddy",2004,14595,984.7,683.48,24.9
Russia,Potatoes,2006,74955,482.5,14118.64,3.69
Costa Rica,Sorghum,2002,4589,2993.7,3494.61,26.23
Burundi,"Rice, paddy",2001,12346,1164.4,88.93,22.6
Egypt,Plantains and others,2013,14952,53.3,5489.06,22.69
Greece,Yams,2000,17187,268.2,3394.56,13.93
Ireland,Wheat,1998,13954,1038.7,2023.69,7.06
Bolivia,Potatoes,2009,97117,977.6,2716.68,20.91
Indonesia,Soybeans,2010,5108,3221.0,21845.1,26.0
Mozambique,Yams,1996,28085,725.2,65.56,25.71
Venezuela,Soybeans,2007,4811,1998.1,11365.12,23.91
Bangladesh,"Rice, paddy",2000,27250,1841.7,15754.92,26.86
Zimbabwe,Sorghum,2001,5011,557.7,766.95,20.6
Cameroon,Soybeans,2004,7130,1613.5,961.26,25.67
Kenya,Sorghum,2004,6287,800.8,478.99,25.89
Netherlands,Wheat,2007,15185,781.4,7145.76,8.08
China,Potatoes,2007,322445,661.2,1232841.22,14.42
Mali,Yams,2008,23330,306.3,145.44,27.44
Morocco,Plantains and others,2001,7425,378.2,2715.11,17.43
Chad,Plantains and others,2001,7392,392.9,66.66,25.97
Sierra Leone,"Rice, paddy",2002,7998,2362.0,179.65,26.77
Malaysia,Sorghum,2006,3985,2752.2,12001.42,26.07
France,Wheat,1999,18107,613.9,43799.84,9.3
Brazil,Sweet potatoes,1997,60981,1873.3,67798.65,25.58
Mozambique,Potatoes,1990,37615,1195.7,450.4,24.38
Haiti,Maize,2001,19979,1018.6,181.4,25.36
Paraguay,Sweet potatoes,2002,111764,699.6,2339.6,21.05
"Congo, Democratic Republic of the",Cassava,1992,28107,1485.2,111.23,25.78
Nicaragua,Soybeans,2002,5381,1689.1,1354.3,29.48
Chile,Wheat,1995,36340,728.6,10702.3,16.05
Argentina,Wheat,2011,38748,533.9,134265.52,14.28
Ghana,Sorghum,2011,11438,939.3,1278.8,26.65
Hungary,Potatoes,2013,187203,615.5,9214.02,10.14
Ethiopia,Maize,2006,15519,796.8,1648.06,19.44
Benin,Plantains and others,2009,22135,1267.2,366.0,29.34
Japan,Soybeans,1993,6023,1669.8,16313.28,14.27
Ecuador,Yams,1994,14794,2278.2,2181.69,22.86
Senegal,Yams,2010,33832,584.3,203.64,27.94
Madagascar,"Rice, paddy",2013,16939,1741.8,578.15,25.78
Panama,Sweet potatoes,1999,22293,3402.2,1078.71,28.2
Cambodia,Plantains and others,2010,22132,2199.2,580.2,29.34
Guatemala,Yams,1997,12530,2114.9,1835.68,20.47
New Zealand,Sorghum,2002,1841,2096.5,1420.91,10.35
Panama,Cassava,2011,31775,2465.9,1790.99,25.57
Philippines,Maize,2010,9217,2221.8,5741.49,27.95
Romania,"Rice, paddy",2012,11720,794.0,10986.25,9.87
Italy,Wheat,1993,29719,817.8,22711.47,15.43
Thailand,Cassava,1998,108234,1714.4,8293.32,26.24
Iran,Sorghum,2002,4802,272.7,5609.96,18.61
Thailand,Potatoes,1998,43473,1567.1,12296.9,26.23
Paraguay,Cassava,2002,105449,1219.2,3618.09,24.28
Nigeria,Potatoes,2000,29580,1148.2,1406.97,26.26
Rwanda,Sorghum,1990,2439,1288.4,100.28,19.3
Afghanistan,Wheat,1999,7770,334.1,93.87,14.81
Nigeria,Soybeans,1998,10467,1247.2,1110.49,25.53
El Salvador,"Rice, paddy",2006,19861,1779.3,3961.59,24.89
Paraguay,Plantains and others,1994,51789,1507.3,6806.04,22.74
Finland,Soybeans,1997,6389,505.3,1009.17,2.67
Iran,"Rice, paddy",1994,4680,258.4,8910.74,19.98
Nigeria,Soybeans,2013,9559,1125.2,2514.51,24.78
Ecuador,Wheat,2009,5758,2550.7,9156.76,22.09
Cuba,Soybeans,2006,12978,1316.0,3120.04,25.15
Thailand,Wheat,1997,6339,1382.7,17850.56,27.28
Burundi,"Rice, paddy",2013,5808,1264.0,132.49,17.32
Nicaragua,Soybeans,1994,3086,2918.2,1126.92,25.86
Ireland,Potatoes,1993,148785,1048.4,1116.64,9.75
Mexico,Maize,2000,48190,538.6,40088.69,23.74
Greece,Cassava,2004,30848,627.8,4099.91,17.1
Nicaragua,Maize,2011,8762,2335.0,2319.16,24.41
Nicaragua,Soybeans,1995,2453,2691.3,1005.52,27.16
Togo,Yams,1996,30092,1185.8,52.96,30.26
Chile,Maize,1995,12986,807.2,13796.54,12.68
Kenya,Plantains and others,2004,21934,669.3,1693.55,23.36
Mali,Sweet potatoes,2000,29726,356.7,117.61,29.55
Uruguay,Sorghum,2010,2724,1661.6,7898.55,18.51
Portugal,Wheat,2003,37649,786.1,4962.52,14.36
Spain,Wheat,1990,28026,591.4,19734.83,15.43
Australia,"Rice, paddy",1990,25144,384.4,25301.82,25.12
Indonesia,Plantains and others,1994,14361,2970.2,9797.59,28.56
Israel,Cassava,2005,71441,458.1,2057.05,18.86
China,Potatoes,2004,247192,676.2,983388.12,13.33
"Tanzania, United Republic of",Potatoes,2013,66911,1113.4,1463.99,23.68
Brazil,Sorghum,2002,9992,1551.9,161322.9,26.23
Costa Rica,Yams,1991,22271,2998.8,1665.18,25.45
Thailand,"Rice, paddy",2003,38997,1426.1,28889.14,28.08
Costa Rica,Plantains and others,1998,30781,2534.6,2769.45,26.44
Iraq,"Rice, paddy",1996,3395,196.6,2090.53,20.58
Hungary,Cassava,2003,40327,611.8,4492.96,10.23
South Korea,Wheat,2009,38919,1043.3,19725.57,14.28
Denmark,Maize,2003,21654,607.1,2516.65,7.46
Afghanistan,Yams,1990,5552,326.6,8.67,14.97
Sri Lanka,Sorghum,2008,2951,2084.4,2262.55,27.82
Brazil,Plantains and others,1993,76772,1597.4,167069.91,27.23
Thailand,Plantains and others,2007,70344,1310.5,17997.22,24.25
Mali,Sweet potatoes,1991,45302,440.6,77.34,27.48
Bolivia,Sorghum,2006,3775,1472.4,897.38,20.26
Portugal,Cassava,2010,42434,788.4,2596.55,14.31
Greece,Cassava,2006,41277,810.4,2263.87,15.76
Togo,Cassava,1991,41781,819.0,84.58,25.86
Guinea,Cassava,1992,38056,1632.3,112.16,23.93
Canada,Sorghum,2009,7654,638.6,50036.69,5.34
Mozambique,Plantains and others,2013,20112,780.2,414.94,24.93
Ecuador,Yams,1992,44443,1543.7,2050.99,23.26
Egypt,Maize,2012,33068,47.1,10674.9,24.02
Egypt,Wheat,2010,16422,45.3,7092.39,25.44
Germany,Wheat,1993,14402,646.1,10777.6,7.06
Mexico,Sweet potatoes,1999,96968,736.9,10067.23,24.53
Kazakhstan,Sorghum,1990,3214,255.3,1086.24,8.98
Cuba,Plantains and others,1998,46074,1504.7,772.95,26.87
South Africa,Cassava,1998,54020,576.8,3027.83,19.27
China,Cassava,2006,40981,558.4,827926.14,13.87
Kenya,"Rice, paddy",1997,13029,748.0,2192.61,23.14
Ivory Coast,Sorghum,2012,6336,1423.1,1855.41,28.7
Burundi,Yams,2006,8894,1294.7,35.18,17.76
Burundi,Maize,2003,13892,1433.2,82.87,21.77
Burundi,Plantains and others,1995,14042,1456.4,41.6,19.25
Mozambique,Soybeans,2002,8484,928.5,508.64,26.2
Togo,Plantains and others,2006,23905,1152.8,194.01,28.41
Ukraine,Sorghum,2004,3788,433.6,5308.08,7.03
North Korea,"Rice, paddy",1996,5624,979.6,640.83,8.97
Mozambique,Sorghum,1994,4629,1244.2,117.65,25.94
Italy,"Rice, paddy",2000,15494,760.7,42471.02,16.56
Jamaica,Maize,1991,12968,1834.2,420.39,24.41
Mexico,Sweet potatoes,2000,114296,819.5,8031.03,20.65
Saudi Arabia,Yams,1991,29381,60.2,727.14,25.44
Myanmar,Yams,2003,13707,2206.4,366.98,25.22
Spain,Wheat,2007,38404,624.3,26511.6,13.17
Hungary,Maize,1991,15659,648.6,5181.65,9.72
Turkey,Cassava,2002,34446,765.7,12697.94,11.82
Saudi Arabia,Plantains and others,2011,20501,54.1,2392.65,28.64
Israel,Sweet potatoes,1999,191165,416.2,1087.0,21.93
Venezuela,Yams,1993,31363,1983.8,1870.11,24.31
Cuba,Sweet potatoes,2013,84348,1236.5,1446.53,22.53
Morocco,Plantains and others,2008,11763,383.4,2287.5,19.48
Burkina Faso,Maize,2005,14191,929.5,658.38,30.26
Nicaragua,Soybeans,1998,3007,2684.1,1123.22,26.62
Senegal,Potatoes,1999,22396,530.3,379.45,27.01
Laos,Sweet potatoes,1994,35466,1667.5,24.36,26.61
Haiti,Plantains and others,2010,27472,1394.9,126.24,24.46
Japan,Sweet potatoes,1990,58099,1627.4,8640.54,15.21
Ireland,Yams,2013,62239,1337.9,573.67,7.78
Peru,"Rice, paddy",1997,5352,2333.7,5472.64,17.69
Venezuela,Cassava,1995,26818,2337.1,2927.03,27.03
Sudan,Wheat,1993,3613,216.7,833.02,28.87
Togo,Yams,2012,37957,1264.3,90.83,27.95
Niger,Maize,1996,11322,297.3,223.25,28.86
Australia,"Rice, paddy",1993,25220,549.2,36780.74,22.64
Chile,"Rice, paddy",2013,11642,751.7,24745.56,13.82
Turkey,Soybeans,2005,9539,654.7,43082.18,15.13
Nicaragua,Plantains and others,2006,34038,1820.2,1288.07,26.43
Chad,Cassava,2004,28852,485.9,43.07,28.22
Guatemala,Cassava,2010,56373,1674.9,1891.32,22.73
Mozambique,Potatoes,1998,27620,1000.1,329.51,26.94
Ghana,Soybeans,1990,9063,1212.0,1428.01,29.08
Romania,Soybeans,1990,5497,721.8,4732.95,5.71
Iraq,Sweet potatoes,2003,56646,231.7,614.51,20.68
Ghana,Yams,1995,37580,1293.9,148.8,31.27
Paraguay,Cassava,2013,86818,1735.1,6478.43,24.03
Rwanda,Potatoes,2010,73851,1351.4,278.06,16.91
Togo,Potatoes,2005,25360,891.6,201.59,27.45
Uzbekistan,Maize,1997,5816,237.1,6311.79,12.67
Bangladesh,Soybeans,2001,4220,2067.0,10170.6,23.96
Venezuela,Cassava,1996,51412,2009.3,5251.93,24.56
Netherlands,Wheat,2003,14949,715.3,7363.27,9.02
Angola,Potatoes,1990,50494,1140.8,219.69,21.37
Italy,Soybeans,2006,17672,777.7,51131.86,15.9
Guinea,"Rice, paddy",2001,14237,1758.1,320.73,24.42
Zambia,Yams,2004,23897,1164.1,361.32,20.49
Nicaragua,"Rice, paddy",2005,11525,2376.2,1885.93,25.3
Argentina,Potatoes,2009,259812,623.7,123277.09,13.86
China,Yams,2013,34312,687.9,916751.77,15.11
Greece,Cassava,2010,36354,510.8,2391.25,16.51
Angola,Cassava,1994,27496,1039.5,118.34,21.08
North Korea,"Rice, paddy",2011,6372,1162.9,1157.76,9.92
Indonesia,Sweet potatoes,2003,25916,2474.4,7647.87,28.97
Australia,Yams,2005,53665,423.4,13716.91,21.37
Panama,Yams,2008,18351,3394.8,1211.64,25.46
United States of America,Yams,1994,27989,587.2,68869.02,13.04
Belgium,"Rice, paddy",1992,14544,888.8,4638.65,10.14
Guinea,Maize,2013,15802,1384.3,356.41,24.24
Israel,Yams,1996,56974,401.6,766.43,20.9
Togo,Potatoes,2000,33811,919.0,135.78,25.12
Guinea,Cassava,2010,48212,1543.1,181.86,26.24
Mozambique,Soybeans,2011,8930,1185.0,685.85,24.75
Indonesia,Soybeans,2009,4430,2835.5,22381.35,27.49
Egypt,Soybeans,1998,12712,56.6,5413.6,22.22
Mozambique,Potatoes,2010,64503,892.4,612.15,22.68
Pakistan,Plantains and others,1995,20003,429.4,8213.07,23.2
Brazil,Sweet potatoes,1992,152865,1105.0,39087.2,25.09
United Kingdom,Plantains and others,2000,35244,1291.8,13961.06,8.79
Burundi,"Rice, paddy",2003,6490,1244.3,98.98,19.48
Israel,Cassava,1994,74200,480.2,700.11,19.35
Laos,Sweet potatoes,2000,16069,2230.8,60.88,27.15
Belgium,Maize,2004,24464,765.3,6257.64,8.92
Uruguay,Sorghum,1990,2259,1500.1,3165.52,15.68
Colombia,Plantains and others,2010,57078,1895.5,21603.88,24.82
Belgium,"Rice, paddy",2004,18178,798.3,5953.43,12.25
Sudan,"Rice, paddy",1991,4740,279.7,803.92,29.13
Chad,Plantains and others,2000,10709,514.9,98.08,27.01
Hungary,Cassava,1994,26863,567.9,3295.6,14.23
China,Potatoes,1991,224929,666.8,418837.9,13.42
Nigeria,Maize,1992,18530,1051.6,1895.27,27.07
Argentina,Wheat,1998,39653,509.2,127271.01,16.61
Sierra Leone,Soybeans,1998,1885,2017.2,129.45,26.92
South Africa,Cassava,2013,37370,529.1,6087.69,17.81
Ireland,Maize,2005,22542,1223.6,2134.06,12.17
Burundi,Potatoes,1997,62221,1320.7,48.36,20.28
Colombia,Potatoes,2002,34664,3590.9,19926.95,23.65
Ethiopia,Potatoes,2013,68630,970.6,1428.66,24.06
Zimbabwe,Maize,2004,26776,632.7,1209.72,23.37
Uganda,Yams,1991,29774,1054.8,73.17,21.6
"Tanzania, United Republic of",Maize,2006,20768,937.2,2036.43,22.37
Venezuela,Cassava,1999,31156,2319.7,5702.76,23.12
Nicaragua,Sorghum,1990,2066,2237.6,102.26,25.41
Benin,Plantains and others,2006,28115,1233.2,251.64,27.14
Malawi,Sweet potatoes,1999,44083,1117.3,29.37,24.12
Senegal,Sorghum,2004,7584,564.8,338.54,29.12
Iran,"Rice, paddy",2002,4035,271.7,14473.27,17.73
Ghana,Cassava,2009,87490,1360.0,698.67,26.56
Sri Lanka,"Rice, paddy",2011,25131,1853.2,5508.41,24.3
Chile,Plantains and others,1999,16423,830.7,7086.24,15.15
Philippines,Sorghum,1993,2668,2381.6,1940.89,27.27
Portugal,Cassava,1998,39291,995.7,2246.59,16.12
Cameroon,Sorghum,2002,2122,2061.0,568.92,27.19
Cambodia,Yams,1999,23109,1991.2,149.4,28.13
Israel,Soybeans,1999,31668,484.3,2391.5,20.92
Cambodia,Sorghum,1994,2507,2178.6,363.42,26.72
Panama,Sorghum,2012,3376,2849.9,1822.21,25.16
Rwanda,Sorghum,1994,1822,1283.0,121.24,18.09
Peru,Plantains and others,2002,41905,1835.6,2771.07,20.59
Kenya,Sorghum,1998,8061,751.4,735.51,24.13
Israel,Yams,1993,56969,433.5,1119.85,20.55
Rwanda,Maize,2004,13924,1397.2,216.43,19.92
Hungary,Sweet potatoes,2010,52565,552.9,2885.81,10.55
Kenya,"Rice, paddy",1991,10628,825.0,1696.43,20.88
Malaysia,Plantains and others,2000,15609,2983.0,15231.15,25.85
Portugal,Wheat,1997,26312,907.0,3608.96,13.5
Dominican Republic,Sorghum,2012,5892,1548.0,1389.7,24.73
Brazil,Sweet potatoes,2013,148004,1559.4,123876.47,24.21
Panama,Cassava,1999,25909,3459.1,1045.43,24.8
Afghanistan,Soybeans,2004,3839,270.0,174.6,16.42
Haiti,Plantains and others,2005,20484,1466.9,103.21,26.02
Kenya,Sorghum,2003,6022,556.7,1348.43,23.35
Cameroon,Yams,1990,38280,1320.4,344.04,27.01
Zimbabwe,"Rice, paddy",1993,8447,678.4,1158.91,20.34
Hungary,Potatoes,1995,115078,580.8,5445.92,10.51
Algeria,Sorghum,1994,4932,87.9,1761.91,19.24
Guatemala,Plantains and others,2002,31854,2104.6,1754.5,24.56
France,Cassava,2009,52326,882.8,11748.19,12.47
Philippines,Yams,2007,55011,1697.9,1448.97,26.18
El Salvador,Plantains and others,2008,40271,1848.2,1987.42,25.96
Vietnam,Sorghum,2010,4176,1959.7,23715.28,24.86
Mali,Wheat,2002,3056,288.2,190.31,28.23
Pakistan,Potatoes,2011,53639,428.9,13849.05,26.05
Jamaica,Plantains and others,1995,34183,1930.5,342.67,27.15
Dominican Republic,Plantains and others,2000,39691,1119.9,1293.32,26.52
Russia,Potatoes,1991,46604,434.2,9853.84,4.54
Philippines,Maize,1996,10147,2417.1,6136.82,26.71
New Zealand,Cassava,1996,40642,1742.4,1301.09,12.74
Portugal,Wheat,1991,23210,763.9,3959.51,12.56
India,Potatoes,1996,83191,902.0,27578.28,24.13
Togo,Yams,1995,26544,1069.3,114.06,24.52
Israel,Cassava,1999,86741,463.2,2009.12,22.01
Peru,Sweet potatoes,2003,62172,1622.5,2065.43,19.87
Ethiopia,Sorghum,1996,4054,976.3,954.91,21.39
India,"Rice, paddy",1995,34080,1410.5,34239.06,25.41
Chad,Cassava,1998,25491,463.5,1.02,28.27
Argentina,Sweet potatoes,1994,90447,436.7,36248.39,17.64
Chile,Soybeans,2013,12444,741.6,16565.71,15.55
Pakistan,Potatoes,1992,88458,391.2,7891.33,23.61
Russia,Potatoes,1996,49262,537.6,14181.68,5.45
Sierra Leone,Sweet potatoes,2001,11902,2698.7,51.42,27.06
Iran,Soybeans,1990,10642,238.1,6952.6,19.97
Nicaragua,Sorghum,2004,2644,3116.3,269.46,24.96
Egypt,Plantains and others,2006,18276,54.5,4406.64,23.24
Laos,Sorghum,2011,1616,1987.7,166.65,24.37
North Korea,"Rice, paddy",2005,7196,1247.8,1009.01,9.28
Jamaica,Cassava,2013,46199,2028.9,338.37,25.52
Chad,Wheat,1996,3096,385.2,115.65,27.22
Chile,Plantains and others,2000,13770,712.2,7408.2,12.97
Peru,Wheat,2012,8706,1831.3,4788.82,18.96
Mexico,Sweet potatoes,2006,131399,733.6,21847.44,22.94
Spain,Soybeans,1993,11380,757.4,20857.0,15.64
Kazakhstan,Sweet potatoes,1991,19277,316.6,389.57,6.97
Portugal,Maize,1995,28287,1077.4,4046.04,17.9
Rwanda,Sorghum,2003,3688,1002.0,120.42,19.85
Guinea,"Rice, paddy",1992,14520,1495.3,299.16,25.33
Angola,Cassava,1992,21448,1186.4,115.84,19.07
Greece,Yams,2012,30973,547.2,4105.87,15.94
Pakistan,Yams,2012,37410,506.6,8211.88,24.55
Jamaica,Sorghum,1993,3856,1611.5,355.92,24.36
Colombia,Soybeans,1996,4194,2204.0,14686.22,23.83
Pakistan,Plantains and others,2004,19260,446.6,9619.97,25.26
Morocco,Yams,2013,22533,430.4,3341.54,19.18
France,Maize,2006,26287,600.4,51157.98,13.53
Peru,Sorghum,1994,2634,1567.6,1744.46,19.69
Romania,Plantains and others,1994,8298,543.0,2935.54,8.12
Burundi,Maize,2010,9854,1312.0,105.48,19.25
Cambodia,"Rice, paddy",2008,20759,1458.5,1028.27,25.76
Iran,Yams,2013,12445,224.1,4823.09,15.1
Angola,Wheat,2007,11857,863.8,318.09,20.4
Panama,Wheat,1990,3852,3524.6,1053.36,25.29
Dominican Republic,Sorghum,1990,5463,1376.3,878.21,27.29
Guatemala,Yams,1991,25288,1983.5,759.23,26.5
Finland,Sweet potatoes,2009,61792,628.8,667.46,4.62
Cambodia,Potatoes,2012,10351,1868.9,516.92,29.22
Nicaragua,"Rice, paddy",1994,6313,2648.8,1720.94,26.99
Brazil,Sweet potatoes,2002,103169,1748.1,98261.68,23.05
Philippines,Maize,2009,9567,2676.6,7496.0,26.59
Uzbekistan,"Rice, paddy",2007,3064,150.8,8619.62,13.44
Sri Lanka,Sorghum,1992,3112,2039.9,1394.98,28.19
Jamaica,Soybeans,1995,3360,2314.8,664.95,28.43
France,Sorghum,1990,6515,749.8,16879.67,11.68
Colombia,Soybeans,1991,5655,2710.0,17064.18,24.93
Netherlands,Sorghum,1991,7273,687.3,3016.19,11.37
Russia,Sweet potatoes,2005,30652,430.9,6292.46,3.38
"Congo, Democratic Republic of the",Cassava,1994,44038,1329.9,106.93,27.17
Pakistan,Plantains and others,1994,24815,440.8,6693.62,24.55
El Salvador,Cassava,1997,44833,2160.1,913.01,26.33
Hungary,Wheat,2005,40760,793.9,8423.52,14.13
Japan,Sorghum,2005,6417,1293.4,24515.62,13.48
Jamaica,Sorghum,2010,2774,2063.8,425.19,25.32
Ukraine,Soybeans,1993,6672,506.4,7885.98,7.01
Sierra Leone,Wheat,2010,1131,2412.8,116.74,26.62
Haiti,Maize,2006,16547,1168.7,170.27,25.97
Nigeria,Sorghum,2000,6367,1241.6,508.85,25.68
"Tanzania, United Republic of","Rice, paddy",1997,14227,780.4,1253.57,23.67
Nicaragua,"Rice, paddy",2000,8743,2785.6,2026.5,27.57
Burundi,Maize,2001,13891,1014.4,80.89,18.55
Uruguay,Yams,2013,32909,948.6,2882.42,18.08
Honduras,Maize,2004,9231,2045.5,2747.77,25.51
Mozambique,Yams,1993,31272,892.2,192.86,25.21
China,Sorghum,1992,4320,573.8,445895.7,13.47
Israel,Sweet potatoes,2008,185844,349.0,1032.58,22.15
Nicaragua,"Rice, paddy",1997,7914,2701.5,1323.52,25.7
United States of America,Sorghum,2008,5358,672.3,129291.36,12.52
Netherlands,Soybeans,2013,16287,963.4,7617.92,13.33
Cambodia,"Rice, paddy",2001,15970,1911.8,749.39,26.39
Panama,"Rice, paddy",1997,7203,3330.2,2350.9,24.81
Ethiopia,Maize,2011,20748,862.8,2078.78,23.21
Mexico,Plantains and others,2007,43976,735.6,30555.13,21.96
Chile,"Rice, paddy",2008,12225,629.5,20840.58,12.22
Benin,Sorghum,1993,5032,819.4,121.43,29.45
Malaysia,Sorghum,2005,4589,1969.8,12740.22,28.15
Iraq,Sorghum,1999,7893,184.0,693.1,22.78
Canada,Soybeans,1996,9664,413.0,33420.03,3.94
Cameroon,Soybeans,2002,7261,1627.7,905.91,23.6
Ireland,Yams,1993,33637,1261.3,814.37,10.58
Bolivia,"Rice, paddy",2001,9958,1339.5,2588.17,19.13
Portugal,Maize,2003,28846,731.0,5152.62,16.96
Haiti,Soybeans,2001,4645,1713.6,110.21,25.71
Algeria,Potatoes,2009,111330,86.5,3097.29,20.19
Uzbekistan,Sorghum,2008,3178,199.4,4534.5,13.78
Cuba,Soybeans,2007,8837,1522.5,3289.45,25.67
Dominican Republic,Soybeans,2004,12719,1349.4,2036.81,23.51
"Congo, Democratic Republic of the",Soybeans,1996,4377,1537.6,141.03,22.8
Indonesia,Cassava,2010,60748,2170.1,10477.42,25.42
Spain,Soybeans,1997,8896,719.8,21262.2,14.3
Indonesia,Potatoes,1998,17488,2384.7,9562.97,28.45
Ethiopia,Maize,2009,20538,1045.5,1817.58,23.13
Angola,Sweet potatoes,2012,54024,1333.5,102.43,23.36
Bolivia,Sorghum,2001,5638,996.4,1022.62,22.27
Argentina,Sorghum,2004,5770,613.2,54562.02,14.64
Morocco,Maize,1994,16961,277.2,4245.8,18.48
Norway,Sweet potatoes,2002,49301,1623.9,389.12,3.91
China,Soybeans,2003,12507,587.8,1101567.88,15.72
Guatemala,Wheat,2003,3390,2126.9,2860.05,25.17
Saudi Arabia,Plantains and others,1995,20995,51.0,1496.44,25.15
New Zealand,Wheat,1996,29384,1106.1,2182.25,13.11
Myanmar,"Rice, paddy",2011,9401,2579.1,1845.35,27.48
Costa Rica,Plantains and others,2011,16426,3624.4,3525.03,22.56
Iran,"Rice, paddy",2003,2965,163.7,13760.39,18.55
"Congo, Democratic Republic of the",Sweet potatoes,1997,37918,1440.9,99.28,24.74
Senegal,Sweet potatoes,2012,56795,660.9,135.38,28.45
El Salvador,Plantains and others,2006,34635,2186.9,2367.78,26.12
Algeria,Potatoes,1995,113159,97.7,1686.38,17.84
South Africa,Cassava,2002,29094,510.0,7270.13,17.06
Romania,Soybeans,1994,5909,768.0,4945.06,13.12
Ireland,Cassava,1991,49000,1069.7,973.37,8.31
Iraq,Soybeans,2004,10366,215.5,2833.15,20.94
Iraq,Maize,2006,18425,164.7,1944.22,20.83
Finland,Soybeans,2001,10012,479.3,1306.15,4.63
Mexico,Cassava,2000,45888,891.1,16627.37,18.6
Thailand,Cassava,2001,123558,1705.0,8017.8,26.65
Netherlands,Cassava,2002,65454,834.2,2881.08,11.52
Cambodia,Plantains and others,2011,21661,2302.7,691.11,26.37
Zimbabwe,Maize,1993,22206,673.7,1144.4,22.52
Greece,Cassava,2009,31093,558.1,3583.0,15.9
Spain,Sweet potatoes,1993,101863,628.9,8928.97,16.81
Colombia,Soybeans,2005,6597,3061.5,18316.42,22.99
Kazakhstan,Soybeans,2002,3142,249.8,1926.73,8.23
Cambodia,"Rice, paddy",2011,22278,1884.3,930.67,28.93
South Africa,Cassava,2004,42297,450.6,3873.79,18.58
El Salvador,Yams,1999,16680,2202.0,1431.9,23.86
Zambia,Soybeans,2007,11845,925.6,641.08,25.32
Myanmar,Sorghum,2001,2809,2255.9,562.4,26.77
Hungary,Sorghum,1996,4994,592.1,4254.65,10.98
Ecuador,Maize,1996,8117,2131.5,5961.09,20.37
Czech Republic,Wheat,2013,14801,736.0,6653.87,8.35
Paraguay,Wheat,1999,12462,1422.6,6175.81,23.94
Morocco,"Rice, paddy",2007,4697,435.5,7941.04,17.07
Hungary,Maize,1996,15470,576.1,8422.5,12.49
Jamaica,Sorghum,2006,2702,1695.5,335.36,25.85
Indonesia,Sorghum,2004,4220,2918.5,8238.57,25.97
Kenya,Potatoes,2011,80430,616.2,1931.54,24.46
Jamaica,Sorghum,2004,5069,1519.2,246.35,27.45
Madagascar,Soybeans,1998,7171,1371.2,270.29,22.12
Thailand,Cassava,1991,101787,1128.3,8892.38,29.03
Malawi,Sweet potatoes,2013,54925,1462.0,143.16,23.16
Kenya,Maize,1999,25135,516.4,1836.97,23.42
Norway,Sweet potatoes,2008,55411,1233.0,383.98,6.95
Japan,Sorghum,1993,2379,1782.8,21919.46,15.65
Malaysia,Cassava,2006,56274,2241.8,14155.28,28.35
Finland,Sweet potatoes,1996,40821,479.3,350.96,4.65
Guatemala,Yams,2006,12845,2674.6,1716.65,24.33
Spain,Potatoes,2008,310797,482.9,24193.11,15.34
Israel,Potatoes,1999,165322,481.4,2150.8,23.9
Dominican Republic,"Rice, paddy",2012,30441,1329.5,3615.37,24.97
Sweden,Soybeans,1990,10115,640.2,959.56,6.31
Nepal,Soybeans,2013,9133,1415.3,167.49,20.69
Hungary,Sorghum,2013,5206,636.9,7386.27,13.93
Benin,Cassava,2011,43995,865.1,223.38,27.51
Saudi Arabia,Yams,1996,32946,49.0,952.43,26.75
Laos,"Rice, paddy",1991,17783,1679.9,262.27,26.25
"Congo, Democratic Republic of the",Plantains and others,2010,17536,1639.2,134.32,24.73
Turkey,Soybeans,2000,5873,699.5,37225.72,14.66
Benin,Sorghum,2007,5056,896.4,203.31,29.06
Zimbabwe,"Rice, paddy",1999,8059,756.6,1491.4,19.84
Argentina,Wheat,1996,40929,538.6,92933.76,19.85
Rwanda,"Rice, paddy",2008,6673,987.4,339.32,19.29
Afghanistan,Plantains and others,1995,1858,259.0,86.57,16.89
Mali,Potatoes,1995,23241,384.2,241.32,29.12
Peru,Plantains and others,1999,19807,1852.7,2464.01,17.39
Dominican Republic,Plantains and others,1995,37465,1256.1,1568.7,26.08
Brazil,Plantains and others,2011,77028,1337.4,163581.66,25.18
Czech Republic,Potatoes,2010,177481,730.9,5906.34,10.01
United States of America,Wheat,2003,31730,634.7,281173.72,10.77
South Africa,Wheat,1996,29468,580.6,5194.81,19.31
Costa Rica,Soybeans,2004,6224,2593.6,6990.76,22.09
Algeria,Potatoes,1996,101315,91.4,1783.36,18.66
Italy,Potatoes,1998,236092,976.6,29543.22,15.85
Angola,Yams,1991,18567,936.0,117.49,20.89
Jamaica,Maize,1992,7628,2411.5,706.18,25.09
France,Yams,2009,42003,801.4,17594.3,11.88
Hungary,Plantains and others,1991,11246,612.7,3711.84,12.78
Poland,Potatoes,2005,115685,588.9,10736.79,8.98
India,Plantains and others,1999,47555,1239.4,19137.46,25.03
Italy,Soybeans,1995,8998,855.7,30543.23,13.5
France,Yams,2000,35073,744.1,21417.57,11.76
Mexico,Maize,2007,36100,959.9,41110.78,20.66
Kenya,Plantains and others,2012,21810,550.5,1561.81,21.85
Dominican Republic,Sorghum,2010,5855,1328.3,1715.13,28.28
Kenya,Plantains and others,1995,19343,613.2,459.66,22.15
Benin,Plantains and others,1999,21383,968.4,340.29,29.94
South Africa,Potatoes,2004,223135,473.1,7165.59,16.64
United States of America,Wheat,1994,24563,747.9,209097.14,12.06
Ireland,Potatoes,1990,89139,1224.8,1187.69,7.78
Togo,Yams,1999,29930,1509.7,49.64,28.03
Canada,Sorghum,1993,5545,431.8,11632.41,6.96
Bolivia,Potatoes,1996,74997,1159.0,1435.15,22.16
Ethiopia,Potatoes,2002,49466,883.1,1273.25,24.42
Chad,Soybeans,2012,7909,405.8,209.81,24.38
Egypt,Soybeans,1991,12557,36.4,4438.99,21.81
Netherlands,Plantains and others,2010,15139,462.9,6315.64,10.26
Jamaica,Wheat,1990,4702,1492.9,323.33,26.26
Romania,Soybeans,1993,6057,642.9,7036.87,9.82
Japan,Wheat,1993,13776,2004.1,23683.94,16.28
Burundi,Yams,2013,10836,1407.3,55.36,18.75
Kazakhstan,Sorghum,1994,2479,196.9,897.94,7.12
Nicaragua,Soybeans,2004,3321,2461.0,1443.72,22.28
Thailand,Wheat,1993,4403,1437.6,15387.51,28.18
Sierra Leone,Wheat,2012,1121,2394.8,185.75,27.53
Iraq,"Rice, paddy",1995,4296,226.3,2007.65,22.53
Peru,Maize,1996,9602,1855.7,4028.65,17.76
India,Plantains and others,2001,48767,1235.8,22479.49,24.6
Rwanda,Yams,1994,14239,1614.3,35.78,19.68
Germany,Maize,1998,19659,791.7,18282.31,9.84
Rwanda,Potatoes,1990,55696,1072.2,100.09,21.38
Mozambique,Soybeans,1991,6762,1079.9,537.5,23.73
Russia,Potatoes,1990,43451,461.3,8492.43,3.1
Zambia,Yams,2003,24329,1160.4,209.81,21.92
Togo,Potatoes,2004,28973,995.3,198.16,30.12
Mali,Sweet potatoes,2001,30352,394.9,101.33,29.84
Ecuador,Plantains and others,1994,33377,2125.2,4908.66,22.26
Costa Rica,Plantains and others,2009,22865,3616.4,4061.39,25.32
Honduras,Yams,2009,15055,2274.9,617.7,22.75
Mexico,Potatoes,1999,133316,699.5,26719.9,21.42
Bolivia,"Rice, paddy",2009,7118,1047.9,3104.51,18.5
Ireland,Wheat,2007,11924,1328.7,2001.27,7.96
Iran,"Rice, paddy",1996,5832,163.5,11653.41,20.77
Ireland,Cassava,2007,46665,970.5,476.59,10.23
Sudan,"Rice, paddy",2000,5575,261.6,1319.26,27.4
Guatemala,Potatoes,1991,54334,1490.6,2253.86,21.93
Iraq,Sweet potatoes,1996,50688,161.6,519.07,21.86
Jamaica,Sorghum,2001,2593,2193.5,332.36,24.89
Guatemala,Cassava,1992,24413,2320.4,422.21,22.68
Senegal,Potatoes,1990,22452,796.2,261.42,26.42
Dominican Republic,Soybeans,1997,8724,1498.1,1563.6,25.63
Argentina,Maize,2003,18796,755.8,129067.42,13.8
China,Sorghum,1994,5171,714.7,801268.39,14.88
Iran,Sorghum,2007,4894,236.3,6450.28,18.83
Italy,"Rice, paddy",1998,12771,682.9,36162.14,13.85
"Tanzania, United Republic of",Sweet potatoes,1999,74580,847.4,374.03,25.77
Afghanistan,Soybeans,2013,2205,324.2,212.64,14.68
Morocco,Cassava,1990,13425,365.5,1714.07,17.43
Pakistan,"Rice, paddy",2000,19839,511.2,20446.61,24.96
Malawi,Potatoes,2001,53427,833.5,349.92,24.8
Bangladesh,Plantains and others,1991,44095,1819.1,3539.34,26.73
Burkina Faso,Sweet potatoes,2013,53040,621.7,229.94,26.32
Cambodia,Potatoes,2006,16583,2299.0,451.77,24.27
Poland,Potatoes,2008,183586,555.6,14340.53,9.5
Chile,Plantains and others,2009,17269,867.3,12702.35,13.77
Thailand,Sorghum,2002,3903,2073.9,7129.98,28.21
Kenya,Wheat,2003,14786,612.8,2230.66,23.29
Morocco,Soybeans,2013,13069,396.5,7202.18,18.0
Brazil,Sorghum,2010,8210,1566.0,141139.66,27.71
Sri Lanka,Wheat,2009,2007,1757.6,3605.27,28.21
Burkina Faso,Sorghum,1995,5453,754.0,263.95,27.71
Guinea,Cassava,1997,36770,1624.7,59.41,27.51
Romania,Plantains and others,2008,6002,363.4,6375.68,9.42
Chile,Soybeans,2001,10801,724.3,14235.47,15.56
Costa Rica,Sweet potatoes,2008,38140,2736.7,2740.74,26.42
Nicaragua,Soybeans,1993,3280,3177.0,1067.85,24.5
Myanmar,Sorghum,2009,2861,2738.2,569.77,24.32
Ghana,Cassava,2008,81713,1043.0,822.15,27.09
Jamaica,Plantains and others,2005,31328,2113.3,625.18,26.79
Bangladesh,Plantains and others,2001,38105,2078.9,6755.4,24.21
Mozambique,"Rice, paddy",2000,13830,1053.1,643.95,24.23
Myanmar,Wheat,1996,1526,2003.3,932.49,28.4
Angola,Sorghum,1992,3583,1068.4,147.33,23.04
Burundi,Soybeans,1998,7925,1094.8,68.8,19.38
Cambodia,Potatoes,1996,8225,2157.7,409.37,28.64
Zambia,Soybeans,2008,10105,962.3,833.62,20.65
Greece,Cassava,1998,36533,651.8,3481.0,15.08
Malaysia,Cassava,1993,29020,3490.7,8092.36,28.11
Niger,Wheat,2012,3217,256.1,277.57,27.81
Bolivia,Sorghum,2010,4303,1270.7,779.08,22.11
Kenya,"Rice, paddy",2001,10706,524.3,2529.57,22.85
Ivory Coast,Potatoes,1996,17902,1388.3,1185.95,28.85
Hungary,Maize,2005,13744,650.0,11243.81,13.48
Uzbekistan,Cassava,2006,8856,191.3,5140.83,14.5
Haiti,Plantains and others,2004,23079,1151.3,90.68,27.28
Ghana,"Rice, paddy",2010,31761,1248.8,2687.51,27.41
Venezuela,Cassava,1997,88145,1319.1,4507.79,24.46
Peru,Plantains and others,1996,34181,1768.1,2734.98,20.6
Pakistan,"Rice, paddy",2003,12624,476.8,20546.82,26.3
Malaysia,Sorghum,2011,5423,2924.5,7254.49,26.8
Haiti,Soybeans,1991,3712,1700.0,71.84,27.21
Nicaragua,Soybeans,2001,2907,2643.6,1297.38,25.87
United States of America,Sorghum,2006,5650,808.8,200892.55,11.4
Senegal,Plantains and others,2001,24588,825.4,201.62,27.44
Haiti,Soybeans,2004,3613,1550.0,186.95,27.7
Malawi,Sweet potatoes,1997,50844,1093.1,124.78,26.52
Uganda,Plantains and others,2012,22855,728.5,334.98,22.12
Egypt,Plantains and others,2000,11894,63.1,3218.48,21.81
Brazil,Wheat,2007,9320,1634.5,239740.24,25.46
El Salvador,Maize,1998,18713,1544.4,2650.43,25.94
Spain,Maize,2010,24397,812.2,43075.53,16.31
Cuba,Soybeans,1990,9952,1291.7,1880.36,28.39
Uzbekistan,"Rice, paddy",1995,2284,213.9,6201.11,12.32
Turkey,Soybeans,2007,7098,565.3,33803.71,12.47
Peru,Plantains and others,2003,20269,1883.3,3169.78,17.15
Poland,Potatoes,2000,112201,498.2,8531.6,9.46
Venezuela,Yams,2010,48443,1577.7,3009.48,23.23
Bolivia,Cassava,2002,28988,1060.3,751.63,18.57
"Tanzania, United Republic of",Wheat,2010,12763,907.0,1201.37,24.39
Cambodia,Wheat,1991,6228,1345.3,487.76,24.73
Israel,Yams,1990,21744,402.3,700.46,16.97
Rwanda,Potatoes,2002,68594,856.9,101.84,21.46
South Africa,Potatoes,2010,244809,393.9,10248.75,16.83
Argentina,"Rice, paddy",2005,10443,642.9,189938.58,15.67
Kenya,Sorghum,2002,5572,555.8,397.18,21.38
Venezuela,Yams,2012,30007,1777.8,6125.36,23.53
Haiti,Yams,1993,28959,1267.9,47.82,27.92
India,Cassava,2000,81594,943.8,20269.39,26.11
Czech Republic,Sorghum,1993,6167,633.6,1450.49,5.67
Niger,Potatoes,2000,20825,329.8,95.09,26.28
Ethiopia,Potatoes,2000,72345,951.6,813.0,22.19
Cuba,Yams,2000,57644,1345.0,1633.35,23.86
El Salvador,Sorghum,1991,2699,1914.7,1554.54,24.97
Jamaica,Plantains and others,2012,22178,2412.4,687.24,27.24
Malaysia,"Rice, paddy",2007,13985,2989.0,28483.95,28.24
Mexico,Plantains and others,2006,41484,626.4,25027.27,22.16
Canada,Sweet potatoes,2009,66463,589.3,14970.5,2.19
Pakistan,Yams,2005,45551,421.5,7408.71,26.92
Haiti,Plantains and others,2000,24895,1413.4,55.82,25.59
Peru,Sweet potatoes,1993,50429,1846.7,1459.22,19.97
Malawi,Sorghum,2013,4752,1362.1,285.59,23.87
Iraq,Plantains and others,2008,11092,226.7,1387.76,22.96
"Tanzania, United Republic of",Plantains and others,1990,25495,914.1,521.24,27.22
Panama,Sorghum,1992,2848,2889.4,372.52,23.74
Iraq,Sweet potatoes,2005,45281,202.6,740.77,21.0
Iraq,Cassava,2000,33929,236.2,393.25,22.43
Iran,Soybeans,2004,8222,199.6,11594.67,18.08
Japan,Sorghum,2002,2708,1834.5,28189.08,15.72
Burkina Faso,Maize,1997,15676,918.7,511.4,28.46
Sri Lanka,"Rice, paddy",2010,19834,2151.8,6332.15,25.98
Bolivia,Sorghum,2008,3329,1222.9,1298.82,18.79
Burkina Faso,Plantains and others,1992,16154,699.5,257.47,28.39
Ethiopia,Cassava,2008,41374,914.1,409.22,20.49
Sudan,Cassava,1993,22638,265.5,302.74,29.97
Venezuela,Soybeans,1999,4546,2205.5,8644.93,25.07
Czech Republic,Potatoes,2004,162877,633.6,4458.11,9.1
France,Maize,1992,19796,799.7,33924.96,11.78
Benin,Sweet potatoes,2011,46820,1031.3,227.9,27.03
Afghanistan,Soybeans,2005,2235,346.1,121.46,13.97
Mali,"Rice, paddy",2010,10125,420.9,589.35,28.57
Algeria,Potatoes,2013,100626,97.1,3952.04,17.77
"Congo, Democratic Republic of the",Maize,2010,11377,1309.9,259.77,25.35
Venezuela,Yams,1991,14967,2454.2,1537.07,25.77
South Korea,"Rice, paddy",2004,15358,1096.4,25217.01,12.78
Zimbabwe,Wheat,2003,16254,715.9,1075.82,22.05
Nigeria,Plantains and others,2013,53433,1507.7,1707.31,27.32
Sweden,Soybeans,2007,9653,665.0,1918.95,6.12
Cambodia,Wheat,1990,1271,2092.5,425.54,28.42
Peru,Sorghum,1998,1947,1510.3,2589.15,17.56
Argentina,Sorghum,1998,4993,725.6,66799.54,15.1
Greece,Yams,2004,30262,712.1,4061.34,16.83
Jamaica,Maize,2001,9719,1948.1,705.0,25.66
Kenya,Maize,2004,22328,752.3,2521.74,19.77
Cameroon,Yams,1999,19995,1795.2,589.98,23.85
Burundi,Yams,2004,28346,1314.2,36.93,23.15
Indonesia,Plantains and others,1992,14218,2758.9,10315.97,25.07
Iraq,Yams,2013,13554,209.7,1248.48,20.63
Saudi Arabia,"Rice, paddy",2005,12484,47.0,4105.54,25.15
India,Maize,2001,30416,1046.0,30470.18,25.1
Myanmar,"Rice, paddy",1992,15255,2079.1,897.73,24.32
Sierra Leone,Wheat,2008,1165,2548.2,148.22,29.64
Angola,Wheat,2009,10230,1113.9,335.46,22.79
Togo,"Rice, paddy",2006,18539,1266.4,325.51,26.2
Jamaica,Cassava,2008,58349,1889.0,321.69,25.93
Bolivia,Sweet potatoes,1992,41743,843.3,403.78,19.29
Dominican Republic,Soybeans,2012,14592,1082.9,3000.04,23.66
Cambodia,Yams,2012,30638,1737.9,372.65,27.34
Brazil,Wheat,2008,7522,1719.3,279719.1,25.69
Cuba,Soybeans,1991,10801,1373.4,2712.38,24.31
Chile,Sorghum,2013,5796,637.4,11713.24,13.28
Sudan,Cassava,2008,31546,320.7,631.91,27.45
Jamaica,Plantains and others,2011,40318,2074.2,508.71,25.6
El Salvador,Maize,1996,9038,2013.2,2724.94,24.56
Sri Lanka,Sorghum,1993,2526,1941.9,910.16,24.16
Costa Rica,Sorghum,1996,2748,2920.9,2624.86,20.8
Burundi,Wheat,1992,6197,1557.5,34.11,17.55
Morocco,Wheat,1999,21832,255.2,3658.45,18.52
New Zealand,Cassava,2007,43416,2041.6,1323.4,10.73
Cuba,Maize,1993,18091,1282.0,2276.48,28.62
Russia,Maize,2012,13347,574.5,32696.37,3.99
Iraq,Yams,1994,22602,183.2,0,22.98
Pakistan,Maize,2002,28672,506.0,19252.1,24.63
Rwanda,Soybeans,2006,8028,1292.3,271.37,21.88
"Tanzania, United Republic of",Potatoes,2006,55627,1148.1,1061.14,24.4
Finland,Sweet potatoes,2010,56776,437.2,461.73,1.67
Guinea,"Rice, paddy",1996,16666,1535.2,341.41,26.31
Bangladesh,Sweet potatoes,1996,39555,1780.7,1420.99,22.97
Senegal,Plantains and others,2010,19027,734.0,358.58,29.41
Chile,Sorghum,1997,4789,538.4,5554.4,15.71
Denmark,Maize,2010,25670,625.1,3985.21,8.19
Venezuela,Sweet potatoes,1999,29652,2300.7,1438.56,26.98
Mozambique,Yams,2008,33461,983.4,159.69,26.15
Chad,Wheat,2003,3965,469.0,89.66,27.08
Senegal,Sorghum,2009,7880,710.6,169.08,27.98
Afghanistan,Soybeans,1994,1656,307.4,109.37,14.58
Cuba,Cassava,2003,73391,1104.8,1590.07,27.68
El Salvador,Yams,2007,45086,1424.4,1830.74,26.01
Paraguay,Maize,1996,22896,1415.4,9948.82,19.1
Nigeria,Maize,1999,18436,1005.0,1394.02,28.54
South Africa,Cassava,2000,35342,493.1,3111.91,18.13
Hungary,"Rice, paddy",2012,11471,575.6,16220.3,11.61
Russia,Potatoes,1999,54259,479.8,16916.6,4.96
"Congo, Democratic Republic of the",Sweet potatoes,1992,41637,1118.3,0,23.94
United States of America,Yams,2000,43298,755.9,100826.13,11.52
Uzbekistan,"Rice, paddy",1992,2016,202.8,5087.46,12.42
Laos,"Rice, paddy",1990,9682,2194.0,208.9,25.55
Spain,Soybeans,2000,12490,644.3,29446.85,15.7
Afghanistan,Sweet potatoes,1996,6674,266.1,64.87,13.33
Austria,Soybeans,1998,8449,1145.7,2431.03,5.47
Cuba,Plantains and others,2004,42830,1427.0,2105.61,24.8
South Korea,Soybeans,2013,7974,1358.0,23493.28,11.73
Ukraine,Sorghum,2013,5430,527.7,8823.09,9.4
"Tanzania, United Republic of","Rice, paddy",1992,16761,1004.0,1245.28,25.67
Laos,"Rice, paddy",2006,15450,1942.3,392.98,26.1
Morocco,Cassava,2001,36368,288.7,2721.53,20.66
Norway,Sweet potatoes,2009,50108,1507.1,314.85,2.03
Ethiopia,Cassava,2012,49013,878.4,912.48,22.47
Rwanda,"Rice, paddy",2013,13390,1177.3,399.88,21.16
Portugal,Potatoes,1994,187256,829.5,2682.24,17.33
South Africa,Wheat,2005,37135,519.1,11205.15,19.53
Canada,Soybeans,1995,9413,468.4,39558.67,5.96
Mali,Yams,2007,16653,409.9,221.66,28.1
South Korea,Plantains and others,1996,35024,1383.3,8005.84,13.36
Angola,Sorghum,1993,2903,1045.2,191.33,22.17
Cuba,Sweet potatoes,2010,91258,1375.7,926.4,25.29
Morocco,Yams,1991,12151,367.8,411.23,18.1
Belgium,Sweet potatoes,1992,51374,916.7,2001.65,11.22
Paraguay,Wheat,2000,17366,1057.4,9330.84,24.86
El Salvador,Yams,2010,32248,1754.2,601.69,25.44
China,Potatoes,2002,229448,705.7,913375.7,13.9
Burundi,Sorghum,1991,1224,1447.5,31.98,20.0
Kenya,Wheat,2007,14654,747.5,2139.25,23.74
Bangladesh,Soybeans,1991,3924,2205.6,5412.35,28.09
Afghanistan,Sweet potatoes,2001,10455,372.1,26.39,13.77
North Korea,Plantains and others,2004,10724,1150.3,376.39,10.7
Guinea,Soybeans,2009,6319,1432.8,352.83,25.48
Belgium,Potatoes,1992,246830,914.2,3054.29,12.21
France,Yams,2013,43925,853.7,30350.19,11.96
Italy,Potatoes,2003,235724,956.7,31407.4,13.0
Malawi,Maize,1996,12871,1249.9,325.2,22.2
South Africa,Plantains and others,1990,9804,616.6,4054.87,15.89
Cuba,Soybeans,2010,12384,1456.1,3102.34,27.03
Czech Republic,Potatoes,2008,216212,692.1,5222.76,11.73
South Korea,Maize,1991,15582,1478.9,9766.62,12.96
Ecuador,Cassava,2004,46425,1698.6,2214.24,20.49
Ghana,Yams,1994,37572,1094.6,132.98,25.53
Cuba,Maize,2004,20209,1126.0,2674.07,27.08
Guatemala,Cassava,1998,37945,1987.8,2039.82,23.08
France,Sorghum,2001,8067,579.2,25894.32,13.42
China,Yams,1994,28442,711.3,338240.36,11.95
Hungary,Wheat,1992,16062,475.8,3088.18,10.13
Romania,Yams,1997,17696,613.7,2292.37,10.8
Philippines,Plantains and others,1991,25074,2436.6,3270.07,27.12
Netherlands,Soybeans,1999,14469,777.3,5610.5,8.26
Burundi,Potatoes,2003,55328,1147.9,54.81,22.6
Haiti,Maize,2007,16181,1416.2,160.56,26.22
Guatemala,Soybeans,2006,3789,1922.9,2495.22,24.54
Japan,Sweet potatoes,2005,47909,1713.7,22243.25,14.2
Rwanda,"Rice, paddy",1998,5517,1364.0,277.54,18.55
Peru,Maize,2007,8487,2002.5,7375.03,19.32
South Korea,Plantains and others,1998,22789,1305.5,10823.61,11.5
Sudan,"Rice, paddy",2011,6024,227.6,1697.87,26.56
Madagascar,Plantains and others,2003,21587,1398.9,238.75,27.66
Hungary,Plantains and others,2011,14719,495.4,7108.78,11.05
Dominican Republic,"Rice, paddy",2013,28804,1461.5,3452.31,25.46
Saudi Arabia,Yams,2010,27962,67.0,1542.99,24.98
Mexico,Potatoes,1994,118167,694.5,19217.4,22.55
Costa Rica,Sorghum,1990,3053,2695.8,2429.49,23.07
Honduras,Yams,2011,20952,2183.3,1293.45,25.95
Burundi,Wheat,2000,6829,1393.0,67.33,18.99
Turkey,Cassava,2010,28763,640.6,22181.21,14.47
Brazil,Maize,1998,17184,2308.8,264931.45,26.75
Algeria,Sorghum,1995,5538,95.1,1999.02,20.64
Italy,Potatoes,2009,281541,707.8,35848.44,14.19
South Korea,Soybeans,2000,8783,1073.6,16399.83,11.19
"Congo, Democratic Republic of the",Sweet potatoes,2002,37483,1299.8,107.73,25.13
Dominican Republic,Plantains and others,1998,36478,1987.3,1339.81,26.96
Nigeria,Potatoes,1991,36743,1284.8,1250.41,24.77
Chad,Wheat,2012,3837,413.7,161.35,28.61
Paraguay,Plantains and others,1997,38200,1016.0,3936.28,20.56
Philippines,Maize,1990,8991,2237.5,3089.98,26.3
Ireland,Sorghum,1990,5313,1020.1,404.43,8.79
Ghana,Maize,2003,32064,1177.9,1973.55,24.95
Finland,Soybeans,2012,9030,494.3,1657.9,3.33
Iran,"Rice, paddy",2009,4881,250.3,16137.85,18.77
Senegal,Sweet potatoes,1991,44299,604.9,63.19,28.58
Romania,Plantains and others,2007,13577,659.5,4693.11,10.51
Spain,Potatoes,2005,280905,582.8,27893.72,18.19
Italy,Wheat,2007,37281,925.1,38728.1,16.3
Niger,Wheat,2004,4977,275.8,225.9,26.24
Nicaragua,Yams,2009,17072,2413.2,803.41,28.58
Honduras,Maize,1994,6864,2121.5,1868.42,27.11
Morocco,Plantains and others,2002,4862,377.6,3999.86,16.16
"Tanzania, United Republic of",Yams,2002,26699,1274.3,207.62,21.86
Portugal,Yams,2004,36076,874.3,3579.87,14.23
Venezuela,Sweet potatoes,2012,31626,1986.4,8063.81,29.88
Italy,"Rice, paddy",2005,16255,863.0,58504.96,12.8
Ecuador,Cassava,2007,49685,2149.4,4404.78,21.9
New Zealand,Sweet potatoes,2003,21081,2145.7,1021.28,14.93
Cambodia,Plantains and others,1992,34498,1523.7,382.27,24.67
Senegal,Sweet potatoes,1992,44709,717.1,111.97,29.35
India,Plantains and others,2004,50220,1026.8,22747.1,25.27
Sweden,Soybeans,2005,10905,758.3,1928.1,4.97
Togo,Plantains and others,2002,23756,1397.2,156.59,26.24
Chad,Soybeans,2007,4379,504.3,162.58,29.84
Guinea,Sorghum,2000,1661,1681.9,195.57,25.5
South Korea,Wheat,1994,17346,1049.6,12740.96,10.43
Kenya,Cassava,2006,59856,825.5,943.98,22.67
South Africa,Cassava,1995,19336,415.6,4935.19,17.45
Myanmar,Soybeans,1999,3849,2433.6,936.97,25.76
United States of America,Soybeans,2004,10882,716.6,292421.06,11.08
United States of America,Plantains and others,2004,33001,960.5,237526.29,14.98
Iran,Yams,2011,22321,206.9,5019.06,20.35
Philippines,Cassava,1992,64444,1757.9,1123.81,25.68
Egypt,Plantains and others,1996,12376,52.4,4216.04,22.63
Portugal,Cassava,1996,40295,960.7,2132.1,15.98
Poland,Sorghum,1995,3809,677.6,3452.47,10.53
Peru,Sorghum,2013,1573,1850.9,3853.44,18.06
Argentina,"Rice, paddy",2003,8633,480.9,183237.81,13.96
Mexico,"Rice, paddy",1996,24538,821.5,41736.28,22.8
Angola,"Rice, paddy",2009,13059,773.0,473.72,24.01
Turkey,Wheat,2011,30640,509.5,42809.27,15.0
Ivory Coast,Potatoes,2001,14173,1777.4,1834.07,27.86
Guinea,Wheat,1998,4544,1495.8,269.44,25.31
Germany,Maize,1996,17443,548.1,18355.34,10.59
Pakistan,Potatoes,2006,90847,501.0,10817.91,24.09
Saudi Arabia,Plantains and others,2013,19192,63.6,2494.57,26.1
Senegal,Cassava,2006,47911,493.5,362.21,28.67
Benin,Sweet potatoes,2000,32460,573.1,138.33,31.0
Hungary,Cassava,2011,35773,595.7,4942.82,12.15
Cuba,Soybeans,2003,12155,1321.4,2477.35,25.67
Philippines,Cassava,2011,27922,2600.4,4145.52,28.65
"Tanzania, United Republic of",Yams,2009,32857,1047.0,499.19,24.14
Nicaragua,Yams,1993,16967,2149.5,265.67,23.66
Uzbekistan,Cassava,1991,9101,203.5,650.91,14.07
Benin,Sorghum,2012,5378,1119.8,213.84,30.21
Kazakhstan,Potatoes,1999,36866,273.4,1386.62,5.72
Benin,Cassava,2006,48855,1026.1,211.22,28.48
Guinea,Cassava,2011,36687,1693.2,175.81,25.79
Myanmar,Wheat,2010,2409,1903.7,1275.2,26.17
South Korea,Yams,2006,31720,977.0,8720.75,14.88
Chad,Plantains and others,1996,7790,455.3,91.25,25.11
Laos,Maize,2010,5731,2303.4,340.05,26.29
El Salvador,Potatoes,2004,36417,1814.5,2097.33,23.29
Belgium,Potatoes,2008,135341,903.4,4457.87,7.91
Italy,Maize,1991,16890,806.4,25647.67,14.94
Senegal,Sweet potatoes,2006,61166,667.0,54.66,24.9
Costa Rica,Sorghum,2001,4137,2452.9,3125.5,25.12
Panama,Sorghum,2006,3785,2230.4,715.99,27.2
Kenya,Cassava,1992,54370,749.3,549.25,23.13
Israel,Sweet potatoes,1994,176541,416.1,633.14,21.15
Angola,Sweet potatoes,2002,59780,826.8,200.9,22.98
Brazil,Wheat,1993,8968,1685.8,145339.46,24.11
Zimbabwe,"Rice, paddy",2010,13144,692.6,2379.39,22.22
Iraq,Sorghum,2002,6418,237.8,1332.64,21.62
Angola,Yams,1994,13834,1149.1,150.29,19.94
Uganda,Plantains and others,1997,37482,1479.2,199.09,23.62
Mexico,"Rice, paddy",1990,9224,730.6,28776.12,19.01
"Congo, Democratic Republic of the",Cassava,2012,41195,1548.3,163.61,28.4
Japan,Wheat,1995,9965,1788.0,31868.37,12.46
Benin,Sorghum,2000,4510,1117.8,176.72,29.11
Portugal,Wheat,2007,27314,1113.9,4179.85,15.68
Russia,Potatoes,1992,44679,428.7,12824.86,5.4
Thailand,Yams,1998,105169,1360.9,8846.74,28.28
Burkina Faso,Plantains and others,1998,14467,725.0,196.59,29.3
"Congo, Democratic Republic of the",Maize,2011,10448,1595.3,299.04,25.6
Afghanistan,Yams,1995,5382,361.2,22.13,15.81
Morocco,Soybeans,2002,12317,347.3,5576.54,18.39
"Congo, Democratic Republic of the",Sweet potatoes,2008,33467,1715.4,69.78,23.98
Romania,Yams,1991,26690,839.6,2200.93,8.92
Pakistan,Yams,2004,47567,531.8,6722.68,25.36
Haiti,Soybeans,2010,7063,1396.0,172.95,27.49
Burundi,Maize,1994,13021,1311.8,66.11,19.5
United States of America,Sorghum,1997,7806,756.0,186361.51,9.06
Venezuela,Yams,2006,38259,2058.6,2610.51,25.08
Spain,Wheat,2006,43518,723.8,28204.29,15.04
Indonesia,Soybeans,2003,5056,2479.9,13958.36,28.48
South Africa,Sweet potatoes,2007,107148,436.9,3797.51,18.17
Austria,Potatoes,2001,94867,901.4,3137.13,8.09
El Salvador,Sweet potatoes,2008,59242,1770.1,1245.95,23.9
Uganda,Soybeans,2002,8386,1393.9,300.12,22.15
Thailand,Soybeans,1999,5858,1977.2,16803.79,28.76
Kazakhstan,Potatoes,2011,71054,216.8,2301.98,9.21
Israel,Potatoes,1998,289651,431.3,1786.29,19.81
Guatemala,Soybeans,1994,8846,1509.8,3079.14,25.92
Jamaica,Sorghum,1999,2485,2198.7,234.79,24.88
Greece,Cassava,2005,40777,600.2,2494.42,17.53
France,Soybeans,2003,9088,648.6,45020.67,14.18
Nigeria,Sweet potatoes,1994,48765,1252.4,501.08,27.89
Hungary,Maize,1994,14395,731.7,7317.13,9.25
Peru,Maize,2003,6061,1784.7,5271.14,15.75
"Congo, Democratic Republic of the",Wheat,1991,2803,1664.2,137.87,24.22
Hungary,Wheat,1998,20654,600.6,8139.54,10.79
Portugal,Potatoes,2003,211327,950.6,3376.23,13.94
Egypt,Maize,2007,36785,46.0,9081.84,21.92
Niger,Potatoes,1998,17903,221.5,158.5,28.37
Laos,Sweet potatoes,1999,43910,1625.8,0,23.85
Mozambique,Potatoes,2011,38125,1153.7,468.2,25.33
Afghanistan,Soybeans,1996,1836,248.4,112.64,13.93
Haiti,Cassava,2011,38821,1729.9,85.56,25.73
Italy,Soybeans,2008,10000,743.7,48809.54,12.38
Peru,Sorghum,1991,1858,1820.2,53.49,19.15
Kenya,"Rice, paddy",2010,12365,613.8,3507.39,23.17
"Congo, Democratic Republic of the",Soybeans,2009,5959,1339.2,225.96,26.43
Guatemala,Plantains and others,2000,27283,2350.4,1978.04,24.51
Nigeria,Soybeans,2011,11155,1307.2,2525.65,26.93
Indonesia,Cassava,1996,29263,3285.2,3364.01,25.56
Bangladesh,Soybeans,2000,4470,2203.8,7874.92,23.33
Brazil,Plantains and others,2005,71017,1461.1,190780.08,25.05
Sudan,Yams,2004,18500,232.0,338.17,28.8
Burundi,Yams,1994,17907,1055.1,20.38,20.54
Morocco,Maize,2012,26137,372.3,8428.07,18.65
Uruguay,Sweet potatoes,1995,89295,719.0,2412.55,16.92
Malaysia,Sorghum,2010,4827,3269.4,11505.28,25.8
Morocco,Plantains and others,2005,9490,344.2,4731.99,18.39
Ireland,Sweet potatoes,2009,59855,1110.6,1388.18,9.73
Algeria,Sorghum,1991,7443,91.7,538.9,22.95
Burundi,Maize,1993,11389,1494.2,50.79,21.07
Italy,Soybeans,1992,10364,1044.0,26147.55,12.94
South Korea,Yams,2003,34219,1328.2,7620.92,15.01
Uganda,Plantains and others,2007,29015,1077.1,288.17,23.18
South Korea,"Rice, paddy",2009,19021,1289.8,30234.69,13.89
Bolivia,Potatoes,2006,88141,923.2,2014.25,21.76
Canada,Soybeans,1991,9076,695.6,33216.55,4.36
"Tanzania, United Republic of",Yams,2005,35774,977.2,716.43,21.96
Panama,"Rice, paddy",2003,20184,2097.3,3292.76,24.51
Mozambique,"Rice, paddy",1991,9178,1130.0,631.21,23.45
Panama,Cassava,2009,25032,3150.4,1221.07,28.58
Netherlands,Wheat,1999,29404,830.3,5367.91,10.18
Malawi,Sorghum,2003,3872,1411.1,220.59,23.86
South Korea,Plantains and others,2012,34263,1136.1,14972.25,12.05
"Tanzania, United Republic of",Plantains and others,1993,23924,1136.1,814.43,21.18
"Congo, Democratic Republic of the",Wheat,2009,1680,2054.1,243.95,26.32
United Kingdom,Plantains and others,2013,37327,1166.5,16458.23,7.32
Ireland,Maize,2001,17420,1375.5,1868.57,9.42
Italy,Maize,2011,20694,846.0,52194.14,10.22
Finland,Sweet potatoes,1999,43283,649.3,381.86,4.12
France,Cassava,1997,53144,890.1,16827.52,11.91
Uzbekistan,Sorghum,1996,2474,196.9,2399.94,12.74
Sudan,Cassava,2000,22337,256.7,433.66,28.98
Togo,"Rice, paddy",1996,13354,950.2,179.98,27.15
France,Soybeans,1990,9684,853.4,40176.88,11.78
Chile,Plantains and others,1991,16601,860.6,6371.32,13.91
Bolivia,Soybeans,2008,13107,1073.1,1760.62,20.67
Indonesia,Plantains and others,2003,29537,2310.7,9515.99,26.18
Myanmar,"Rice, paddy",2007,6256,2772.8,1638.33,26.16
Costa Rica,Sweet potatoes,2007,38518,3603.7,2356.31,26.63
Argentina,Sweet potatoes,2000,74306,558.4,23583.65,16.25
Guinea,Sorghum,2002,1695,1638.3,117.53,23.85
Paraguay,Maize,1998,34980,1026.3,11456.87,22.62
India,Plantains and others,1994,49904,1183.9,6114.86,26.41
Guinea,Sorghum,1997,3902,1418.3,137.81,28.28
Zimbabwe,"Rice, paddy",1997,11671,740.2,1488.8,23.77
Argentina,Sweet potatoes,1996,49502,577.8,30805.6,14.91
Kenya,Yams,2009,35117,435.4,1146.51,22.77
Honduras,Plantains and others,2010,30098,2246.6,1195.61,27.48
Chile,Wheat,2013,39365,716.0,17968.64,14.97
New Zealand,Soybeans,1998,3168,1958.3,2402.79,11.01
Rwanda,Maize,1991,13838,1115.7,128.82,20.26
Portugal,Cassava,2003,33848,891.1,1977.76,17.68
China,Cassava,1995,44746,646.3,425546.22,14.61
Iraq,Plantains and others,1995,6961,202.1,1026.4,20.19
Kazakhstan,Sorghum,1999,2872,320.4,841.1,5.08
Honduras,Maize,1999,7004,2131.6,1839.55,26.24
Spain,Maize,2007,20449,588.4,46069.09,15.23
Rwanda,Sorghum,2007,1692,1261.7,145.92,16.9
Burundi,Plantains and others,1992,17741,1391.4,13.88,20.9
Mali,Wheat,2003,3956,359.3,242.15,26.83
Mali,Sweet potatoes,2008,43074,388.6,95.16,27.23
Morocco,Maize,1999,27112,384.5,6051.21,20.19
Togo,"Rice, paddy",2000,13829,1167.7,244.84,26.66
Sri Lanka,Wheat,2013,2974,1620.7,3626.67,28.9
China,Potatoes,1999,191535,766.3,584675.59,12.29
Afghanistan,Soybeans,2006,1617,275.2,170.47,14.19
Turkey,Sorghum,1999,4500,625.3,12649.17,15.15
Italy,Cassava,2001,51952,800.6,10742.14,12.29
Algeria,Sorghum,2005,2455,109.6,2959.46,15.9
"Congo, Democratic Republic of the",Sweet potatoes,2010,38616,1365.7,81.56,23.38
Angola,Soybeans,2006,8022,966.2,420.42,21.94
Italy,Sorghum,2004,6651,849.2,19905.7,10.35
Myanmar,Cassava,2009,24823,3044.1,489.25,23.42
Indonesia,Plantains and others,2008,16365,3175.7,13859.42,27.96
Iraq,Maize,1993,18923,260.9,1138.94,21.74
Niger,Maize,2007,12584,266.1,297.17,29.41
Israel,Soybeans,2011,27271,347.3,3409.53,18.2
El Salvador,Plantains and others,1999,35003,1642.0,1470.57,26.71
Nicaragua,Yams,1990,8959,2324.8,49.63,24.87
Cameroon,"Rice, paddy",2012,16225,1288.4,2015.05,22.61
"Congo, Democratic Republic of the",Soybeans,1992,4123,1690.3,187.4,26.37
El Salvador,Maize,2003,17841,1745.5,3073.27,22.98
Zambia,Plantains and others,2009,20535,729.6,383.91,21.71
United Kingdom,Plantains and others,1997,22916,970.8,10413.14,6.71
Netherlands,Cassava,1997,52796,950.3,1125.97,7.75
Ivory Coast,Potatoes,2002,29890,1225.9,1849.69,26.92
Israel,Cassava,2003,94388,409.4,381.48,21.97
Mali,"Rice, paddy",2004,8417,468.5,492.19,26.93
Angola,Potatoes,2010,61474,1188.9,268.87,20.68
Burundi,Yams,1997,17068,1156.8,28.5,20.43
Malawi,Maize,1997,13632,1220.2,266.38,22.11
Italy,Maize,1998,27219,683.4,36130.95,16.11
Afghanistan,Wheat,2011,9543,328.3,159.76,14.04
Colombia,Soybeans,2003,5354,2758.4,24907.69,22.25
Algeria,Plantains and others,2011,11059,89.4,3331.03,20.92
Saudi Arabia,Yams,2012,37267,56.7,1348.46,26.05
Benin,Soybeans,1996,8125,932.3,480.28,26.0
Czech Republic,Wheat,1999,8475,900.9,4319.85,7.64
Greece,Cassava,2013,36473,733.8,4713.11,17.24
Spain,Soybeans,2009,13447,538.5,40427.85,15.06
Kazakhstan,Soybeans,1998,4311,223.2,1999.18,7.47
United States of America,Sorghum,2009,7632,802.2,222328.44,12.49
Canada,Soybeans,2007,8365,555.2,54633.76,4.07
France,Soybeans,2004,14045,903.3,60077.64,13.84
Niger,Yams,1998,17911,245.0,58.11,27.19
Israel,Sweet potatoes,2001,184170,459.9,685.11,20.61
Mexico,Cassava,1991,31922,860.9,11184.07,18.14
Dominican Republic,Soybeans,1990,6388,1788.2,544.54,27.15
South Africa,Wheat,1999,29418,469.4,10643.39,16.59
China,Potatoes,2006,204803,757.8,1107375.75,12.36
Nicaragua,Sorghum,1999,2317,2539.6,990.73,28.27
India,Sorghum,1997,6481,1397.2,13022.26,25.87
Rwanda,Yams,2010,28254,903.4,69.36,21.39
Nepal,Sweet potatoes,1993,29159,1618.9,8.32,18.07
Portugal,Cassava,1995,37732,981.7,2240.65,15.19
Panama,Potatoes,2004,14553,2604.4,1464.79,27.49
Philippines,Sorghum,1997,2726,2633.5,2963.46,27.19
Zimbabwe,Wheat,1996,13449,520.8,945.0,20.65
Ireland,Maize,1993,15570,1213.4,1873.65,11.68
United States of America,Sorghum,2013,6783,764.4,179694.66,14.58
Peru,Wheat,1999,14122,1445.0,4796.81,21.55
Niger,Maize,1990,10899,322.1,158.91,24.65
Cambodia,Wheat,2010,1395,2076.0,710.69,29.46
Algeria,Potatoes,1993,99312,103.6,1894.91,17.16
Ecuador,Soybeans,1995,4659,2306.3,5007.0,19.77
Australia,Plantains and others,2012,39109,476.1,33740.27,21.56
Nigeria,Plantains and others,1999,34442,1102.2,620.07,26.12
South Korea,Yams,1996,37794,1032.2,8142.11,11.0
Togo,"Rice, paddy",1999,13850,1116.2,184.77,26.21
Costa Rica,Soybeans,1992,6177,2878.1,3690.62,23.23
Malaysia,Plantains and others,2002,16828,2971.7,13269.27,29.28
Guinea,"Rice, paddy",2009,13245,1591.9,506.68,25.63
New Zealand,Potatoes,2010,88567,1675.9,3599.66,10.07
Hungary,Maize,2006,20317,708.7,7849.86,8.25
Portugal,Potatoes,1996,195011,853.8,3289.42,13.68
Belgium,Yams,2004,37762,621.5,1497.68,10.28
Pakistan,Maize,2013,29000,375.1,22489.57,25.42
Chad,Plantains and others,1992,7910,515.5,23.31,27.16
Chad,Cassava,1991,22532,414.7,35.79,28.29
China,Cassava,2002,38873,693.8,11351.62,15.67
Cambodia,Wheat,1997,1827,1747.1,736.28,26.69
Nepal,Soybeans,2006,6224,1565.1,193.26,18.28
Indonesia,Sorghum,2009,3733,2689.5,9788.95,27.63
Paraguay,Cassava,1992,89475,1405.4,3953.64,25.09
Kazakhstan,Potatoes,2010,32337,161.7,2392.93,6.26
"Tanzania, United Republic of",Yams,1997,50121,1278.9,268.58,26.37
Venezuela,Sweet potatoes,2006,79307,1678.6,5636.93,26.41
Guinea,Yams,1999,13332,2206.3,105.89,26.84
South Korea,"Rice, paddy",1990,14351,1549.2,11106.41,15.71
China,Soybeans,2007,8696,611.3,1641495.49,14.29
Ecuador,Plantains and others,2013,31555,1999.7,4694.55,19.98
India,Cassava,1997,76994,1024.7,16426.97,23.62
Turkey,Wheat,2000,29832,673.6,27046.61,14.79
Italy,Cassava,2009,48957,710.5,26039.96,11.97
Kazakhstan,Sweet potatoes,2010,22950,235.2,1090.14,8.8
Ecuador,Sorghum,1993,2229,2289.9,3511.43,23.09
Laos,Maize,1997,14073,1548.8,208.02,27.81
Mozambique,Sorghum,2013,5857,970.7,376.55,25.18
Jamaica,Maize,2011,8620,2216.6,974.61,27.17
Hungary,Maize,2008,19650,669.4,9952.23,12.27
North Korea,Plantains and others,2003,8571,870.5,442.7,11.11
Ireland,Maize,1992,18945,1330.4,2045.45,11.41
Afghanistan,Cassava,2008,8162,342.3,81.46,12.93
Nigeria,Potatoes,2009,37379,989.1,1867.01,26.45
Mali,Wheat,2000,4065,390.2,246.61,28.06
Panama,"Rice, paddy",2002,11485,2578.1,2694.84,26.64
Guatemala,Cassava,2000,57662,1740.4,1383.46,23.35
Netherlands,Cassava,2011,71609,864.1,1851.55,9.14
Cambodia,Soybeans,2006,5013,1753.2,737.25,27.42
Benin,Sweet potatoes,1993,44619,788.4,110.83,27.58
Ecuador,Cassava,2013,21005,2758.5,3783.38,21.73
North Korea,Plantains and others,2000,10856,1188.1,500.19,9.37
Italy,Maize,2000,17754,624.4,43839.58,12.88
Poland,Potatoes,2001,58212,586.5,12583.5,7.38
Poland,Wheat,2002,9169,382.2,14286.54,5.81
South Africa,Maize,1990,26378,418.2,6565.97,18.59
Belgium,Soybeans,1991,9816,993.8,2582.3,11.08
China,Cassava,2001,48824,716.6,951259.87,12.08
Nigeria,Sweet potatoes,1992,59880,1143.2,758.67,27.72
Sri Lanka,Soybeans,1998,10351,1337.9,2871.96,26.98
Chile,Wheat,2006,34670,756.8,15445.47,14.4
Burundi,Potatoes,2006,45571,1548.0,62.13,19.23
France,Maize,1998,17405,676.5,38591.36,13.37
Sierra Leone,"Rice, paddy",1993,4784,2464.3,163.75,26.79
Israel,Sweet potatoes,2005,158481,406.7,1007.39,20.37
South Africa,Cassava,1992,23637,396.2,6031.57,16.07
Nigeria,Sweet potatoes,2006,55285,1345.6,861.26,28.61
Zambia,Plantains and others,2002,20179,895.3,440.28,22.79
France,Wheat,1998,12659,1003.7,39492.44,8.25
Iraq,Maize,2004,20820,254.6,2084.62,22.64
Belgium,Sweet potatoes,1995,70517,641.4,0,12.42
Bolivia,Sweet potatoes,1990,67328,985.1,450.87,24.29
Mali,Wheat,2012,4518,308.3,411.79,26.84
Argentina,Sweet potatoes,1990,91045,698.6,20721.0,16.59
New Zealand,Sorghum,1998,4840,1304.0,1686.22,12.91
Afghanistan,Soybeans,2012,2569,371.1,167.28,14.24
Niger,Yams,1990,18137,227.6,70.4,27.32
Bolivia,Yams,2011,28965,1388.4,935.85,20.62
Mali,Potatoes,2012,35859,341.7,315.51,25.94
France,Cassava,2003,53345,675.6,27466.14,11.42
Myanmar,Soybeans,1996,3177,2749.4,558.68,27.62
Cuba,Yams,2008,45899,1793.0,839.24,27.51
Cameroon,"Rice, paddy",2013,25763,1464.3,1508.7,25.75
Indonesia,Cassava,1990,23358,3531.3,1446.89,24.22
Zimbabwe,Wheat,1992,18606,757.4,859.4,20.83
Myanmar,Yams,1996,20726,2167.4,420.46,26.58
Madagascar,"Rice, paddy",2000,9908,1729.9,365.61,22.74
Peru,Plantains and others,1994,20545,1902.5,2163.6,18.15
Burkina Faso,Sweet potatoes,1997,44533,816.1,296.29,27.82
Portugal,Cassava,2009,43082,935.2,5017.43,12.93
North Korea,Sweet potatoes,2008,20114,1111.3,212.83,12.61
Kenya,Sorghum,1999,7206,717.2,1350.56,24.76
Bolivia,Potatoes,1990,86743,1138.7,718.69,20.35
Dominican Republic,Soybeans,2003,14490,1369.3,2383.82,26.81
El Salvador,Maize,1995,6517,1948.3,2548.95,22.66
Haiti,Cassava,1999,31053,1460.4,68.32,24.36
Czech Republic,Sweet potatoes,2003,56712,654.1,1976.15,9.14
Kenya,Potatoes,1990,91302,647.1,282.75,21.81
Laos,"Rice, paddy",2002,5507,2603.7,419.46,25.9
Bolivia,Sorghum,2011,5897,1235.5,2062.23,20.99
Niger,Cassava,2012,23163,282.3,117.67,31.58
Cameroon,Yams,2009,37989,1765.1,327.17,22.73
Bolivia,"Rice, paddy",2002,11747,1089.1,2865.31,20.63
Philippines,Cassava,2004,26225,2538.9,1910.57,27.39
Turkey,Plantains and others,1996,8510,579.2,14771.21,11.33
"Tanzania, United Republic of",Plantains and others,2000,19217,749.3,1126.52,22.04
Jamaica,Maize,2010,7761,1941.7,1042.96,26.18
Burkina Faso,Soybeans,1990,8739,711.0,414.39,26.52
El Salvador,Potatoes,1996,40163,1582.3,1808.42,23.73
Bangladesh,"Rice, paddy",2009,28226,1775.3,18844.34,25.98
Chad,Maize,1993,11920,340.7,102.13,27.28
Kenya,Potatoes,1997,56766,729.1,1423.73,23.49
Niger,Cassava,1997,21164,308.8,82.46,26.4
Argentina,Wheat,2000,32714,561.3,109226.01,17.6
Mexico,Plantains and others,1992,35098,745.7,15008.19,20.66
Zimbabwe,Wheat,2006,17184,651.5,1349.17,18.86
Iraq,Plantains and others,2010,9598,259.7,1012.96,21.07
Mexico,Plantains and others,1995,21537,869.9,15909.71,18.63
Nepal,Sweet potatoes,2008,40956,1566.0,41.01,21.66
Morocco,Wheat,1994,21247,387.8,2895.49,17.36
Panama,Sorghum,2009,3599,3186.1,1694.74,24.78
Mozambique,Potatoes,1995,23890,913.0,315.85,26.18
Peru,Maize,1990,23911,1261.6,4010.44,20.61
United States of America,Wheat,1996,27932,788.3,233032.2,12.56
Morocco,Wheat,1992,24395,384.1,3184.37,18.29
Ireland,Wheat,1995,25706,1139.3,1617.41,12.56
Australia,Yams,1992,80564,423.2,3452.4,23.51
Netherlands,Cassava,1990,59191,820.5,2650.65,8.71
El Salvador,Potatoes,2012,32134,2239.2,2444.57,22.99
Sri Lanka,"Rice, paddy",2006,31222,1853.4,5588.8,25.17
Burundi,Sorghum,2007,1246,1600.4,36.95,19.23
Nicaragua,Maize,1993,6990,2695.6,1520.63,26.38
Senegal,Sweet potatoes,2011,36279,461.9,115.86,27.39
Kenya,Potatoes,2006,106111,774.8,1548.89,22.6
Israel,Soybeans,1991,34723,447.0,2111.14,21.48
Hungary,"Rice, paddy",2000,10393,599.8,10458.26,11.84
Mali,Sweet potatoes,1996,42439,511.8,35.07,28.74
Myanmar,Yams,2010,16359,2588.7,330.83,26.16
Morocco,Plantains and others,1995,10757,371.5,3337.2,18.15
South Korea,Wheat,1993,14952,1563.0,11776.21,13.21
Italy,Cassava,2007,45552,625.4,22950.45,12.04
Mali,Maize,2013,14544,321.3,565.24,29.46
Spain,Sweet potatoes,2010,44033,699.8,15860.54,13.16
Cameroon,"Rice, paddy",2001,16770,1932.7,1336.35,24.6
Afghanistan,Yams,1991,6037,392.5,37.05,12.51
North Korea,Soybeans,1991,2727,1047.0,527.37,8.0
Hungary,Yams,1997,27794,649.2,3344.34,9.93
South Korea,Maize,2009,18563,776.4,22049.59,12.68
Panama,"Rice, paddy",1995,8251,3355.0,2057.08,26.12
Rwanda,Sorghum,2009,4035,1193.0,178.06,20.98
United Kingdom,Wheat,2002,13609,1183.8,17273.18,8.55
Zambia,Plantains and others,2004,21914,1249.8,360.17,21.12
Ireland,Sweet potatoes,1995,53221,1601.4,540.9,10.51
Indonesia,Sorghum,1993,2826,2782.3,8747.69,27.65
El Salvador,Potatoes,2010,24582,1707.9,2807.15,25.57
Ghana,Soybeans,2007,12550,1151.9,2309.95,27.54
Cambodia,Potatoes,2011,16221,2087.0,438.07,25.21
Mali,Maize,2004,12631,454.6,291.2,29.87
Belgium,Soybeans,2008,13874,835.9,5273.4,8.73
Malawi,Potatoes,2005,70587,1153.8,360.89,23.16
Senegal,Sweet potatoes,2000,66500,754.0,183.1,26.5
Cambodia,Yams,1995,9445,2464.5,211.89,26.4
Brazil,Maize,1999,36827,1406.2,268231.81,24.62
Mexico,Plantains and others,2011,56660,1003.0,26896.68,21.21
Portugal,Yams,1998,33631,816.4,772.06,16.39
Ethiopia,Sorghum,1995,3998,882.4,629.27,20.95
Togo,"Rice, paddy",2004,19510,985.6,307.93,26.97
Iraq,Plantains and others,2003,10382,232.3,1209.41,22.83
Netherlands,Soybeans,1995,10835,642.2,6900.58,8.89
Sri Lanka,Wheat,2012,1957,1757.2,3797.12,27.51
El Salvador,Sorghum,1990,2538,1696.1,1504.24,26.99
Costa Rica,Soybeans,2011,6404,3226.4,6232.88,20.85
Ecuador,Plantains and others,2006,21665,2412.2,6796.69,20.55
Ghana,Plantains and others,2005,40296,1475.3,1124.15,26.57
Japan,Wheat,1994,13587,1911.3,23494.32,15.86
South Korea,"Rice, paddy",1991,18007,1044.3,17824.14,11.83
Senegal,Yams,1994,31856,566.1,161.01,29.38
South Africa,Sweet potatoes,1992,48957,342.8,1057.94,16.95
Sri Lanka,Wheat,2004,1687,2174.4,2928.81,27.46
China,Soybeans,2010,10666,575.5,1412611.09,13.24
Morocco,Potatoes,1991,114610,320.0,3441.34,21.1
United States of America,Soybeans,2009,11329,810.2,265433.56,10.57
Bolivia,Cassava,2000,57502,1067.6,549.91,21.97
Mali,Yams,2003,27550,452.5,148.85,27.4
Ivory Coast,Sorghum,1993,3109,1542.6,1161.77,25.28
Uganda,Yams,1992,30861,1388.9,154.77,23.73
Iraq,Maize,2013,21545,265.6,2972.93,21.07
Guinea,Maize,2010,8548,1806.9,420.3,26.99
Poland,Wheat,2001,11238,606.9,10679.34,7.97
Ireland,Potatoes,1998,218796,1077.9,1496.67,10.92
Ghana,Cassava,1994,54390,1427.9,689.77,25.23
Egypt,"Rice, paddy",1996,9416,51.0,7141.07,22.55
Chile,Plantains and others,2005,15483,778.5,14337.78,12.26
Belgium,Soybeans,2004,11146,721.3,4665.96,9.47
Kazakhstan,Potatoes,1995,39061,202.4,1550.76,8.34
Hungary,"Rice, paddy",1993,10320,635.8,7422.38,11.33
Chad,Cassava,2013,29688,370.7,70.61,28.15
Poland,Wheat,1997,8316,655.7,4440.91,8.48
Angola,Sweet potatoes,2006,57439,1086.5,122.21,22.37
Panama,Yams,2012,19904,3077.3,1036.68,24.63
Morocco,Cassava,2010,18834,356.1,3729.48,17.08
Cambodia,"Rice, paddy",2000,20382,1871.1,920.01,25.97
Ukraine,Maize,2005,11827,574.8,14143.23,7.84
El Salvador,Cassava,2013,65056,2004.0,1740.61,26.4
Colombia,Sorghum,1994,3232,2250.6,8662.16,22.45
Morocco,Wheat,1996,26946,386.6,4713.28,18.48
Niger,Cassava,1996,17969,232.5,112.55,26.89
Ukraine,Sorghum,1996,3831,569.4,3905.6,8.68
Morocco,Potatoes,2013,153094,252.4,5399.4,16.24
Mexico,Sweet potatoes,1993,95825,682.7,9545.85,20.44
Sudan,Wheat,1997,3459,236.8,603.9,26.94
Canada,Soybeans,2004,10217,567.3,65571.77,5.11
Rwanda,Sorghum,2008,5217,955.4,121.91,21.24
Egypt,Wheat,1998,12570,41.3,5295.17,24.45
Ghana,Maize,1996,29993,1114.6,1266.9,24.28
Finland,Soybeans,1991,6695,644.6,1058.72,2.75
Costa Rica,Soybeans,2012,6892,2730.0,6598.5,23.84
Indonesia,Plantains and others,2001,14881,3119.9,11913.23,22.28
United States of America,Soybeans,1991,9316,717.1,147483.03,11.54
Ecuador,Plantains and others,1990,38781,1951.6,3013.53,22.55
New Zealand,Soybeans,2002,6808,1507.1,2646.54,12.02
Czech Republic,Sweet potatoes,1996,50581,537.4,1285.65,8.97
El Salvador,Sorghum,2003,4407,1463.0,1826.67,24.98
Egypt,"Rice, paddy",2010,4878,54.1,9303.56,19.19
Austria,Soybeans,2001,8829,924.5,3544.99,8.25
Niger,Yams,1995,18603,184.8,80.43,27.41
Portugal,Yams,2000,34045,835.7,2320.69,13.86
Denmark,Maize,1999,18966,691.7,3367.81,8.7
Venezuela,Yams,2013,31732,2090.0,5280.74,22.53
Chile,Sorghum,2011,5694,747.5,14941.58,15.26
Cambodia,Yams,2003,19809,2117.1,353.71,25.29
Vietnam,Sorghum,2011,4335,1698.4,9900.11,24.98
Spain,Maize,2002,16675,688.1,28751.29,12.3
Mozambique,Plantains and others,2000,24417,1082.8,206.45,29.25
Saudi Arabia,"Rice, paddy",2006,10272,63.8,5811.65,28.37
Cameroon,Yams,2001,35545,1680.8,291.26,26.2
Italy,Maize,2002,18959,1147.5,47596.24,12.74
Sierra Leone,Sweet potatoes,2009,13065,3052.2,62.55,27.13
Iran,"Rice, paddy",2007,6318,220.7,14745.73,20.99
Iran,Yams,1997,11368,230.1,1735.12,18.63
Panama,Potatoes,1991,11775,2879.7,1354.27,26.64
Panama,Sweet potatoes,1992,33661,3197.8,473.62,27.0
Benin,Plantains and others,2005,14458,1200.8,246.47,30.82
Israel,Potatoes,1995,242585,462.3,1737.91,21.15
Iraq,Cassava,1993,26532,167.9,289.48,23.3
Portugal,Wheat,1993,28613,755.6,4457.71,13.77
Uruguay,Sorghum,2004,3053,1454.9,4821.38,17.22
Guinea,Maize,2012,19256,1461.4,399.85,26.68
Morocco,Wheat,1998,24397,374.5,4455.46,19.55
Morocco,Soybeans,1992,11018,322.0,2920.29,18.74
Philippines,Cassava,1997,26671,2833.7,1706.44,28.89
United States of America,Sorghum,2011,7380,693.3,104674.88,11.22
Pakistan,Yams,2006,47374,573.5,8443.25,23.92
South Korea,Wheat,2005,28985,1424.2,18499.02,14.82
Sri Lanka,Sorghum,1990,2590,2029.2,1415.64,27.54
Cambodia,Yams,1998,27642,1988.9,270.76,27.36
Benin,Plantains and others,2010,28279,1226.1,248.92,26.27
Morocco,Plantains and others,1999,8870,335.7,3939.67,18.75
Cuba,Sweet potatoes,1994,66893,1236.1,1182.46,26.16
Uzbekistan,Sorghum,1990,2574,229.6,2685.52,13.88
Malaysia,Sweet potatoes,1994,32561,2374.5,1665.47,26.85
Guatemala,Soybeans,1997,9091,1544.7,3561.98,22.7
Hungary,Sweet potatoes,2005,34065,547.1,4023.95,10.69
Japan,Wheat,1992,20470,1673.5,24054.6,15.65
Rwanda,Potatoes,2001,63164,1180.1,169.02,18.58
Guatemala,Cassava,1991,35524,2057.5,955.61,23.91
Rwanda,Potatoes,2005,72315,1276.6,179.79,20.37
Cambodia,Potatoes,2001,14398,1700.5,396.49,28.81
Benin,Sweet potatoes,2003,45388,577.5,38.72,26.22
Egypt,Maize,2013,30029,56.8,10050.64,22.91
Nigeria,Sweet potatoes,1991,50567,1079.6,542.61,26.07
Benin,Soybeans,2007,6437,1073.0,378.6,28.59
Togo,Soybeans,2010,6534,1043.5,229.5,28.0
Cameroon,"Rice, paddy",1995,21084,1732.1,1103.18,28.67
Malaysia,Sweet potatoes,2007,23452,2613.2,2355.7,25.0
Chile,Sorghum,2004,5138,696.7,6417.58,15.9
El Salvador,Sweet potatoes,2010,29739,2121.5,558.11,25.23
Netherlands,Potatoes,1991,111472,741.0,4076.33,7.93
Thailand,Yams,2000,82576,1329.4,3987.11,25.07
Laos,Soybeans,2012,4517,1981.3,311.42,25.95
Morocco,Cassava,1991,25750,358.7,1401.5,19.36
Peru,Wheat,2010,9604,1675.2,5431.24,14.58
Benin,Cassava,1996,28706,660.0,169.23,28.33
Pakistan,Plantains and others,1996,19893,406.9,12471.6,25.73
Turkey,Soybeans,1994,7553,635.7,28363.74,14.23
Guatemala,Soybeans,2012,3913,2296.5,4647.74,24.37
Chile,Maize,1992,14966,726.6,11356.47,14.68
Paraguay,Cassava,2009,77298,1627.5,6322.69,21.52
Iran,Cassava,2013,21443,258.2,6707.75,17.9
Sri Lanka,Wheat,1993,3145,1794.9,2242.89,25.29
Belgium,Potatoes,2000,236650,906.1,2139.36,11.07
Uruguay,Sweet potatoes,2003,78949,1164.4,1923.86,17.22
Uganda,Yams,2013,40303,937.6,252.24,23.56
Laos,Soybeans,2005,3579,1934.4,291.61,27.38
Angola,Yams,2007,27209,1226.1,193.56,22.74
Panama,Sorghum,1990,2648,3409.1,355.63,26.14
Portugal,Yams,1990,19490,692.0,926.21,15.98
Sudan,Cassava,2011,26745,190.5,671.31,25.11
Guatemala,Soybeans,2008,6663,1850.2,4135.93,22.85
Algeria,Sorghum,2012,3479,75.6,2795.72,17.79
Australia,Plantains and others,1997,22982,326.2,14979.65,21.67
Thailand,Plantains and others,1992,65377,1525.1,14221.96,26.51
Hungary,"Rice, paddy",1996,9321,709.2,7071.16,11.28
Afghanistan,Sorghum,2009,1325,364.1,49.48,14.85
Peru,"Rice, paddy",2007,10486,1989.6,7729.29,17.79
Malaysia,Cassava,1992,34028,2826.5,10664.83,27.75
Afghanistan,Cassava,2006,8946,305.6,93.99,16.03
Belgium,Sweet potatoes,2001,59748,701.4,820.62,8.54
Indonesia,Potatoes,2010,37126,2596.4,19507.16,24.44
Burundi,Yams,1993,22289,1263.1,9.08,21.1
Indonesia,Sorghum,2001,4221,2942.9,7091.03,27.87
Sierra Leone,Sweet potatoes,1999,13433,3212.0,27.55,25.85
Cambodia,Wheat,1992,1174,1800.5,391.9,29.2
Kazakhstan,Soybeans,1999,3324,241.1,2055.38,8.55
United States of America,Soybeans,2008,11233,557.9,327475.6,12.59
Vietnam,Maize,1997,17424,1701.1,24498.01,27.31
Kenya,Potatoes,2001,91610,733.9,1411.37,22.72
Finland,Sweet potatoes,2001,61234,549.1,495.75,2.34
Benin,Sweet potatoes,1990,43563,1000.5,23.15,28.34
Morocco,"Rice, paddy",2008,5474,300.8,7753.57,19.2
Malaysia,Sorghum,1991,3503,3047.1,11350.31,26.04
Bangladesh,Soybeans,2004,4689,2479.3,11100.23,26.56
"Congo, Democratic Republic of the",Sweet potatoes,1999,44425,1230.8,75.47,25.03
Togo,Soybeans,2001,6523,1155.1,181.55,25.4
Laos,Sweet potatoes,2003,17964,2132.4,55.51,21.89
Pakistan,Maize,1998,28069,459.3,18591.9,22.64
Burkina Faso,Plantains and others,2010,17832,628.3,421.02,29.42
Pakistan,Potatoes,2003,90939,466.2,13413.75,23.29
New Zealand,Potatoes,2003,151498,1578.6,2655.69,12.96
Zimbabwe,Wheat,2007,18264,697.2,1359.63,20.98
Kenya,Potatoes,2008,118842,676.3,2047.08,20.05
Cameroon,Yams,2007,39387,1441.2,360.33,26.17
Ecuador,Cassava,2008,31935,2749.7,3297.51,23.99
Sudan,Yams,1994,21382,283.8,0,28.79
Guinea,Sorghum,2005,2595,1544.7,135.18,27.4
Mozambique,Sorghum,1990,5402,766.1,260.64,26.0
Panama,"Rice, paddy",2008,8214,3095.9,2797.04,24.63
Netherlands,Potatoes,2004,184466,882.3,5487.75,9.68
Spain,Sweet potatoes,2013,126281,697.9,18318.08,16.54
Portugal,Wheat,2010,27505,757.0,6145.13,13.43
Chad,Cassava,2010,31461,307.3,82.03,27.6
Argentina,Soybeans,2013,9900,453.0,212912.38,14.96
Zimbabwe,Wheat,2012,12613,676.9,1391.24,24.38
Benin,Sweet potatoes,2001,46488,931.5,87.96,28.65
Jamaica,Wheat,1993,2052,2102.5,439.22,26.66
Panama,"Rice, paddy",2007,11762,2548.0,2904.6,25.55
Nigeria,Sweet potatoes,2010,72880,1532.7,727.64,23.82
France,Yams,1999,38473,616.6,20303.54,11.8
Burundi,Maize,1998,10781,1511.1,74.45,19.96
Ukraine,Sorghum,1998,3890,490.6,3608.6,8.82
Zimbabwe,Wheat,2004,13067,541.5,1173.05,21.43
Mozambique,"Rice, paddy",1995,15017,895.6,642.7,26.36
Venezuela,Plantains and others,2009,56185,1686.2,9653.67,25.93
Belgium,Soybeans,1993,7585,794.1,3387.91,9.67
Pakistan,Yams,2013,56984,453.5,5447.9,23.97
Bolivia,Sorghum,2005,2359,1293.5,892.33,18.33
"Congo, Democratic Republic of the",Wheat,2011,1765,1751.7,215.55,25.41
"Congo, Democratic Republic of the",Soybeans,2002,7637,910.2,235.17,24.28
Burundi,"Rice, paddy",2006,8619,1044.3,94.04,20.54
Benin,Soybeans,1995,8090,889.0,202.53,27.72
Ukraine,Maize,2007,14084,489.5,13095.75,7.24
Ivory Coast,Sweet potatoes,2001,64774,1329.0,158.35,25.92
Thailand,Plantains and others,2003,70837,1651.8,19572.47,26.85
Ecuador,Plantains and others,1999,33666,2247.5,3617.33,22.75
Pakistan,Potatoes,2004,127750,508.3,11661.05,22.39
Netherlands,Potatoes,1996,207107,947.5,4440.82,10.09
Afghanistan,Wheat,2013,6991,302.5,193.94,13.41
Ecuador,Sorghum,2002,2099,1928.5,4333.87,20.13
North Korea,Sweet potatoes,2005,18863,1136.8,322.22,11.6
Ireland,Maize,2011,19150,1287.9,2976.04,10.74
Costa Rica,Soybeans,2005,6722,3301.7,6215.84,24.57
Uzbekistan,Soybeans,1995,3057,168.8,6079.04,13.2
Hungary,Sorghum,1993,5065,550.1,2549.36,11.36
Kenya,Plantains and others,1991,20247,708.6,640.89,24.4
Czech Republic,Potatoes,2011,157803,738.8,6282.91,9.41
Nepal,Soybeans,1991,6902,1290.4,103.92,21.75
Honduras,Maize,2010,8365,2145.7,2508.59,24.8
Sri Lanka,Soybeans,1995,8728,1330.5,2435.19,29.2
South Africa,Potatoes,2008,195132,389.3,7859.79,18.55
Uganda,Soybeans,2011,10815,1095.9,439.84,18.8
Mexico,Maize,2002,46477,821.6,39595.12,21.36
Mexico,Plantains and others,2001,39351,756.2,25399.81,22.12
Spain,Soybeans,2005,9679,760.8,34492.6,13.21
Colombia,Soybeans,1990,5367,1975.2,17824.44,22.66
France,Cassava,2007,48076,682.9,28967.18,13.36
Niger,Yams,2003,18785,285.1,93.36,27.25
Mali,Plantains and others,1995,7521,371.6,253.15,29.36
Cameroon,"Rice, paddy",1994,14540,1498.6,654.42,24.29
Cuba,Soybeans,2012,12823,1441.7,3633.47,23.96
Madagascar,"Rice, paddy",2003,12304,1459.1,418.83,25.18
Guatemala,Wheat,2002,3225,2445.9,3242.26,25.67
El Salvador,"Rice, paddy",1999,19599,1830.6,3360.53,23.39
Iraq,"Rice, paddy",2010,5477,217.0,3452.86,21.24
Brazil,Sweet potatoes,1996,91596,1649.0,47691.94,26.08
Mexico,Potatoes,1992,154032,625.1,28454.46,21.01
Bangladesh,Sorghum,1991,2331,2720.9,3278.13,25.96
Peru,Sorghum,2000,1805,2204.0,3114.68,19.51
Egypt,"Rice, paddy",2007,6403,58.4,10803.69,21.58
Togo,Plantains and others,2007,17864,872.3,127.89,28.48
Guinea,Cassava,1990,37392,1562.8,122.77,25.64
Ireland,Wheat,2006,15754,1337.9,1451.61,9.36
New Zealand,Cassava,2010,39474,1988.9,1861.51,12.06
Uganda,Soybeans,1998,10373,935.1,361.81,25.48
Mali,Cassava,2011,33332,431.3,162.42,26.85
Mexico,"Rice, paddy",1998,15848,868.5,38635.73,20.34
Sweden,Soybeans,2008,8549,622.2,2119.9,1.94
Mexico,Wheat,1997,26931,856.2,27839.34,19.38
Ireland,Sweet potatoes,1993,39770,1530.0,455.54,8.64
Nepal,Sweet potatoes,1990,37535,1564.8,56.02,18.81
Ghana,Sweet potatoes,1992,61320,955.0,473.83,29.81
"Tanzania, United Republic of",Potatoes,1995,31262,1065.8,1311.15,25.81
Chile,Sorghum,2005,4582,789.8,13273.01,17.17
Honduras,Sorghum,1997,2925,2271.8,954.64,25.88
Ethiopia,Maize,1992,10584,1114.7,1136.6,18.95
Kenya,Maize,2012,32496,631.1,2518.89,23.52
France,Soybeans,2010,12195,671.9,52553.89,10.69
New Zealand,Soybeans,2013,3160,2103.1,4894.08,12.29
Jamaica,Plantains and others,1997,19794,2500.9,472.59,23.76
Myanmar,Soybeans,2002,3526,2249.8,949.53,26.55
Belgium,Potatoes,1994,143929,1036.7,3800.69,8.33
China,Potatoes,2008,233039,576.5,1013966.8,13.45
Ghana,Sorghum,2007,7593,1248.0,1034.28,26.51
Costa Rica,Soybeans,1990,5909,2303.9,4876.83,24.6
Israel,Sweet potatoes,1998,238916,433.8,824.52,23.59
Honduras,Plantains and others,1995,36711,2044.0,935.95,26.14
Mexico,Cassava,2007,48409,569.0,15324.6,18.99
Burundi,Plantains and others,2001,17946,1225.7,61.24,19.62
Kenya,Potatoes,1998,79016,568.0,1829.41,24.23
Myanmar,Cassava,2013,31491,2267.2,336.72,26.14
Peru,Sweet potatoes,2010,91101,1445.8,2133.57,19.99
Chad,"Rice, paddy",2004,7435,449.8,196.89,30.73
Bolivia,Sorghum,1996,4470,1100.6,482.78,20.04
Myanmar,Wheat,1994,1937,2392.7,894.04,26.47
Israel,Soybeans,1996,33454,414.9,2060.83,23.72
Malawi,Sorghum,2008,5735,1129.2,228.95,24.51
United Kingdom,Plantains and others,2012,44321,1372.6,16276.09,10.71
Nicaragua,Plantains and others,1993,10408,2765.4,477.75,25.74
Argentina,Maize,1998,24851,541.9,135169.59,17.07
Algeria,Sorghum,2003,7715,96.2,2789.61,21.26
Bangladesh,Sorghum,2000,3656,2858.2,4411.95,27.09
Togo,Plantains and others,1991,22350,1484.5,75.8,25.72
Malaysia,Sorghum,1999,4219,2928.1,18376.81,27.79
Saudi Arabia,Soybeans,1991,13517,54.6,1089.96,27.26
Senegal,Sweet potatoes,1995,54524,664.6,207.65,27.43
Sri Lanka,Wheat,2002,3353,1832.8,2763.89,25.71
Ethiopia,Potatoes,2004,79805,809.1,765.58,21.52
Nicaragua,Maize,1994,5568,2479.9,1258.62,28.17
Jamaica,Sorghum,1995,2252,2266.3,349.99,31.04
El Salvador,"Rice, paddy",2003,22392,1766.3,3711.17,26.0
Netherlands,Plantains and others,2011,23805,577.0,6917.41,10.65
Brazil,Wheat,1998,5164,1940.2,150542.22,25.88
Argentina,"Rice, paddy",1993,9504,703.9,117666.4,18.19
Chad,Soybeans,2004,5275,379.7,182.22,29.17
Ivory Coast,Sorghum,1992,2739,1554.7,506.35,28.33
Ecuador,Sorghum,2007,2896,2187.4,5439.19,21.72
India,Sorghum,2011,7957,1318.2,15795.36,26.13
Iran,Cassava,1998,15315,223.1,4048.02,15.73
Peru,Sweet potatoes,2011,60225,1852.3,2308.48,19.33
Haiti,Maize,2011,13352,1453.3,194.17,27.28
Benin,Plantains and others,2012,17361,976.8,306.52,30.88
Turkey,Plantains and others,1998,11407,504.3,24145.35,14.92
Nicaragua,Maize,2007,7107,2588.2,1783.47,27.02
Nigeria,Potatoes,2008,83058,834.3,1583.92,24.02
South Korea,Yams,1999,38586,1094.2,5177.85,14.29
Senegal,Cassava,2004,51291,762.6,196.93,28.62
Argentina,Soybeans,2008,12147,691.3,127295.32,15.42
Burkina Faso,Wheat,2012,3582,764.1,622.21,27.06
Myanmar,Yams,2007,15001,2531.7,523.52,23.82
Burundi,Soybeans,1993,7745,1324.7,52.27,21.16
Thailand,Plantains and others,1994,73013,1611.4,7266.3,25.83
Benin,Soybeans,1990,4364,1105.9,276.1,28.92
Angola,Cassava,1999,39390,1015.4,207.81,21.43
Kenya,"Rice, paddy",2013,15976,654.1,3752.55,24.21
Cameroon,"Rice, paddy",2003,14972,2005.4,1323.5,25.98
Argentina,"Rice, paddy",2010,13276,713.0,247470.77,17.8
Costa Rica,Yams,2002,20979,3281.5,1744.36,24.63
Italy,Maize,2008,19703,873.7,58405.28,15.19
Pakistan,Potatoes,2002,87777,587.8,13628.99,21.84
Iraq,Sweet potatoes,1995,59025,214.3,614.67,22.13
Niger,Maize,1992,14326,254.8,153.05,26.22
Belgium,Yams,2002,42880,836.5,2725.98,10.71
Cuba,Maize,2003,24782,1141.6,3019.37,24.76
Myanmar,Sorghum,1992,2167,2272.1,330.86,28.26
Nigeria,Plantains and others,1996,25366,948.3,653.55,28.57
Mozambique,Plantains and others,1999,19580,1139.1,326.47,24.54
Uganda,Soybeans,2001,7828,1226.2,330.55,24.22
France,Cassava,1993,34507,701.3,12248.9,12.75
Angola,Potatoes,2009,49483,1143.3,248.85,22.31
Peru,Maize,2010,25117,1567.4,8490.87,20.95
Pakistan,Potatoes,1998,84946,568.2,10482.2,23.64
Netherlands,Plantains and others,1991,29336,872.5,2290.59,12.57
Senegal,Sweet potatoes,2002,37681,679.3,168.34,28.12
Ukraine,Sorghum,1991,3759,623.6,254.29,6.02
Ireland,Potatoes,2010,208941,1342.2,2040.01,11.11
Portugal,Potatoes,2013,248027,970.8,7375.16,14.28
South Korea,Plantains and others,2001,27164,1210.4,8967.64,14.78
Burkina Faso,Sorghum,2012,6800,769.1,457.95,28.37
Ghana,Maize,2002,26148,1002.9,1878.52,27.64
Paraguay,Sweet potatoes,2008,119760,1369.6,1715.43,24.22
Turkey,Plantains and others,2002,12730,648.3,22141.51,15.63
New Zealand,Wheat,2008,6064,1786.4,3239.79,10.3
Burundi,Plantains and others,2004,19278,1229.1,34.8,19.02
Indonesia,Potatoes,2005,17106,2794.4,11944.32,26.85
Mali,Sweet potatoes,1999,43007,366.4,170.15,27.77
El Salvador,Maize,2004,9187,2509.0,3054.17,25.99
Mozambique,Yams,2001,24043,1198.7,167.68,23.99
Jamaica,"Rice, paddy",2001,8507,2512.4,1006.94,24.87
New Zealand,Potatoes,1995,142129,1579.4,2583.01,11.5
Iraq,"Rice, paddy",1999,3693,179.8,2843.19,20.14
India,Cassava,1999,67064,971.2,12580.43,23.36
Peru,Sorghum,1995,4649,1158.2,2225.03,19.72
India,"Rice, paddy",2003,29759,1062.2,54020.23,22.81
Mali,Cassava,2012,35031,480.9,88.22,29.79
Burundi,Wheat,2007,6994,1559.9,57.41,16.64
Uzbekistan,"Rice, paddy",2013,2487,163.2,10817.96,14.23
Niger,Wheat,2010,3123,277.0,207.07,30.53
Angola,Soybeans,1994,7576,1262.3,308.68,23.53
Burundi,Wheat,2001,9404,1307.9,50.67,19.41
Paraguay,Cassava,1996,72004,1447.7,5555.3,21.89
Denmark,Maize,2006,29146,688.9,3242.53,6.85
Dominican Republic,Sorghum,2013,4603,1531.0,1737.83,26.66
Benin,Soybeans,2001,6345,1061.9,394.25,30.5
Uzbekistan,"Rice, paddy",2001,2573,207.3,6122.28,15.5
Ivory Coast,Potatoes,1997,32452,1447.8,1174.42,29.11
Myanmar,Cassava,2001,58218,1963.0,447.88,24.84
Hungary,Sorghum,2010,6566,601.8,6619.52,7.7
Colombia,Plantains and others,2011,20908,3122.8,13073.17,25.83
Czech Republic,Wheat,2008,20541,510.2,6120.13,9.63
Sri Lanka,Wheat,2008,2215,1991.6,4506.47,27.12
Costa Rica,Sorghum,2000,3467,2424.2,2945.11,23.78
Venezuela,Sweet potatoes,2009,42219,1835.5,2607.27,27.45
Italy,Maize,1999,16883,799.1,45831.96,11.8
Nicaragua,"Rice, paddy",2007,20743,2071.1,2158.21,27.97
United States of America,Soybeans,2005,9195,699.7,363068.75,11.27
Burkina Faso,Sorghum,2009,6109,673.5,410.96,28.89
Colombia,Potatoes,2013,25082,3838.4,22729.38,25.45
Senegal,Cassava,2011,57363,693.8,201.62,29.84
Japan,Wheat,2001,17359,1715.1,30570.53,14.29
Israel,Plantains and others,1998,24689,390.2,2563.59,19.78
Ivory Coast,Sorghum,1997,5409,1205.8,532.75,27.97
Iraq,Yams,2003,18702,251.0,1077.91,20.69
Pakistan,Plantains and others,1999,23819,486.2,13928.76,24.03
Portugal,Potatoes,2009,310316,930.5,5725.3,15.94
Haiti,Cassava,2003,40914,1720.2,57.37,27.55
Kazakhstan,Potatoes,1993,34460,236.9,1301.81,5.75
Pakistan,"Rice, paddy",1990,14376,512.5,19299.62,23.82
Rwanda,Yams,2012,20041,1246.3,96.56,19.35
Afghanistan,Plantains and others,2013,2700,356.6,121.63,11.62
Rwanda,Potatoes,2009,82616,987.9,182.08,16.71
Russia,Wheat,2004,8185,495.7,24557.89,5.77
Poland,Sorghum,1998,4977,558.1,3501.88,5.66
Myanmar,Soybeans,1998,3146,2496.5,955.09,28.51
Germany,Maize,1991,19113,613.8,18148.36,9.41
Egypt,Wheat,2007,22577,44.7,7243.83,21.65
Panama,Wheat,2013,2537,2603.6,2394.49,27.03
Myanmar,Wheat,2009,3968,2589.0,1085.8,24.01
Morocco,"Rice, paddy",2003,5330,306.6,7693.34,19.83
Haiti,Plantains and others,2003,28634,1540.3,90.71,27.3
Uganda,Soybeans,1991,10530,1032.4,285.44,24.6
Brazil,Plantains and others,1999,53328,2083.5,131690.58,24.15
Angola,Soybeans,1990,7379,1221.1,269.71,24.73
Turkey,Plantains and others,2004,16563,684.5,29594.34,17.15
Rwanda,Soybeans,1997,5757,1303.9,156.33,17.84
Thailand,Sorghum,1998,7160,1413.6,8301.09,26.5
Hungary,Sorghum,1995,4536,586.2,4225.36,10.96
Angola,Soybeans,2001,8025,785.9,280.66,21.07
Bangladesh,Sweet potatoes,1994,16765,2086.2,2386.61,26.0
Peru,Maize,2013,11554,2151.1,8290.15,20.61
Indonesia,Plantains and others,1993,25767,2327.2,4221.81,26.37
Ireland,Maize,1997,19835,1127.3,1415.41,9.05
Cambodia,Wheat,2007,1974,1922.5,847.71,25.7
Niger,Wheat,1994,2148,341.3,111.98,29.95
Panama,Wheat,2004,2464,2581.4,1522.68,27.81
Hungary,Plantains and others,2013,20061,627.9,7628.0,10.55
Guinea,Maize,1994,7506,1763.7,153.34,24.34
Peru,Plantains and others,1990,16285,1920.8,4262.5,17.49
Italy,"Rice, paddy",2006,20611,1097.5,60920.86,14.42
Malawi,Sorghum,1998,4710,1079.9,121.4,24.33
Uzbekistan,Sorghum,1993,1772,180.1,2827.84,14.85
"Tanzania, United Republic of",Maize,2002,15552,898.1,1656.04,22.39
Chile,Sorghum,2000,4126,715.2,7171.12,14.81
Guatemala,Yams,2005,44522,1566.9,991.11,23.8
Belgium,Soybeans,1992,9266,864.6,2838.76,9.68
Mali,Plantains and others,1998,7245,323.5,223.87,28.13
Nigeria,Potatoes,2010,34377,1157.3,2755.53,27.73
Ecuador,Cassava,2002,30921,1919.2,2325.52,19.67
Morocco,Yams,2004,12783,343.5,2652.12,18.41
Morocco,Maize,1990,16957,190.5,3040.81,18.2
Mexico,Plantains and others,2012,38511,958.3,31273.98,21.08
Kenya,Potatoes,2002,85708,568.6,1330.24,22.95
Panama,Sorghum,2007,3411,3960.3,1628.62,26.72
Mozambique,Plantains and others,1997,19733,948.1,310.99,25.44
Ghana,Soybeans,1997,7412,1494.0,1611.84,27.57
Cuba,Yams,2001,35003,1311.1,1285.51,26.68
South Africa,Soybeans,2000,12274,607.8,11339.42,17.04
Afghanistan,Yams,2010,7453,284.5,99.81,13.96
Malawi,Potatoes,1994,32614,1364.4,277.55,24.13
Ecuador,Cassava,1997,25036,2421.1,2505.04,23.94
Ghana,Yams,1993,55406,1046.6,316.91,25.02
Dominican Republic,Sorghum,2001,5766,1476.4,1157.34,26.62
Morocco,Yams,2009,15829,349.0,2671.13,16.3
Niger,Cassava,2004,15988,205.6,119.1,27.91
Myanmar,"Rice, paddy",2004,12869,2179.4,1447.28,24.9
Ethiopia,Plantains and others,1997,16266,925.9,821.65,21.63
Kenya,Cassava,2003,40430,874.9,1104.75,20.79
Nicaragua,Sorghum,2007,2620,3243.1,989.17,26.45
Thailand,"Rice, paddy",2001,31046,1625.9,24894.69,25.73
Argentina,Maize,1990,23405,593.2,78664.56,16.92
Netherlands,Sorghum,2001,8079,728.0,3827.1,8.9
Mexico,"Rice, paddy",1994,18438,733.6,32767.47,21.78
Costa Rica,Plantains and others,2007,34427,2518.4,4981.72,22.14
Romania,Plantains and others,2004,14415,712.4,1654.27,9.03
Thailand,Soybeans,1997,9877,1750.0,18505.89,28.53
South Korea,Soybeans,2012,8274,1306.4,23455.99,12.98
Uganda,Yams,1996,32902,1152.0,206.44,23.79
Costa Rica,Yams,2007,25343,2846.6,2405.61,24.09
Ivory Coast,Sweet potatoes,2002,54091,1430.6,596.16,29.02
Poland,Wheat,2004,10293,684.9,11787.1,5.88
Guinea,Cassava,2008,42115,1779.0,139.14,26.4
Iraq,Soybeans,2005,8284,172.2,2431.36,21.85
Afghanistan,Sweet potatoes,2010,23486,328.4,55.07,17.1
Ecuador,Maize,2000,17262,1826.2,8331.19,21.97
India,Sorghum,1990,5212,1473.8,16208.61,24.58
Iraq,Yams,2004,18279,169.1,1077.58,21.53
Afghanistan,Sorghum,1990,1467,315.8,60.0,16.67
Netherlands,Potatoes,1998,233381,941.2,5940.41,11.06
France,Sorghum,1998,6013,538.3,27222.48,12.18
Kazakhstan,Sweet potatoes,2004,21152,245.8,586.95,9.35
Venezuela,Yams,1995,29977,2017.8,3672.42,24.62
Jamaica,"Rice, paddy",2010,18649,2293.3,1011.56,27.4
Ghana,Plantains and others,2006,33484,1025.5,1363.78,29.2
South Africa,Wheat,2008,29696,418.3,9611.62,17.19
Chad,Wheat,1993,3631,382.3,125.35,26.51
Austria,Potatoes,1997,133690,1105.1,3919.82,9.0
Chile,Plantains and others,1990,14485,753.2,7447.27,14.25
Russia,Maize,2000,10960,468.1,24749.83,8.38
Guinea,Wheat,1994,5139,1339.0,192.86,23.86
Angola,"Rice, paddy",2007,6813,921.8,524.44,19.42
Saudi Arabia,Cassava,1999,32145,41.6,787.98,30.52
Togo,Plantains and others,1992,21231,1216.9,92.12,27.53
Burundi,Yams,2002,10747,1296.0,15.48,17.26
Argentina,Soybeans,2005,19665,572.4,158975.99,17.27
Venezuela,Maize,1990,14144,1865.0,5468.23,24.06
Hungary,Maize,2004,14628,732.2,6587.65,11.78
Guinea,Soybeans,2005,5703,1653.6,270.64,25.31
Guinea,Cassava,2000,43313,1375.6,114.17,25.44
Nigeria,Sorghum,2009,9351,971.5,1474.21,26.5
Jamaica,Plantains and others,2006,33711,2227.6,397.02,26.69
Venezuela,Maize,2012,14352,1883.3,12621.92,26.08
Malawi,Maize,1995,16213,1140.3,442.19,22.33
Canada,Sweet potatoes,1991,58213,655.8,1607.47,5.57
Rwanda,Yams,2005,10887,1376.5,47.16,18.25
Cambodia,Yams,1994,25127,1835.8,343.42,24.43
Iran,Sorghum,1992,6472,261.5,2597.72,20.28
Guatemala,Sorghum,2012,2801,1924.9,2378.46,23.66
Romania,Yams,1990,23704,595.0,1215.78,8.74
Colombia,Yams,1992,20555,2253.4,6199.77,25.68
South Africa,Plantains and others,1998,27595,533.5,8552.25,19.28
South Africa,Maize,1995,22030,571.9,8317.38,17.45
China,Potatoes,1995,257365,688.3,605579.71,13.63
Netherlands,Soybeans,2005,11824,719.8,7746.51,11.03
Niger,Potatoes,2004,19575,281.2,161.6,28.57
Algeria,Plantains and others,2013,8001,106.7,3802.89,18.29
Japan,Sorghum,2003,5223,1456.9,11875.84,13.04
Ghana,"Rice, paddy",2001,25615,1114.7,2442.87,26.64
Iran,Soybeans,1994,7160,258.8,9079.72,18.06
Mozambique,Plantains and others,1994,21958,1033.1,292.4,25.39
Rwanda,Sorghum,1997,3083,1055.5,66.69,19.76
"Congo, Democratic Republic of the",Plantains and others,2007,25051,1480.6,179.73,28.06
Kazakhstan,Sorghum,2007,2574,264.7,937.0,5.71
India,"Rice, paddy",1991,22746,999.7,36980.22,25.41
Madagascar,Soybeans,2008,6542,1519.1,393.63,21.64
Cambodia,Plantains and others,2004,33711,1485.2,510.94,26.62
Laos,Sweet potatoes,2008,45868,1639.0,78.57,26.06
Nicaragua,"Rice, paddy",1996,19312,1950.2,1447.98,28.0
Afghanistan,Plantains and others,1994,1669,332.6,60.85,16.5
New Zealand,Sorghum,2007,2012,1686.7,2927.22,7.11
Japan,Wheat,2002,22185,1514.3,35535.36,14.62
United States of America,Sorghum,1993,5644,958.7,72758.99,11.75
Argentina,Sweet potatoes,2005,48301,650.8,62874.8,14.45
Peru,"Rice, paddy",2002,9934,2044.0,6633.32,18.56
Madagascar,"Rice, paddy",2012,13061,2054.1,576.19,24.58
Saudi Arabia,"Rice, paddy",1990,11729,51.2,3301.46,28.76
Turkey,Potatoes,1994,163534,568.2,20713.81,15.23
Argentina,Sorghum,2010,6393,660.9,92405.68,13.93
Romania,Soybeans,2010,7636,674.5,8684.63,8.8
Belgium,Plantains and others,2003,24080,880.7,3082.01,8.29
Afghanistan,Sorghum,2001,1417,381.9,101.37,16.01
Burundi,Yams,2008,18093,1028.9,30.32,19.82
Russia,Sweet potatoes,1992,22145,404.6,4011.62,7.12
Laos,Maize,1996,4636,2196.2,250.15,26.33
Canada,Sweet potatoes,2011,52360,417.9,34522.48,4.69
Jamaica,Soybeans,1998,3479,2303.5,784.32,21.82
Mozambique,Soybeans,1997,6997,1025.1,461.54,27.01
Bangladesh,Sweet potatoes,2002,23878,2644.3,5389.42,26.26
Myanmar,Soybeans,1992,3000,2573.5,869.38,27.21
Pakistan,Plantains and others,1997,21724,423.4,12376.24,24.23
Mali,Maize,1990,13334,433.7,197.1,29.83
China,Yams,2011,35593,776.0,828242.96,15.7
Brazil,Yams,2009,82647,1845.3,127117.49,25.7
Turkey,Soybeans,2003,6715,651.8,37095.77,12.87
Brazil,Sorghum,2005,5206,1675.1,160638.76,25.8
Burkina Faso,Soybeans,1991,7200,912.2,347.92,24.74
Morocco,Soybeans,1997,11999,349.5,3643.9,18.84
Rwanda,"Rice, paddy",2001,5644,1512.6,293.95,16.37
Ghana,Cassava,2010,95381,1310.3,825.27,27.3
Ghana,Plantains and others,1990,27177,921.5,752.42,28.03
Peru,Maize,2011,19214,1452.5,8197.07,18.44
Finland,Sweet potatoes,2000,39388,448.7,664.99,4.59
Burkina Faso,Maize,1991,16781,708.1,374.29,26.3
Mexico,Maize,2011,32877,794.9,51576.61,20.77
Uruguay,Yams,1992,19022,1513.1,1636.48,17.7
Philippines,Yams,1995,19047,2344.0,1387.56,27.29
Japan,Sweet potatoes,2003,71332,1559.7,16398.66,15.05
Cameroon,Soybeans,2013,5455,1827.6,1337.78,24.2
New Zealand,Wheat,2011,12469,2021.3,3742.34,13.34
Haiti,Soybeans,2006,7162,1475.7,131.6,25.56
Ukraine,Maize,2011,14215,727.1,15178.2,11.27
Burkina Faso,Wheat,2008,3690,835.3,550.41,29.04
Indonesia,Potatoes,1991,40338,1268.4,7197.95,28.71
Malawi,Sweet potatoes,1993,53794,1208.2,165.7,24.17
Ivory Coast,Sweet potatoes,1994,69248,1169.6,651.95,25.79
Dominican Republic,Sorghum,2003,6488,1424.4,1183.16,25.65
Niger,Maize,2004,13600,320.7,187.15,26.85
India,Sorghum,2010,10530,1237.7,22065.27,27.56
Nicaragua,Soybeans,2012,11830,1509.9,1992.02,26.28
Ghana,Sorghum,1990,6313,1119.3,468.69,26.36
Kazakhstan,Sorghum,1996,2460,214.8,979.81,8.78
Ireland,Maize,1996,18008,1285.6,2074.2,9.0
Burkina Faso,Maize,2004,17199,749.5,696.78,24.73
South Korea,Wheat,2002,21319,1582.8,15778.05,14.28
Morocco,Potatoes,1995,113728,327.0,3491.29,20.51
France,Yams,2008,50306,910.1,25100.3,11.85
Cambodia,Sorghum,1991,2493,2801.9,199.16,26.6
France,Yams,2004,43037,616.6,16453.26,11.29
Uzbekistan,Sorghum,2006,2582,226.4,3723.17,15.23
Panama,"Rice, paddy",1998,8149,3495.1,2386.05,26.71
Peru,Maize,2009,10213,1736.2,7045.74,17.33
Ecuador,Soybeans,2000,5218,2152.8,6022.9,21.23
Greece,Yams,1999,25107,596.0,3408.45,16.77
Peru,Sweet potatoes,1997,55643,1682.0,1478.84,19.57
Indonesia,Soybeans,1998,5341,2529.0,17650.0,26.68
Algeria,Maize,2003,19559,85.0,4219.13,19.4
Portugal,Plantains and others,1996,22736,1094.0,2640.12,12.86
Guatemala,Sorghum,2005,2625,1952.1,2701.56,25.14
Burundi,Potatoes,1996,59991,1213.3,54.81,19.27
Malaysia,"Rice, paddy",1995,22042,2405.0,20566.09,27.69
Germany,Wheat,1996,14757,677.5,19662.05,6.69
Ireland,Sorghum,1992,4310,1232.7,900.48,11.68
Thailand,"Rice, paddy",2000,38259,1748.8,25041.39,27.84
Indonesia,Sorghum,1995,3189,1927.8,10526.79,28.28
China,Sorghum,1990,5598,742.1,321922.08,13.68
Haiti,Plantains and others,2001,25418,1487.1,96.26,26.26
Netherlands,Wheat,1990,32060,826.9,3536.64,11.14
Ghana,Yams,2000,55828,1343.8,658.57,28.12
Zambia,Plantains and others,1998,19413,977.4,277.07,21.78
South Korea,Wheat,2008,30747,1085.5,22168.72,12.78
Cambodia,Plantains and others,1990,31340,1957.9,399.67,26.96
Kazakhstan,Sweet potatoes,2012,29966,321.2,701.54,7.69
South Korea,Plantains and others,2000,27540,1382.4,14221.33,14.17
Ghana,Soybeans,2008,7206,1609.7,1880.41,29.34
Hungary,Sweet potatoes,1993,41523,470.0,980.1,12.08
Algeria,Plantains and others,2000,5099,79.0,2204.1,17.55
Japan,Wheat,2000,30108,1420.3,28248.89,14.81
Cuba,Maize,2010,25119,1391.8,3396.05,26.17
Cambodia,Potatoes,2005,8605,2010.8,687.88,26.97
South Korea,Plantains and others,1994,24953,1378.3,7698.94,11.92
Bangladesh,Sorghum,2013,3688,2278.1,9814.88,26.85
France,Wheat,2003,29758,799.8,43833.65,10.89
Ecuador,Maize,2013,10166,2866.4,8784.19,21.81
Canada,Sorghum,2010,7248,548.6,29389.01,3.15
Guinea,Soybeans,2002,2867,1829.9,362.52,28.5
Greece,Maize,2008,31842,735.3,8121.18,17.28
Ivory Coast,Sorghum,2013,3357,1578.1,1241.83,26.38
Ireland,Yams,2001,32948,1456.7,844.37,6.96
Indonesia,Potatoes,1992,22551,2486.2,11182.32,25.02
United States of America,Wheat,1995,26805,815.9,229718.78,11.53
Sierra Leone,Soybeans,2008,1800,2075.2,153.47,29.2
Malaysia,Sorghum,2008,4033,3083.5,12558.91,29.82
Iraq,Soybeans,1997,8929,256.5,1880.1,20.36
Mexico,Sweet potatoes,2005,155137,855.9,5259.9,21.73
Kazakhstan,Sweet potatoes,1993,24943,175.2,500.03,8.55
Ireland,Potatoes,2001,157960,1566.6,1595.92,11.35
Israel,Plantains and others,2009,37805,454.9,2223.04,20.0
Bangladesh,Sweet potatoes,2011,34504,2649.0,2382.3,25.03
Ghana,Sweet potatoes,2002,63998,1145.9,0,25.41
Philippines,Sorghum,2007,3364,2032.9,4541.87,24.1
India,Plantains and others,1998,42342,969.2,28928.98,23.73
Indonesia,Soybeans,1992,5306,2939.0,11862.93,26.58
Dominican Republic,"Rice, paddy",1992,29355,1268.7,1832.84,25.29
Laos,Sorghum,2002,1759,1927.1,169.0,23.47
Cameroon,"Rice, paddy",2010,19243,1496.1,1972.23,23.78
Burundi,Soybeans,2010,7472,1082.6,98.48,22.12
Togo,Plantains and others,2011,22539,931.5,191.02,29.06
Mali,Cassava,1999,28717,405.5,92.52,28.78
Philippines,Cassava,2013,33276,2466.5,4639.58,27.82
Dominican Republic,Soybeans,1999,14654,1111.4,1622.31,27.37
Iraq,Soybeans,1992,10142,267.5,1402.77,23.46
Zimbabwe,Maize,2009,24708,602.7,2069.08,20.9
Angola,Soybeans,2000,8386,1072.1,409.77,21.38
Honduras,Plantains and others,2008,41118,1741.5,1844.6,24.47
Mexico,Plantains and others,2008,29916,649.3,34460.42,19.61
Ireland,Cassava,2000,55416,1396.8,468.54,10.17
Indonesia,Plantains and others,2009,21318,2713.0,14526.01,24.31
Bolivia,Cassava,1996,31033,1189.4,666.06,19.03
Guinea,Yams,1993,27034,1659.5,96.83,25.84
Spain,Soybeans,1998,7047,702.6,33525.6,13.41
"Congo, Democratic Republic of the",Maize,2005,12343,1329.1,328.34,24.29
Madagascar,Plantains and others,2004,23574,1766.2,288.16,22.13
India,Potatoes,2008,48447,1301.1,31479.24,25.54
Peru,Plantains and others,1993,15884,1740.8,3002.72,16.29
Venezuela,Cassava,1998,23381,2389.2,4287.7,25.85
Israel,Sweet potatoes,1993,112797,447.6,943.94,19.34
Guatemala,Yams,2002,41562,1498.1,688.46,23.31
Uzbekistan,"Rice, paddy",1999,2255,226.1,7516.07,14.93
Italy,Wheat,2011,43790,873.0,57436.15,14.2
India,"Rice, paddy",1996,27466,1185.5,30439.39,23.18
Hungary,Sweet potatoes,2007,43789,566.4,3246.71,9.45
Kenya,"Rice, paddy",2008,13381,661.3,2820.55,21.99
Bolivia,Soybeans,1993,8784,982.5,1556.93,20.22
Colombia,Sorghum,2000,3921,2932.5,14706.08,23.52
Israel,Soybeans,1994,26127,513.5,1795.43,18.89
Algeria,Plantains and others,1997,5637,84.4,2139.96,17.98
Ecuador,Cassava,2009,39694,2192.2,3590.45,20.51
Hungary,Maize,1998,13976,644.3,10737.7,10.97
Greece,Yams,2006,27964,759.7,4352.56,15.97
South Korea,"Rice, paddy",2005,11922,638.7,28651.48,15.15
Angola,Soybeans,1992,7375,908.4,219.88,21.01
Turkey,Potatoes,2004,218580,429.0,31649.87,16.28
"Congo, Democratic Republic of the",Plantains and others,1990,16955,1809.1,26.63,24.53
Hungary,Cassava,1990,42340,678.6,2958.48,15.41
Guatemala,Plantains and others,1999,24393,2072.6,2428.64,21.32
Togo,Plantains and others,2000,19532,1201.9,139.93,27.2
Malawi,Sweet potatoes,2004,63408,945.8,180.1,20.7
"Congo, Democratic Republic of the",Soybeans,1994,1711,2095.3,104.62,22.95
Morocco,Plantains and others,2006,5460,323.4,5078.83,14.98
Spain,Potatoes,1996,240111,695.0,17100.11,17.12
Paraguay,Sweet potatoes,1992,93934,1343.9,3148.26,21.7
South Korea,Yams,1994,33747,1522.8,1126.07,14.34
El Salvador,Cassava,1992,44034,1974.1,544.55,24.59
Ecuador,Soybeans,2008,12907,1482.7,7585.62,21.09
Cameroon,Yams,2002,33429,1655.3,388.87,25.54
New Zealand,Sweet potatoes,2011,32588,1872.5,1516.45,10.53
South Korea,"Rice, paddy",1998,16396,1270.0,21476.88,11.04
Zambia,Yams,1995,22278,1080.8,256.88,20.78
Nigeria,Potatoes,2002,27965,1369.3,1168.69,26.41
Togo,"Rice, paddy",2010,16486,1058.3,319.88,25.01
Egypt,Maize,1998,22241,54.3,7449.2,23.27
India,Sorghum,2004,5632,1375.0,14358.07,23.78
Mexico,Wheat,1998,23479,1009.6,29214.9,21.1
France,Cassava,2010,45782,796.5,23570.73,10.74
Malaysia,Plantains and others,1993,29117,2331.0,10135.13,27.61
Afghanistan,Wheat,1991,7240,280.3,51.49,14.57
Uzbekistan,Sorghum,1992,2190,222.5,2255.59,13.48
Panama,Cassava,1994,22663,3347.3,1169.25,26.9
Malaysia,"Rice, paddy",1997,12634,2641.7,23485.24,26.13
Iran,Sorghum,2006,3945,249.8,6312.19,17.85
Brazil,Plantains and others,1998,55178,1754.7,164320.84,23.76
Nicaragua,Yams,1998,16245,2319.5,554.25,28.42
Pakistan,"Rice, paddy",2001,15113,486.4,14738.31,24.69
Mozambique,"Rice, paddy",1990,14234,936.0,471.84,25.48
"Congo, Democratic Republic of the",Cassava,1998,37478,1587.5,49.81,24.09
Poland,Potatoes,2009,149123,525.7,13834.5,9.89
Kenya,Maize,1997,21172,556.2,2129.18,20.72
Rwanda,Potatoes,1996,66141,1325.0,75.67,19.42
Ireland,Sweet potatoes,1994,48976,1070.8,578.34,9.41
Denmark,Maize,1993,17289,610.7,2108.44,7.46
Portugal,Yams,2007,34724,796.0,2174.17,12.68
Angola,Sweet potatoes,1997,51305,1203.9,94.13,21.65
El Salvador,Sweet potatoes,1992,55111,1493.2,980.46,27.36
Ethiopia,Cassava,1993,36444,878.4,768.51,22.77
Niger,Sweet potatoes,2005,30968,276.5,98.66,27.28
Hungary,Yams,2002,30884,696.5,3607.92,9.27
Venezuela,Soybeans,2000,5938,2099.6,10359.67,25.53
Belgium,Yams,1994,33677,771.2,850.11,10.42
Romania,Yams,2013,26067,470.2,3960.48,12.32
Cambodia,Cassava,2005,54015,1631.2,368.91,25.01
Cambodia,Cassava,2012,57343,1864.5,188.26,28.24
Turkey,Soybeans,2010,7110,670.2,36290.97,14.87
Dominican Republic,Sorghum,2008,7846,1301.4,1297.89,26.36
Argentina,Maize,2010,19483,544.7,174476.6,14.92
Cambodia,Potatoes,1999,9354,2043.5,428.76,27.47
Afghanistan,Yams,2011,4885,278.8,82.86,16.2
South Korea,"Rice, paddy",1994,17525,1245.9,16159.93,12.74
Angola,Sorghum,1991,3554,993.5,84.21,21.69
Niger,Cassava,2006,28174,288.6,144.99,28.07
Sudan,"Rice, paddy",1992,5162,269.5,1100.59,30.05
Mexico,Cassava,1995,95056,786.4,7629.6,21.57
Hungary,Plantains and others,1994,12128,594.3,4129.56,12.42
Rwanda,Maize,2013,13517,1406.8,272.08,19.58
Sri Lanka,Soybeans,1993,6873,1507.1,3080.08,28.09
Uzbekistan,Sorghum,2001,2631,208.6,2385.87,13.55
Poland,Sorghum,1996,4587,526.0,6738.3,9.57
Chile,Wheat,1990,15126,686.0,8069.65,10.38
Czech Republic,Sorghum,1997,5753,646.0,1818.53,8.77
Russia,Potatoes,2002,46402,429.3,15962.53,4.34
El Salvador,Yams,1995,35039,1705.6,520.2,26.38
Guatemala,Wheat,1998,3398,1737.5,2080.21,25.61
Colombia,Yams,1996,31051,2080.0,7587.82,24.62
Bangladesh,"Rice, paddy",2008,24145,2074.3,16689.37,25.59
Hungary,Sweet potatoes,1994,36606,636.7,1426.63,9.26
Benin,Sorghum,1991,4705,1026.1,58.3,29.52
Madagascar,"Rice, paddy",2010,14915,1757.3,623.79,23.73
Kenya,Plantains and others,2010,20808,450.1,1352.37,23.4
Laos,Sorghum,2012,4123,1360.0,187.54,23.25
Austria,Wheat,2012,13015,1101.5,4295.23,6.01
United States of America,Plantains and others,2001,23898,784.7,189871.97,12.05
Bangladesh,Sweet potatoes,2013,78521,1592.5,5033.76,25.88
Egypt,"Rice, paddy",2004,9491,33.0,9770.41,22.91
Kenya,Potatoes,2009,83011,783.7,1856.7,22.22
Saudi Arabia,Cassava,2009,38385,62.8,1875.11,26.27
New Zealand,Cassava,1998,40107,1895.9,1948.89,11.49
Argentina,Sweet potatoes,1991,42031,616.6,0,14.04
United States of America,Soybeans,2012,12355,797.9,346763.66,10.51
Chad,Maize,2008,18629,387.7,194.72,25.77
Egypt,Maize,1991,20457,28.9,5801.61,23.26
Thailand,Plantains and others,2008,78426,1640.8,14508.64,26.84
United States of America,Yams,2007,38323,859.1,100599.27,11.82
New Zealand,Sweet potatoes,2006,49887,1587.4,1016.22,11.45
Ireland,Cassava,2008,57823,1244.5,916.52,9.77
Iraq,Sorghum,1994,5188,179.3,923.23,23.3
Netherlands,Cassava,2009,89147,861.2,3690.74,8.89
Mali,Maize,1997,14545,401.7,256.62,27.38
Czech Republic,Wheat,1995,23180,834.6,3685.35,11.25
Burkina Faso,Sweet potatoes,2005,46697,691.3,222.91,28.85
Jamaica,"Rice, paddy",1996,18731,1925.9,819.04,27.1
Hungary,Potatoes,2012,149141,473.5,6851.56,10.81
Romania,Plantains and others,2009,10768,577.0,4927.78,13.68
Paraguay,Maize,2006,38115,1189.7,12057.82,23.51
Spain,Maize,2013,20132,756.1,45636.39,14.87
Madagascar,Plantains and others,2005,24369,1508.9,214.07,23.76
Italy,Maize,2001,25519,708.1,42370.37,14.63
Haiti,Cassava,2004,59700,862.4,62.99,25.23
Austria,Potatoes,2007,94134,1006.2,3172.94,6.58
Ireland,Yams,2003,38847,1351.6,744.91,9.21
Rwanda,Sorghum,1991,2978,1191.2,123.41,19.69
Pakistan,Yams,1991,33494,401.5,3851.77,21.57
Argentina,Sorghum,1991,4509,488.0,35875.92,16.44
Angola,"Rice, paddy",2000,12367,1191.7,309.88,22.71
Angola,Cassava,2008,41437,1170.7,114.22,22.14
Senegal,Plantains and others,2002,16037,732.2,469.28,27.56
Mozambique,Plantains and others,2003,22495,1018.4,362.97,25.79
Ireland,Yams,2009,50628,919.5,1082.71,8.23
Cuba,Cassava,1998,73681,1167.5,919.18,26.1
Venezuela,Plantains and others,1996,43222,2024.8,4086.62,25.12
South Korea,Soybeans,1996,8367,1137.9,17330.8,13.38
Kenya,Wheat,2008,15147,744.3,2304.77,22.19
Hungary,Yams,2004,27415,565.1,4189.86,12.08
Angola,Potatoes,2008,61483,1171.5,327.51,21.28
Kenya,Yams,1996,23181,651.3,520.78,20.34
El Salvador,Sweet potatoes,2007,52210,1753.5,1421.53,25.06
Mali,"Rice, paddy",1998,6880,339.2,342.42,30.07
Portugal,Yams,2006,26909,680.6,796.63,13.65
Czech Republic,Wheat,2006,20305,772.9,6849.28,10.38
Hungary,Sorghum,1997,5925,737.5,4421.52,9.44
Italy,Sorghum,1998,5194,788.9,14702.13,15.9
Uganda,Yams,2004,34221,1079.8,128.64,22.9
Turkey,Sorghum,2005,5937,750.6,24952.44,12.43
Paraguay,Cassava,2010,128992,1273.2,6483.85,23.12
Pakistan,Yams,1998,38579,365.2,5691.06,26.03
Ecuador,Soybeans,2007,8524,1798.5,8534.71,22.58
South Korea,Maize,1993,18767,1067.9,21812.92,12.47
Jamaica,Soybeans,1997,4701,1681.6,695.52,28.8
Chile,Sorghum,2001,5186,865.4,7499.04,14.23
Guatemala,Soybeans,2011,4127,2034.5,3601.16,27.64
Austria,Soybeans,2000,7970,1176.1,2509.87,8.7
Cuba,Plantains and others,1999,39473,1406.2,1936.54,24.87
Russia,Sweet potatoes,1997,25989,423.9,3532.87,5.74
Argentina,Sweet potatoes,1999,88300,584.1,50573.09,16.62
Benin,Sorghum,2010,5137,1106.3,376.46,30.52
Kenya,Wheat,2000,15274,592.8,1841.62,22.06
Costa Rica,Yams,1996,27991,2205.0,912.53,24.69
Myanmar,Soybeans,1993,3393,2200.7,840.91,25.21
Jamaica,Plantains and others,2000,34010,1976.7,340.83,26.8
Italy,Cassava,2006,66669,1108.4,4793.54,13.86
Argentina,"Rice, paddy",2008,12188,555.3,224968.6,14.36
United Kingdom,Sweet potatoes,1994,53151,1198.0,6071.34,10.9
Germany,Sorghum,1998,6789,870.8,14789.33,6.14
Guinea,Sorghum,1992,3533,1344.2,172.67,24.54
Colombia,Cassava,2012,66074,2189.7,8634.77,23.41
New Zealand,Soybeans,2010,9357,1440.5,5165.04,13.67
Malawi,Sweet potatoes,2007,63582,1214.9,181.84,23.28
Mali,Wheat,1998,3029,349.3,206.88,29.52
Poland,Wheat,2010,12570,510.6,16535.36,8.26
Senegal,Yams,1995,28551,602.9,62.79,31.08
Chile,Plantains and others,1994,15770,604.4,6220.95,13.24
Hungary,Yams,2000,21890,600.3,2115.59,9.99
Togo,Yams,1998,34865,1139.8,63.2,27.03
South Korea,Soybeans,2010,9123,1022.7,21677.31,14.74
New Zealand,Soybeans,2012,7793,1564.5,4019.77,12.38
Thailand,Wheat,1995,6002,1897.2,13970.34,23.99
Malawi,Sorghum,2005,2874,1539.7,133.55,22.83
Sudan,Yams,2006,16886,181.9,398.42,29.36
Greece,Cassava,2001,35779,467.8,4655.78,17.81
Angola,Potatoes,1998,33251,1101.3,275.16,24.26
"Congo, Democratic Republic of the",Plantains and others,2002,24467,1581.3,92.73,26.23
New Zealand,Cassava,2011,63844,1452.4,1845.25,16.57
Honduras,Sorghum,2010,6109,1362.5,1579.06,27.06
Cameroon,Sweet potatoes,2001,64011,1381.8,323.75,24.92
Cameroon,Yams,1996,37577,1572.2,437.37,28.81
Sierra Leone,Soybeans,2007,2107,2782.7,137.25,27.08
Philippines,Cassava,1999,29587,2835.5,3198.5,29.03
Chad,Cassava,2003,31161,425.5,32.32,25.81
Austria,Potatoes,1991,67789,1136.1,1582.33,5.21
Ghana,Plantains and others,2008,46903,1520.3,1711.21,25.64
Uganda,Yams,1995,24913,1312.0,50.01,21.69
Haiti,Yams,2007,31916,1536.4,86.86,26.16
France,Wheat,2008,49441,869.8,48205.45,14.59
Ghana,Sweet potatoes,1991,56953,1394.8,83.91,26.28
Ghana,Sorghum,1992,5770,1266.1,723.41,24.48
Morocco,Soybeans,1995,5509,322.6,4576.0,15.93
Honduras,Sweet potatoes,1999,65086,1337.4,590.28,27.51
Nigeria,Plantains and others,1994,35694,1217.5,760.13,26.08
Ecuador,Plantains and others,2009,33710,2292.5,5797.62,20.91
Israel,Sweet potatoes,2002,157240,391.9,135.09,20.57
Sudan,Cassava,2010,26014,213.6,397.76,27.14
New Zealand,Soybeans,1993,3184,1848.8,2032.08,12.21
Romania,Soybeans,1995,7160,638.2,5702.04,9.15
Argentina,Maize,1993,26741,524.7,120571.09,17.3
Malawi,Sweet potatoes,1994,50154,1419.8,124.12,22.77
Norway,Soybeans,1999,9989,824.2,758.4,5.64
Benin,Soybeans,2012,7194,1109.4,582.9,26.54
Nigeria,Potatoes,2001,31111,1307.0,2083.89,27.62
Panama,Cassava,2005,25319,2751.8,975.93,24.28
Romania,Yams,2004,23294,732.6,3123.79,11.85
Jamaica,Plantains and others,1992,13914,2616.6,348.84,26.95
Burkina Faso,Sweet potatoes,2002,34334,684.1,69.71,27.67
Kenya,Maize,2001,19282,716.5,2788.13,22.54
Cuba,Sweet potatoes,2002,52069,1628.8,1293.75,25.9
Ghana,Maize,2013,23087,1422.7,2827.18,26.16
Hungary,Sorghum,2005,6205,539.6,6071.1,9.36
Colombia,Soybeans,1994,5000,3190.3,14517.49,25.11
Ethiopia,Plantains and others,1995,16091,705.4,380.98,21.99
Kenya,Wheat,1997,14591,579.4,1904.9,21.88
Mexico,Plantains and others,1993,40208,883.7,14536.71,21.28
Poland,Wheat,2005,10107,566.2,10739.35,7.65
Bangladesh,Sorghum,1993,2274,2668.2,2710.1,26.51
Hungary,Wheat,2002,17979,665.8,6917.87,10.68
Iran,Soybeans,2001,13943,227.9,11332.59,18.73
Russia,Maize,1999,11918,337.2,18991.32,6.16
Madagascar,Cassava,2001,36163,1258.3,189.04,22.36
Bangladesh,Sorghum,1990,2524,2865.7,3243.88,23.61
"Tanzania, United Republic of",Potatoes,1993,60229,875.5,679.88,21.17
Senegal,Maize,1996,20038,713.7,444.19,27.81
Senegal,Plantains and others,1993,22073,779.1,233.54,27.64
Nicaragua,Yams,2005,45615,1731.1,489.07,25.27
Ecuador,Plantains and others,2008,48736,2016.2,5849.63,22.7
Russia,Sweet potatoes,2007,32096,399.9,8981.04,5.22
South Korea,Soybeans,2011,9327,1363.2,26745.76,11.39
"Congo, Democratic Republic of the",Cassava,2013,38193,1243.0,100.7,27.8
China,Potatoes,1994,211890,530.8,541690.2,14.72
Netherlands,Wheat,2010,19560,808.8,6936.46,8.58
Cuba,Soybeans,1997,10852,1365.4,2819.66,24.57
Burundi,Potatoes,2008,65981,1308.0,56.91,21.82
Bolivia,Cassava,2011,50408,1032.0,1034.22,19.63
El Salvador,Cassava,2006,69248,1401.5,1206.41,23.77
Guinea,"Rice, paddy",1998,16394,1649.4,382.84,24.54
Togo,Yams,1993,25199,1122.9,28.97,26.31
Norway,Soybeans,2002,7373,1243.9,678.78,7.37
Nepal,Soybeans,2004,6597,1693.5,141.25,21.76
Malawi,Sweet potatoes,1998,54067,994.4,106.58,21.75
Ghana,Maize,2007,21460,1428.2,2229.02,25.43
Jamaica,Sorghum,2005,1985,2507.5,471.58,23.93
Mexico,Maize,2013,18697,686.3,51534.06,16.95
Nicaragua,Sorghum,2011,2263,2324.9,1167.36,23.05
Cambodia,"Rice, paddy",1997,15483,2030.7,903.91,28.09
Angola,Soybeans,2008,7951,980.5,388.47,20.89
Laos,"Rice, paddy",2010,25721,1454.0,464.09,25.48
Malawi,Sweet potatoes,2012,82108,901.4,146.33,22.63
Haiti,Plantains and others,2008,24508,1466.9,123.55,24.78
Turkey,Soybeans,2009,7610,638.3,40899.69,14.38
Bangladesh,Sweet potatoes,2001,21851,2584.9,3179.84,25.72
Ghana,Plantains and others,2007,34993,1126.7,972.78,27.21
Sri Lanka,Potatoes,2005,36425,1580.1,2066.14,24.9
Morocco,"Rice, paddy",2004,3553,289.6,7209.77,18.22
Benin,Cassava,1992,32858,736.8,138.04,29.74
Madagascar,Plantains and others,2007,25824,1226.8,316.44,21.64
Greece,Maize,2005,24400,790.5,12763.77,16.5
Burkina Faso,Plantains and others,2009,16103,659.6,483.1,26.95
Turkey,Wheat,1997,20290,643.2,23275.01,11.94
El Salvador,"Rice, paddy",2013,24575,1705.7,4542.8,23.47
Zimbabwe,Sorghum,2009,8159,680.3,765.11,23.29
Saudi Arabia,"Rice, paddy",2003,10378,74.3,4013.51,27.08
Netherlands,Plantains and others,2006,18443,500.9,5163.68,12.75
Turkey,Cassava,1991,30547,754.0,14470.54,13.59
Russia,Maize,2007,14144,425.1,25035.51,5.58
Japan,Sorghum,1994,1630,1800.3,9539.02,12.73
France,Soybeans,2009,9621,896.1,66136.55,11.73
Jamaica,Wheat,2003,2519,1869.7,615.82,26.24
Thailand,Plantains and others,1996,66617,1479.7,10197.46,28.27
France,Maize,1996,21947,866.6,36595.45,12.03
Saudi Arabia,Yams,2004,38685,50.8,1921.63,26.73
Kazakhstan,Sorghum,2004,2850,205.4,891.34,8.39
Colombia,Yams,1998,13082,3323.7,7604.87,21.74
Thailand,Potatoes,1999,50296,1442.8,20219.87,26.23
Canada,Sorghum,2007,6031,546.2,47645.2,0.65
Indonesia,Soybeans,2011,5431,2944.2,19237.14,25.74
Denmark,Sweet potatoes,2002,58155,735.1,775.97,8.42
Peru,Wheat,2013,8382,1679.3,5526.22,19.07
Jamaica,Wheat,2002,3600,1991.1,507.19,24.56
Guinea,Sorghum,1991,1436,1613.6,95.08,25.2
Benin,Cassava,1999,52363,1077.3,265.8,26.76
Bolivia,"Rice, paddy",2006,14119,1105.8,3522.07,21.44
Togo,Cassava,1990,37270,1050.9,5.47,28.26
Afghanistan,Sweet potatoes,1991,7718,346.1,23.93,14.67
Hungary,Plantains and others,2005,12455,520.1,5969.32,10.52
Ghana,Cassava,1997,62409,941.0,716.09,27.05
Angola,Potatoes,1997,49315,856.3,200.97,23.03
Ecuador,Wheat,2004,6156,1909.3,6758.72,21.95
Japan,Wheat,1997,12993,1692.8,37238.04,13.54
Saudi Arabia,"Rice, paddy",1993,10270,77.2,2792.92,25.76
Laos,Maize,1992,7548,1859.3,261.53,28.28
Angola,Soybeans,1999,6791,1171.1,267.14,19.17
Canada,Sweet potatoes,2013,59828,465.1,31936.58,6.37
Burkina Faso,Soybeans,2005,7477,655.7,675.93,28.43
Bangladesh,Sorghum,2009,3238,2295.5,5642.86,28.67
Algeria,Potatoes,2002,89515,106.3,2723.59,17.78
Haiti,Cassava,1994,49133,1240.6,48.66,26.14
Malawi,Maize,2008,16954,1210.9,432.89,24.5
Japan,Wheat,2007,30941,1485.5,38860.19,13.15
Rwanda,Sorghum,2004,3725,1097.3,149.33,19.99
Ghana,Plantains and others,2004,40398,1035.2,1410.93,24.83
United Kingdom,Wheat,1994,22276,1496.0,9604.18,12.13
Colombia,Yams,2010,32306,2086.5,12403.68,23.85
Ethiopia,Sorghum,2007,5610,816.4,861.12,23.29
Angola,"Rice, paddy",1993,11567,762.1,411.83,25.03
Australia,Plantains and others,2001,42028,479.8,28650.56,23.77
Nigeria,Sorghum,1993,7155,1096.5,763.12,27.74
Poland,Wheat,1995,17258,616.5,11346.57,9.9
Myanmar,"Rice, paddy",2010,7656,3223.6,1664.02,25.37
Niger,Sweet potatoes,2006,24035,248.3,122.75,25.74
Thailand,Cassava,2005,123647,1597.8,12455.95,28.74
"Tanzania, United Republic of","Rice, paddy",2008,21201,1077.2,1946.74,23.63
Israel,Potatoes,1991,271558,442.4,2030.75,19.93
United States of America,Soybeans,1999,10656,566.2,281865.19,12.17
Finland,Soybeans,1996,8537,492.9,1359.72,4.57
Guatemala,Soybeans,1998,5425,2388.6,3205.63,24.94
Romania,Yams,1992,18600,522.7,511.98,10.22
Sudan,Cassava,1994,19961,201.9,350.03,25.64
Morocco,Cassava,1999,22715,210.2,1337.99,18.63
"Tanzania, United Republic of",Yams,1994,35511,1169.0,362.53,22.32
Kenya,"Rice, paddy",1999,7194,643.7,3058.8,20.59
Iraq,Plantains and others,2009,6820,261.4,1790.61,19.07
Mali,Potatoes,2003,17427,332.7,257.27,31.77
Morocco,Yams,1999,20505,293.3,1255.53,19.72
Mali,Plantains and others,2002,6957,310.5,237.97,28.47
Netherlands,Wheat,2002,14681,903.5,6320.84,8.74
Niger,Yams,1991,17555,276.3,43.78,29.03
Guatemala,Plantains and others,1992,24551,1765.3,2304.91,23.76
Romania,Soybeans,2001,5676,658.9,6376.46,10.13
Mexico,Wheat,2006,22393,820.2,32129.56,23.16
Italy,Sorghum,1990,5800,1009.1,17599.26,14.54
Italy,Maize,1990,17994,913.1,34921.56,12.88
Hungary,Sweet potatoes,2008,45130,580.3,5495.91,9.82
Philippines,Yams,2008,30154,2116.8,1850.34,29.14
Paraguay,Sweet potatoes,2004,125660,1214.3,628.63,24.83
Finland,Sweet potatoes,2013,67072,589.0,676.73,2.85
"Tanzania, United Republic of",Yams,1990,31543,1076.9,252.58,24.45
Madagascar,Soybeans,1992,7901,1016.7,221.19,22.32
South Korea,Plantains and others,1997,21955,1081.1,13113.69,13.47
Guinea,Maize,2011,6580,1968.6,439.71,24.42
Chad,Cassava,1992,25598,343.8,50.94,26.76
Sudan,Cassava,1997,22814,205.7,104.75,28.85
Rwanda,Soybeans,2012,6596,1236.2,268.47,17.7
Cameroon,Sweet potatoes,1997,53442,1424.3,341.53,23.88
Greece,Cassava,1999,35823,634.3,3770.15,15.44
Romania,"Rice, paddy",2007,7810,492.5,10736.66,9.44
Togo,Soybeans,2004,7458,1210.0,183.52,26.96
Cameroon,Cassava,1991,54435,1387.4,201.94,25.95
Haiti,Plantains and others,2009,28389,1564.5,94.48,25.8
Philippines,Yams,1998,16704,2996.9,3015.17,27.28
Hungary,Maize,2011,19150,725.9,11562.43,11.98
Bolivia,Yams,1996,22378,1443.2,336.65,20.18
United States of America,Soybeans,2002,8517,1104.5,248641.88,10.15
Colombia,Plantains and others,2007,34481,2420.2,19988.58,23.28
North Korea,Sweet potatoes,1997,27493,976.1,70.98,7.79
Dominican Republic,"Rice, paddy",2005,27408,1367.9,2828.87,28.15
Philippines,Maize,2008,10696,2391.8,7463.92,25.53
Colombia,Soybeans,1993,7277,2819.5,13087.92,24.86
Bolivia,"Rice, paddy",1998,12819,1349.3,2021.78,20.16
Thailand,Yams,1993,69611,1722.0,10852.55,28.13
North Korea,"Rice, paddy",2009,6099,1047.6,946.7,11.25
Paraguay,Wheat,2008,11864,1512.6,9163.48,24.46
Spain,Maize,2004,15632,664.1,28128.13,13.77
Mexico,Plantains and others,1996,42722,765.3,19578.8,22.45
North Korea,Soybeans,1993,3328,815.8,646.61,8.69
"Tanzania, United Republic of","Rice, paddy",1990,11629,1040.2,1295.84,22.71
Guinea,Soybeans,1992,5743,1250.3,232.87,28.98
South Africa,Sweet potatoes,2003,69179,370.5,2913.79,16.83
Venezuela,Maize,2005,10592,2121.5,11568.54,28.18
Honduras,Sweet potatoes,2001,57380,1566.7,1182.24,26.14
Senegal,Sorghum,2003,7020,741.3,134.72,26.96
Sri Lanka,Soybeans,2010,10214,1514.0,3767.67,25.28
New Zealand,Sorghum,1996,1823,2012.6,2004.1,13.61
Colombia,Yams,2012,18206,2591.5,12612.32,21.25
Sri Lanka,Sorghum,2013,2968,1701.8,3904.57,29.66
"Congo, Democratic Republic of the",Maize,2012,8802,1796.7,343.21,25.09
"Tanzania, United Republic of",Maize,1992,18373,766.1,1094.54,23.04
Colombia,Sorghum,2006,4341,1993.7,14518.09,24.46
Cuba,Maize,1995,19304,1491.3,3233.62,26.96
Czech Republic,Wheat,1991,9650,653.9,3816.26,7.25
Uruguay,Sweet potatoes,1991,98311,1367.4,3087.48,18.3
Czech Republic,Sorghum,2000,5840,847.0,2374.34,6.81
Uruguay,Yams,1995,27081,869.4,2428.33,17.12
Sierra Leone,"Rice, paddy",1998,13121,1956.1,148.46,27.0
Senegal,Maize,1993,16721,735.5,366.49,27.63
Algeria,Potatoes,2012,90180,116.0,3901.35,19.75
Madagascar,Soybeans,2001,4051,1703.6,406.38,23.56
Romania,Soybeans,2011,6077,489.6,9459.05,9.88
China,Yams,1996,29542,615.6,625625.38,17.62
Nicaragua,Plantains and others,1991,27246,1889.5,737.83,26.7
Afghanistan,Yams,2004,6398,305.4,54.93,14.87
Romania,"Rice, paddy",1990,8032,770.5,6628.93,8.76
Austria,Potatoes,2013,103510,1134.9,4573.61,8.08
Thailand,"Rice, paddy",2006,29368,2175.6,25373.67,26.55
Belgium,Sweet potatoes,1997,77742,844.3,1395.47,10.82
Sierra Leone,"Rice, paddy",1996,3941,2577.7,137.48,27.31
"Tanzania, United Republic of",Potatoes,1998,79523,701.0,1356.57,19.89
Mali,Cassava,1998,26505,391.4,120.26,24.38
Laos,Sweet potatoes,2013,37541,1773.7,163.56,27.61
Rwanda,"Rice, paddy",1999,12749,1125.7,305.46,21.8
Angola,Sorghum,2008,3332,1161.9,203.26,20.03
Saudi Arabia,Soybeans,2010,18061,65.3,4357.32,27.66
New Zealand,Potatoes,1990,61510,2232.1,2114.04,11.64
Turkey,Potatoes,2000,183416,616.9,23943.8,14.37
India,Plantains and others,2000,55904,1033.0,23664.81,25.1
Niger,"Rice, paddy",2001,4926,287.1,243.4,28.4
Benin,Plantains and others,2004,22838,825.1,280.45,26.74
Thailand,Wheat,1990,4896,1568.9,16706.56,27.39
Czech Republic,Wheat,1998,12454,708.4,4420.51,7.85
Kenya,"Rice, paddy",2004,18855,765.8,2790.4,25.99
Pakistan,"Rice, paddy",1996,15258,536.5,13203.36,24.38
Bolivia,Sweet potatoes,2000,79078,891.5,1017.4,22.81
Haiti,Cassava,2005,43650,1828.6,46.74,24.83
Cameroon,"Rice, paddy",1991,16870,1577.4,811.58,27.27
Austria,Potatoes,1994,96412,1053.7,2038.19,8.5
Poland,Potatoes,2004,161839,630.1,10548.62,11.49
Pakistan,Plantains and others,2012,15155,330.3,13433.89,25.46
United States of America,Yams,2013,39268,852.1,87879.03,9.83
Burundi,Soybeans,2001,6175,1269.3,87.91,19.01
Uganda,Yams,2005,23346,1164.8,183.66,20.15
Hungary,Plantains and others,1997,13207,538.8,5098.97,10.12
India,Sorghum,2013,6774,1530.4,28459.61,25.19
Bolivia,Sweet potatoes,2010,60549,912.1,579.84,18.39
Nigeria,Sorghum,2011,9112,977.8,1517.42,27.3
Myanmar,Sorghum,1993,2342,2699.9,640.13,26.25
Belgium,Potatoes,1995,236100,842.2,3237.6,12.93
Uganda,Yams,2008,36845,1246.5,202.99,22.14
South Korea,Wheat,2006,33151,1092.9,13754.39,14.74
Senegal,Cassava,1997,45420,728.2,225.55,28.28
Colombia,Sorghum,2013,3528,3048.1,20215.7,21.55
El Salvador,"Rice, paddy",1997,21138,1789.8,3335.26,23.75
Vietnam,Sorghum,1995,4671,1643.5,8732.47,25.73
Morocco,"Rice, paddy",1991,3638,314.9,5299.65,15.42
Guatemala,Wheat,2008,3774,2182.1,3352.44,24.38
Ireland,Sorghum,2011,2805,1533.9,1923.87,5.78
Philippines,Maize,1993,7749,2958.5,4418.32,28.76
Sierra Leone,Sweet potatoes,1994,10552,2574.1,23.91,25.76
Kazakhstan,Soybeans,2003,3137,226.9,2160.8,7.64
Netherlands,Soybeans,1994,10292,849.0,5393.05,10.34
Uzbekistan,Soybeans,1990,3212,250.2,2672.65,14.36
Argentina,"Rice, paddy",2011,13544,594.2,196537.21,13.72
Cuba,Plantains and others,2000,46925,1325.1,2126.53,24.21
Iran,Sorghum,2010,8089,232.7,7021.3,19.8
Italy,Cassava,1991,53305,950.4,22563.0,17.47
Argentina,Soybeans,1994,8179,635.8,101089.16,14.98
Hungary,Plantains and others,1999,18362,734.8,4887.46,12.86
Cameroon,Sweet potatoes,2011,20356,2078.2,668.93,22.85
Malaysia,"Rice, paddy",2005,13130,3080.9,25944.91,25.64
Russia,Potatoes,2005,75699,496.3,23229.28,3.89
Mexico,Sweet potatoes,2007,131723,784.7,2986.7,24.18
United States of America,Plantains and others,1990,15500,762.7,184260.63,12.59
Uruguay,Sweet potatoes,2012,86783,1048.8,3758.79,16.74
Laos,Sweet potatoes,2010,65730,1125.0,92.47,26.15
Guatemala,Cassava,1994,40832,2040.8,1806.66,23.81
Paraguay,Plantains and others,1995,51093,1547.7,6766.18,22.31
Israel,Sweet potatoes,1991,116814,459.0,708.04,23.3
Togo,Plantains and others,2010,28324,1101.2,164.79,28.15
Malawi,Maize,2003,16306,1176.5,342.44,23.72
Nigeria,Sorghum,2007,5391,1101.4,1274.2,25.79
Niger,Yams,2013,21044,260.8,113.87,29.32
Kenya,"Rice, paddy",2012,14080,683.0,3161.63,22.07
Iraq,Maize,2007,20505,167.2,2370.75,22.83
China,Cassava,2000,37968,725.4,416249.97,14.98
Peru,Plantains and others,1997,31623,1394.2,3124.8,20.76
Saudi Arabia,Soybeans,1995,14616,59.6,2200.5,26.42
China,Sorghum,1999,5445,705.8,822708.54,14.44
Cameroon,"Rice, paddy",2006,21914,1666.1,1276.08,24.99
Chad,Soybeans,2010,6597,464.7,164.45,28.41
Cambodia,Yams,1992,27644,1728.7,390.23,27.26
Chad,Plantains and others,1999,9043,470.7,113.47,28.16
Panama,"Rice, paddy",2005,8857,2587.8,3047.92,25.56
Portugal,Yams,1994,24134,874.1,1990.32,14.83
Philippines,Maize,2005,8858,2309.0,6325.55,27.21
"Congo, Democratic Republic of the",Plantains and others,1996,20323,1659.1,140.39,24.69
Ethiopia,Plantains and others,2009,27173,826.0,1126.88,23.19
"Congo, Democratic Republic of the",Sorghum,2009,3800,1102.0,134.69,22.96
Mali,Maize,2007,12802,343.1,427.16,29.92
Burundi,Yams,2010,21169,1483.5,33.92,21.95
Uzbekistan,Maize,2011,9220,204.2,8167.23,15.0
Nigeria,Plantains and others,2007,38433,1358.1,1533.13,28.01
Indonesia,Sweet potatoes,2010,31498,2795.2,5299.55,27.47
Pakistan,Yams,2009,43836,427.5,5143.3,22.26
Sri Lanka,Soybeans,2004,11178,1292.4,3589.31,27.87
Zimbabwe,Sorghum,2010,7156,675.1,648.97,21.7
Angola,Yams,2002,18999,838.3,245.2,20.16
Peru,Sweet potatoes,1994,68431,1734.6,2176.83,20.71
India,"Rice, paddy",2000,21678,683.3,39013.78,24.35
Senegal,Yams,2005,33369,616.2,166.03,30.25
Morocco,"Rice, paddy",2010,9101,356.6,8832.19,20.21
Nigeria,Sorghum,2003,3482,1598.8,1228.7,25.32
New Zealand,Wheat,2002,10755,1616.7,3340.21,10.88
Netherlands,Wheat,2006,16178,636.1,7445.48,8.73
Jamaica,Soybeans,2012,3722,2313.4,1016.0,24.69
Afghanistan,Sorghum,2011,1750,288.6,78.33,12.93
Cambodia,Sorghum,1992,1606,1973.7,323.46,28.01
Honduras,Sweet potatoes,1992,25666,2025.8,1042.75,22.89
Portugal,Cassava,2001,38386,894.0,3548.97,14.56
Guinea,Cassava,2005,49311,1190.0,149.51,28.53
Ethiopia,Plantains and others,1992,17002,649.7,484.27,23.15
South Africa,Soybeans,1995,14532,504.3,8898.44,18.35
Costa Rica,Sweet potatoes,1991,67620,1805.7,1091.66,23.23
Mexico,"Rice, paddy",1991,12877,676.2,33210.35,20.37
Togo,"Rice, paddy",2013,18427,1175.8,381.94,26.43
United Kingdom,Plantains and others,2006,32779,1180.3,14433.88,9.11
Burundi,Plantains and others,1997,15018,1341.7,44.75,19.16
Angola,Yams,1996,26612,1019.9,156.23,22.09
Austria,Potatoes,1998,72104,1102.3,2020.68,7.39
Paraguay,Maize,2005,34577,1030.4,10869.5,22.33
Bolivia,Cassava,1999,46777,1045.8,514.36,21.1
Bolivia,Sorghum,1992,5335,1139.5,905.68,21.52
Brazil,Sorghum,2013,6016,1596.2,221166.08,25.04
Peru,Maize,2012,11870,1924.5,7637.32,19.65
Angola,Wheat,1997,9696,1041.9,319.1,21.11
Brazil,Wheat,1992,16374,1315.9,128600.54,24.64
Malawi,Sorghum,2000,2925,1513.3,165.45,26.6
Jamaica,Plantains and others,1994,39575,1795.0,320.57,29.11
Bolivia,Soybeans,1992,8286,1324.6,1316.88,21.32
Madagascar,Cassava,1999,52014,1358.2,134.69,28.02
Peru,"Rice, paddy",1990,8274,1415.0,4796.35,16.64
Benin,Cassava,1990,41950,1216.1,76.84,27.82
Morocco,Soybeans,2006,10687,285.6,5614.83,16.75
Ukraine,Maize,2001,13927,598.8,11850.56,7.25
Chad,Wheat,2010,4217,401.6,146.58,26.48
Malaysia,Sorghum,2013,5314,3012.5,11816.25,26.67
Madagascar,Cassava,1995,28306,1906.3,91.99,23.44
Russia,Wheat,2000,8230,491.5,13225.82,7.53
Guinea,Soybeans,1990,6953,1258.1,173.06,26.95
Guinea,Soybeans,1994,2404,2066.3,100.25,27.89
Philippines,Plantains and others,1992,24730,2405.9,3202.17,26.9
Sierra Leone,Sweet potatoes,1995,12768,2814.0,19.34,26.37
Hungary,Plantains and others,2002,11736,474.7,4630.56,13.81
Panama,Sorghum,2001,3546,3468.9,618.24,26.18
Burkina Faso,Maize,2010,18270,791.4,759.16,29.38
Guatemala,Potatoes,1997,19367,2130.1,3121.58,25.13
Canada,Sweet potatoes,2012,62003,558.4,25795.54,5.79
Venezuela,Plantains and others,1997,35776,2107.8,6877.44,24.97
South Korea,Soybeans,1998,5965,1647.0,17769.45,11.79
Panama,Potatoes,1997,18758,2652.1,1884.85,25.57
Norway,Sweet potatoes,2006,48791,1365.3,355.27,5.59
New Zealand,Cassava,2002,30134,2096.2,1055.99,13.38
Cameroon,Yams,2000,39575,1223.0,370.32,26.64
Spain,Sweet potatoes,2002,80720,550.2,10979.67,15.26
"Tanzania, United Republic of",Sweet potatoes,1994,74282,1013.2,374.3,24.13
Guinea,Wheat,1993,2057,1489.6,190.13,29.54
Uzbekistan,Cassava,2008,8399,186.9,2708.71,15.27
Angola,Wheat,2005,8285,1194.0,397.02,21.83
Pakistan,Plantains and others,2000,17889,473.3,10598.24,21.84
Canada,Sorghum,1995,6449,513.6,14033.51,6.61
Thailand,Cassava,2010,89362,1973.4,9132.29,26.58
Peru,Sorghum,1996,3549,1527.0,3246.45,20.5
South Africa,Potatoes,2009,238007,513.8,8470.25,17.8
Hungary,Cassava,1996,30607,499.0,4217.0,8.63
Thailand,Soybeans,2001,8988,1802.5,11130.64,29.06
Indonesia,Soybeans,1999,4227,3192.0,11681.95,27.87
Paraguay,Cassava,2005,100383,1342.9,4792.81,25.48
Niger,Sweet potatoes,2012,23461,275.7,64.35,29.71
Madagascar,Plantains and others,2008,26510,1745.3,290.9,24.33
Belgium,Potatoes,1996,199047,718.7,1825.57,11.49
Jamaica,Soybeans,2000,3819,1991.7,600.41,23.15
China,Potatoes,2003,233129,654.0,1145216.93,13.91
South Africa,Sweet potatoes,1999,106184,444.8,3756.4,19.86
Australia,Plantains and others,1991,27314,389.5,14378.07,21.74
Brazil,Plantains and others,2001,64250,1849.0,223515.31,24.83
China,Sorghum,2002,5504,665.6,694541.2,15.32
Finland,Soybeans,2006,7759,456.9,1629.07,0.81
South Africa,Plantains and others,2009,8677,380.6,7776.77,14.67
Colombia,Yams,2005,25307,2675.4,7422.06,24.83
Mali,Cassava,2013,36955,359.5,210.54,27.48
Peru,Maize,1993,22861,1449.6,5727.98,19.85
Kenya,Plantains and others,1994,21462,580.6,1327.43,24.15
Czech Republic,Sorghum,2008,6660,675.2,2072.59,4.61
Hungary,"Rice, paddy",2013,10194,470.8,15188.31,11.48
Cuba,Sweet potatoes,1998,69108,1226.0,989.24,27.08
Chile,Soybeans,1998,8090,724.0,11326.42,14.07
Ghana,Soybeans,2000,11003,1430.4,1420.3,25.12
Pakistan,Maize,1990,21886,384.5,9981.19,21.18
Belgium,Soybeans,1990,12252,786.9,3831.53,10.05
Spain,Wheat,2000,42007,527.4,24898.95,15.49
Vietnam,Sorghum,2006,5846,1593.0,18106.41,25.9
Portugal,Cassava,1991,37271,916.5,1652.23,14.05
Chad,Soybeans,2000,5079,515.2,124.14,29.05
Myanmar,Soybeans,2000,7303,1743.4,819.61,24.84
Russia,Sweet potatoes,1994,34077,409.1,3769.33,6.69
Ghana,"Rice, paddy",2002,23325,1305.1,2231.85,27.16
Paraguay,Sweet potatoes,2013,140619,1179.8,5852.42,20.97
Brazil,Maize,1991,30423,1534.9,168931.84,23.97
Ethiopia,Maize,1993,13207,979.4,1121.89,19.07
Iran,Cassava,2000,41264,268.2,3384.36,20.55
New Zealand,Sorghum,1991,2172,1626.9,1638.67,10.94
Italy,Potatoes,2012,311608,549.5,42725.71,16.07
Haiti,Potatoes,2001,14594,1496.9,105.08,28.68
Nepal,Soybeans,2002,6278,1308.7,123.72,19.08
Turkey,Plantains and others,2007,12296,651.6,23491.9,13.58
Jamaica,Wheat,1996,4064,1957.1,642.08,24.27
Benin,Soybeans,1993,6585,1033.6,351.77,26.53
Netherlands,Cassava,2010,79308,873.6,3108.98,10.32
Morocco,Wheat,2003,22839,316.4,3713.2,17.65
Burundi,"Rice, paddy",1992,13234,1188.6,72.18,22.0
Malaysia,Sweet potatoes,2005,43451,2971.7,14039.3,26.36
Jamaica,Soybeans,2013,6621,1819.3,843.63,24.53
Russia,Wheat,1993,7744,442.0,8569.45,4.97
North Korea,"Rice, paddy",1990,5847,1229.9,668.56,12.38
Canada,Sorghum,2004,8006,503.3,46269.98,4.36
Brazil,Yams,1995,73072,1905.9,69033.42,25.15
Ireland,Sorghum,2006,4158,1395.0,1409.9,9.17
Spain,Wheat,1999,39837,356.5,22458.13,14.14
Kenya,"Rice, paddy",2007,16683,727.9,3302.7,23.25
Sri Lanka,Sorghum,1997,2630,2422.9,446.35,31.47
Sierra Leone,Wheat,2006,1000,2378.4,149.47,29.49
Ecuador,Yams,2012,27443,2041.0,5375.94,20.64
Algeria,Plantains and others,1990,6093,82.0,590.34,19.18
Costa Rica,Yams,2011,23556,2874.1,2438.15,25.39
Kenya,Wheat,2001,12592,869.9,1777.2,22.78
Pakistan,Maize,2001,20481,499.4,10736.97,19.32
Sri Lanka,Potatoes,1994,38698,1583.0,1963.84,24.64
El Salvador,Sweet potatoes,1999,36571,1844.8,772.4,24.23
Denmark,Maize,1994,21554,763.2,2209.8,7.45
Argentina,Maize,2007,33610,592.5,163810.38,17.29
Laos,Soybeans,1998,4101,1832.3,255.49,26.56
Philippines,Cassava,1995,34490,2148.5,2567.45,25.6
Iran,Sorghum,2011,4010,194.1,7222.97,17.66
Denmark,Sweet potatoes,1995,69044,689.0,742.14,9.11
Venezuela,Sweet potatoes,1992,41732,1830.7,2172.64,27.21
Brazil,Sorghum,1996,4534,1832.0,87012.1,23.92
Bangladesh,Sweet potatoes,1999,24282,2473.5,4105.76,25.49
Cambodia,Wheat,2011,2537,1615.3,741.25,27.8
"Tanzania, United Republic of",Maize,2012,23035,1013.2,1993.64,25.17
Morocco,Wheat,2008,27706,280.6,5887.22,18.59
Myanmar,Cassava,2000,31931,2222.5,802.18,27.12
Burundi,Wheat,1997,6234,1566.2,72.66,17.9
Cameroon,Sorghum,1998,2205,1819.2,500.49,27.35
Netherlands,Wheat,2004,37677,506.8,5299.64,11.2
United States of America,Sorghum,1991,5874,704.0,76720.31,12.53
Cambodia,"Rice, paddy",1998,19347,1597.8,904.69,27.02
Niger,Cassava,1993,16481,248.8,95.02,30.4
Jamaica,Sorghum,2000,3499,1610.2,321.88,26.65
Benin,Sorghum,2013,5795,799.9,284.4,25.54
United States of America,Yams,1999,45338,834.5,142610.24,13.24
Romania,Soybeans,2009,8608,587.2,7853.91,8.83
Angola,"Rice, paddy",2013,11354,964.4,504.04,22.64
Romania,"Rice, paddy",1997,9197,604.2,6803.16,8.34
Kenya,Cassava,1996,47661,755.8,592.46,21.81
Myanmar,Yams,2004,19231,2025.1,346.99,26.29
Turkey,Potatoes,2013,229996,609.2,32586.77,15.51
Czech Republic,Sweet potatoes,1991,49552,786.3,1910.84,8.85
Bolivia,Yams,1994,24314,1278.0,10.38,20.07
Zimbabwe,Sorghum,2003,4690,795.2,900.79,18.88
United States of America,Soybeans,1995,9348,711.5,217801.97,9.47
Nigeria,Potatoes,2006,31729,1220.9,1324.9,27.68
Cambodia,Potatoes,1993,9637,1960.0,302.21,28.5
Ghana,"Rice, paddy",1995,23144,946.1,1845.57,26.09
El Salvador,Sorghum,1996,2357,1834.4,754.92,25.09
Venezuela,Maize,2008,10102,2271.9,10753.06,27.46
Colombia,Cassava,2006,28841,2652.8,13248.52,23.54
France,Cassava,1998,54454,624.7,23024.85,11.49
Mexico,Potatoes,2000,174926,811.4,31110.49,21.24
Egypt,Maize,1995,22125,41.1,6867.54,20.75
Jamaica,Sorghum,1992,2740,2153.2,447.89,24.25
New Zealand,Wheat,2005,10340,1890.4,3872.2,11.12
"Congo, Democratic Republic of the",Maize,1994,8820,1765.2,189.46,24.35
Nigeria,Plantains and others,2006,41246,1224.7,1418.9,26.98
Uganda,Soybeans,1990,6936,1371.4,214.36,22.25
Zambia,Plantains and others,2010,25321,1106.7,563.75,22.92
"Tanzania, United Republic of",Maize,1998,19646,1055.2,1399.22,24.6
Sierra Leone,"Rice, paddy",2001,4560,2852.1,146.64,27.76
Burundi,Yams,2001,17145,1515.4,25.27,20.4
Paraguay,Maize,2000,35549,1024.3,11550.31,21.59
Czech Republic,Potatoes,2012,159436,710.3,6565.63,9.33
Sri Lanka,Sorghum,1996,2837,1976.4,1462.48,29.13
Czech Republic,Sweet potatoes,2005,43915,628.2,2449.59,9.77
Iraq,Maize,1991,17023,207.6,1330.98,25.73
Nicaragua,Sorghum,2009,2560,2219.1,1149.71,25.94
Egypt,Soybeans,2013,16789,44.1,9876.72,20.45
Thailand,Cassava,1999,114762,1588.1,9595.2,27.77
Mozambique,"Rice, paddy",2007,11516,871.3,826.0,25.5
Hungary,"Rice, paddy",2006,9882,629.5,12668.39,9.66
Brazil,Sweet potatoes,2005,104785,1735.8,123194.55,23.35
Colombia,Sorghum,2003,4583,2758.9,18505.09,25.78
Uruguay,Sweet potatoes,2011,110386,1433.5,3781.77,19.01
Cambodia,Potatoes,2009,8386,2246.9,573.52,26.84
Rwanda,Potatoes,2008,72623,1446.3,173.66,21.21
Belgium,Plantains and others,1991,24268,834.2,1855.79,9.03
Costa Rica,Sorghum,2010,4798,2596.7,4206.13,25.49
Greece,Maize,1999,35679,463.8,9040.91,19.53
Belgium,Soybeans,1999,13109,761.0,4936.43,7.86
Ireland,Maize,1991,18917,1093.3,2057.31,11.35
Honduras,Yams,2003,25928,2042.5,859.33,26.37
United States of America,Plantains and others,1995,17009,714.6,218439.75,11.37
Hungary,"Rice, paddy",2001,12255,717.7,9849.41,12.65
Morocco,Plantains and others,2007,13270,467.4,3396.53,18.09
Colombia,Yams,1999,19819,3222.2,4675.34,23.08
Senegal,Potatoes,2008,23582,747.1,366.22,28.31
Cameroon,Soybeans,1996,8338,1424.9,849.68,23.25
Malaysia,"Rice, paddy",1996,10490,3545.6,22732.6,26.48
Portugal,Maize,1996,14111,757.4,5234.43,12.37
United States of America,Yams,1996,35962,724.1,39826.67,12.34
South Korea,Plantains and others,2005,28355,1016.6,8602.82,10.05
Haiti,Potatoes,2007,29503,1259.2,112.06,25.6
"Congo, Democratic Republic of the",Sorghum,1995,2538,1490.9,74.73,24.63
Rwanda,Potatoes,2004,70837,1418.1,153.53,17.82
Guatemala,Sorghum,1996,1616,1877.3,2154.62,23.48
Chile,Sorghum,1993,3850,699.0,5714.04,13.15
Chad,"Rice, paddy",2000,7881,485.3,175.81,28.1
Niger,Yams,1999,15073,157.0,96.23,26.61
Chad,Soybeans,2002,6754,423.4,111.75,26.56
Algeria,Potatoes,2006,84420,86.5,3197.92,20.36
Jamaica,Sweet potatoes,2009,54121,1797.7,437.96,26.45
Hungary,Maize,2010,20138,420.7,11563.93,11.67
Laos,Sorghum,1990,2845,1502.3,31.58,27.88
France,Sorghum,2011,9059,978.8,27234.46,11.96
Bolivia,"Rice, paddy",2013,14652,1270.8,3782.0,20.39
Morocco,Wheat,1997,26504,381.5,3686.79,17.76
Cambodia,Soybeans,2005,3740,2329.6,725.09,24.85
Cuba,Soybeans,1992,10925,1095.2,2190.01,25.27
Italy,Sorghum,2012,5853,1072.3,21199.63,10.71
Poland,Sorghum,2000,4221,520.6,9947.56,9.32
France,Maize,2009,22647,721.9,59743.06,13.83
Benin,Sweet potatoes,1994,49308,1047.1,47.44,26.19
Laos,"Rice, paddy",1998,13357,2098.2,289.96,27.34
Rwanda,Potatoes,1991,67637,1226.6,113.05,19.0
Saudi Arabia,Plantains and others,1992,17176,68.8,787.69,29.13
Niger,Yams,2012,19336,229.9,108.92,25.67
Cambodia,Cassava,1998,39084,2038.5,296.22,27.31
Iran,Soybeans,2002,12921,219.4,11426.59,19.66
Vietnam,Sorghum,2009,4118,1858.3,15780.77,27.1
"Congo, Democratic Republic of the",Soybeans,2006,7171,874.7,233.95,23.31
Netherlands,Cassava,2013,66812,698.1,2959.91,10.15
Mozambique,Potatoes,1993,22685,1172.4,170.03,26.59
Chad,Wheat,1995,6511,424.0,103.25,23.96
Bolivia,Yams,2012,32300,951.3,960.8,21.22
Belgium,Sweet potatoes,2012,75024,1240.8,1025.32,12.32
Hungary,Wheat,2010,28451,554.5,9306.82,13.61
Netherlands,Cassava,1999,72607,971.4,2947.42,10.3
Malawi,Sorghum,2002,2964,1338.2,264.11,21.83
Cameroon,Soybeans,2007,6591,1715.1,1581.71,23.34
Kenya,Plantains and others,1998,29141,747.7,1704.17,23.35
Chad,Maize,2002,13932,491.3,143.99,26.36
Greece,Maize,1998,34762,613.9,8930.16,18.53
Sri Lanka,Wheat,1995,1500,1828.8,2435.18,27.72
Kazakhstan,Sweet potatoes,2006,24593,252.0,1289.83,9.45
Argentina,Potatoes,2005,272126,680.9,88589.58,15.82
Peru,Plantains and others,2006,33376,1732.7,3916.13,19.84
Spain,Sweet potatoes,1997,50126,774.5,5944.44,13.29
Afghanistan,Cassava,2005,6523,276.1,68.51,15.63
Afghanistan,Soybeans,2002,5006,295.6,119.3,18.47
Panama,Wheat,2001,3506,3510.8,1425.93,24.95
Burundi,Wheat,1995,6649,1430.7,31.58,20.18
Zimbabwe,Wheat,2000,13707,723.8,1317.94,23.85
Burkina Faso,Maize,2002,15567,655.8,515.56,29.07
Indonesia,Cassava,1994,26648,2814.8,6846.62,24.57
South Korea,Soybeans,2008,8182,1372.0,17492.23,12.74
Hungary,Cassava,2002,34398,584.8,3533.33,9.25
"Tanzania, United Republic of",Yams,2013,53411,1165.5,1071.42,23.54
Zimbabwe,Sorghum,2007,6137,643.3,1007.52,21.92
Mali,Maize,2002,14499,391.9,451.69,28.2
United Kingdom,Wheat,1990,18852,1210.4,12873.65,9.74
Sudan,"Rice, paddy",1995,5840,308.4,929.89,27.14
Spain,Maize,2003,22592,737.7,39243.41,15.35
Morocco,"Rice, paddy",1992,3310,255.7,5877.15,16.32
Colombia,Cassava,1994,28099,2881.4,9949.68,24.41
Peru,Sweet potatoes,2013,30325,1854.0,2047.27,16.39
Angola,"Rice, paddy",2004,10991,767.7,562.61,23.35
Poland,Sorghum,2011,6023,628.9,12169.43,7.29
Denmark,Maize,2013,23813,759.9,4814.46,6.37
Ghana,"Rice, paddy",1996,19620,1208.9,1899.85,24.04
France,Cassava,2004,45404,671.1,24010.44,11.95
Philippines,Sorghum,2000,3484,1760.5,1957.32,27.37
Austria,Wheat,2013,17588,980.0,4264.97,7.76
Jamaica,"Rice, paddy",2000,15044,2224.3,792.03,26.83
Burkina Faso,Wheat,1994,2573,663.6,425.11,29.13
Italy,Cassava,1993,37268,701.9,25613.44,15.21
Chad,"Rice, paddy",1990,6644,467.2,89.58,28.14
Laos,"Rice, paddy",2004,15306,1885.8,353.91,25.65
Iran,Cassava,2004,18182,250.9,4931.31,17.13
Thailand,Wheat,2006,10663,1283.5,19430.3,26.64
Zambia,Yams,1990,30411,1209.4,197.77,23.86
Cuba,Soybeans,1998,10244,1382.2,3032.82,24.94
Nigeria,Soybeans,2002,13361,1073.7,1926.99,26.56
India,Sorghum,2008,12116,966.0,28056.36,24.97
Ecuador,Plantains and others,2011,46057,1928.5,5109.24,21.69
Cameroon,Cassava,1996,50771,1710.4,277.58,26.11
Colombia,Plantains and others,2003,17779,2700.2,16934.62,24.38
Sierra Leone,Wheat,2013,1983,2430.5,167.23,24.9
Ecuador,Cassava,1991,49481,2084.3,1897.06,22.1
Burundi,Yams,2009,14182,1230.2,21.13,19.55
Hungary,Maize,2001,16579,446.6,8942.78,11.16
Niger,Sweet potatoes,1998,23662,251.4,34.49,29.05
Morocco,Plantains and others,1994,8421,262.2,2695.2,19.83
Egypt,Wheat,2012,10483,55.4,7441.22,26.04
Guinea,Wheat,1997,2316,1667.9,289.18,26.64
Ireland,Sweet potatoes,2002,69865,1221.8,961.37,11.34
Myanmar,Wheat,2002,2329,2172.5,863.48,26.51
Iraq,Plantains and others,2007,11657,214.7,1767.89,22.68
Cuba,Plantains and others,2007,35558,1201.5,1581.31,25.58
Brazil,Sorghum,2011,5747,1862.2,141291.9,25.68
Afghanistan,Plantains and others,1990,1772,386.1,20.26,14.1
Egypt,Cassava,2004,31799,44.1,2112.88,22.13
Dominican Republic,Plantains and others,2003,41296,1339.9,930.34,25.99
Italy,Sorghum,1993,5562,916.5,399.2,12.1
France,Yams,1991,41346,783.9,6975.39,11.82
Venezuela,Sweet potatoes,1993,60791,1641.5,3288.48,26.75
South Africa,Sweet potatoes,1990,72978,613.9,3071.45,18.08
Nigeria,Soybeans,2012,13434,1055.4,2908.47,27.85
Uzbekistan,Cassava,1993,12424,205.0,2312.52,14.08
Mozambique,Potatoes,2012,44972,1126.3,642.63,24.97
Morocco,Yams,2000,11030,276.0,2264.61,18.35
Costa Rica,Yams,2012,16403,2507.1,4274.37,21.11
"Tanzania, United Republic of",Potatoes,2002,61799,1285.1,1386.32,21.9
Denmark,Sweet potatoes,1994,59643,672.8,1055.54,8.9
Sri Lanka,"Rice, paddy",2004,34472,1399.1,4872.82,27.53
Chile,Plantains and others,2008,17902,693.1,10768.74,12.93
Italy,Soybeans,1991,7920,807.4,30847.72,13.73
Cambodia,Soybeans,2003,3654,2084.4,699.11,26.19
Hungary,Sorghum,2007,5446,789.4,4554.02,9.63
Ghana,Sweet potatoes,1997,59447,1161.9,311.6,27.7
Hungary,Maize,1993,17479,777.6,6599.16,15.21
Saudi Arabia,Soybeans,2006,16638,59.1,4230.34,26.46
Ghana,Plantains and others,1995,31418,1269.8,1043.79,27.77
Benin,Sorghum,1992,3679,1222.5,175.42,31.19
Jamaica,Sorghum,2003,3117,1658.5,369.0,25.66
Paraguay,Cassava,2006,100982,1414.6,6312.77,25.47
Uganda,Plantains and others,2000,28872,1082.8,183.08,22.98
Greece,Maize,2000,15339,674.8,8861.01,16.0
Burkina Faso,Sorghum,2003,7334,639.0,288.95,27.31
Spain,Sweet potatoes,2006,79300,534.0,17374.46,15.78
Chile,"Rice, paddy",2000,7576,705.6,17372.07,15.96
Laos,Sorghum,1996,1774,2134.3,100.06,26.03
Venezuela,Cassava,2007,91521,1859.3,4192.32,26.29
Dominican Republic,Soybeans,2006,15693,1140.6,2071.55,22.58
Myanmar,Yams,2009,33589,1642.1,607.75,24.89
Thailand,Plantains and others,1998,57710,1954.9,10520.35,26.23
Guinea,Soybeans,1999,2257,1988.1,236.98,25.31
Iraq,Maize,1990,17335,184.9,1590.93,21.52
Paraguay,Maize,2002,33945,1276.3,9697.13,21.86
South Africa,Maize,2007,28081,440.6,13549.52,17.93
Philippines,Cassava,2008,24990,2519.3,4515.09,25.7
Thailand,"Rice, paddy",2008,31547,1795.4,29224.99,30.4
Italy,Potatoes,1999,288493,958.3,28774.84,15.6
El Salvador,Potatoes,1998,21378,1718.2,1530.65,26.78
Israel,Yams,2001,38462,388.4,1721.34,19.42
Panama,Sweet potatoes,1990,22504,2416.5,41.7,24.98
Togo,"Rice, paddy",1994,17513,1315.5,196.6,24.7
Indonesia,Soybeans,2006,4299,2130.7,20323.99,26.31
Rwanda,Yams,2011,9439,971.6,103.08,17.42
Uganda,Plantains and others,1994,25123,1051.1,171.91,22.63
Thailand,Cassava,2006,133960,1515.1,12058.83,26.66
Ethiopia,Cassava,2013,59908,957.6,680.41,22.44
Sri Lanka,Potatoes,2010,40491,1334.5,3431.19,27.66
Guatemala,Soybeans,2009,3923,2026.0,4316.64,21.59
Costa Rica,Yams,2003,17259,2373.6,1904.71,22.56
"Congo, Democratic Republic of the",Cassava,1999,35848,1450.5,81.58,23.63
Brazil,Sweet potatoes,1990,55992,1963.6,60176.59,26.91
Finland,Sweet potatoes,2004,49645,593.0,620.93,1.73
Chile,Maize,2006,15076,864.9,16307.67,13.79
Burkina Faso,Soybeans,2000,5281,809.3,556.98,30.51
New Zealand,Sorghum,2013,4323,1481.7,1867.72,12.56
Zambia,Yams,1991,21798,891.8,84.92,21.59
Philippines,Yams,2005,18962,2848.7,2162.27,26.87
Rwanda,Sorghum,2002,1552,1352.5,126.68,17.05
"Tanzania, United Republic of",Maize,1991,16940,1131.7,691.54,25.28
Colombia,Soybeans,2006,9374,1808.7,19405.38,26.29
Algeria,Maize,1993,10850,94.7,3081.55,17.24
Niger,Cassava,2013,28871,349.1,144.77,28.33
Burundi,Plantains and others,1990,9576,1449.8,8.61,17.71
United States of America,Yams,2005,33128,922.4,120468.47,12.04
Guatemala,Plantains and others,2009,28013,2131.6,2070.12,23.69
Ecuador,Maize,2010,24455,1741.1,10411.06,22.94
United Kingdom,Plantains and others,1991,26698,1087.1,8532.65,10.86
Honduras,Yams,1992,24798,1905.2,442.22,23.97
Colombia,Yams,1995,12861,2391.0,2372.91,21.27
Cameroon,Yams,2013,35520,1764.1,517.87,26.81
Nicaragua,Sorghum,1998,2033,1799.9,738.27,25.05
Italy,Potatoes,2002,295738,789.5,35522.89,16.51
Canada,Soybeans,2009,10700,583.6,71504.23,5.11
Saudi Arabia,Soybeans,2001,16632,64.5,4528.13,26.42
France,Yams,2005,37101,691.9,17243.99,11.38
Romania,"Rice, paddy",2003,10618,660.3,9919.87,8.67
United Kingdom,Wheat,1991,22133,1258.6,13765.96,11.31
Senegal,Plantains and others,1998,24119,965.7,375.16,25.71
Ivory Coast,Sweet potatoes,2000,86488,1165.9,760.13,25.87
Ukraine,Sorghum,2007,4909,550.5,4819.25,7.59
Burkina Faso,Sweet potatoes,1995,45950,670.1,127.86,27.02
Sudan,Yams,2002,25534,294.8,431.24,29.61
Philippines,Plantains and others,1994,43471,1908.2,2506.64,27.42
"Congo, Democratic Republic of the",Maize,2004,9020,1789.1,230.28,25.83
Kenya,"Rice, paddy",1992,11217,670.0,1997.07,22.08
Portugal,Yams,1991,24699,866.2,1153.24,14.96
Laos,Maize,2007,9634,1887.1,336.04,27.05
Colombia,Plantains and others,1992,16308,2926.0,16095.09,24.9
Chad,Soybeans,1994,6329,531.7,96.97,26.39
Ghana,Sweet potatoes,2008,71504,939.0,902.31,28.61
Turkey,Soybeans,2002,7353,592.5,41484.0,14.76
Paraguay,Cassava,2012,80138,1251.2,6289.95,20.9
Ghana,Sorghum,1998,5749,1198.7,1155.81,24.93
Uzbekistan,Maize,1999,7558,179.5,5394.29,11.95
Sierra Leone,Wheat,1990,1537,2522.0,73.11,25.82
United States of America,Yams,1998,27225,750.0,94763.43,11.91
Sri Lanka,Potatoes,2004,21909,1726.8,3149.9,27.27
Peru,Maize,1997,7666,1985.8,5435.84,18.54
Kenya,Sorghum,2012,10046,547.7,1089.61,23.24
Argentina,Soybeans,2011,8954,546.8,218637.16,11.93
Haiti,Yams,1996,32298,1394.1,68.17,24.86
South Africa,Potatoes,1993,163992,637.4,7278.16,17.57
Ecuador,Yams,1995,37012,1626.8,1419.52,21.98
Cameroon,Cassava,2012,60499,1646.7,766.48,23.45
Turkey,Plantains and others,2009,17952,787.7,25757.71,13.55
Brazil,Maize,2002,36270,1522.4,246115.44,23.87
United States of America,Wheat,1993,28473,644.3,190723.25,10.89
Ethiopia,Sorghum,2013,7154,616.2,1298.25,23.82
Chile,Soybeans,2000,8011,529.5,13728.86,13.83
Ethiopia,Cassava,1990,34327,789.9,557.07,22.17
Guatemala,Cassava,1990,42115,1992.2,1136.49,23.84
Burundi,Soybeans,2003,5002,1340.2,79.3,16.61
Niger,Maize,1997,10770,311.3,231.94,27.81
Afghanistan,Wheat,1995,7328,320.0,103.78,13.63
Togo,Cassava,2009,51981,1293.6,112.01,28.25
Guinea,Yams,1997,25950,1169.8,173.69,23.05
Germany,Maize,2012,27691,610.4,37254.52,10.01
Iraq,Plantains and others,1991,8546,230.9,1389.69,24.64
Indonesia,Cassava,1998,31674,2380.6,12259.57,27.37
New Zealand,Sorghum,2006,2211,1861.8,1724.26,10.83
Turkey,Potatoes,1998,154144,483.9,34569.9,12.17
Portugal,Wheat,1994,20170,967.9,3054.64,15.12
Canada,Soybeans,1990,10545,603.1,37736.55,6.14
Saudi Arabia,Cassava,2013,35102,47.7,1763.25,28.48
Indonesia,Plantains and others,1990,11356,3005.3,8347.19,24.34
France,Yams,2011,37799,648.9,21496.75,14.37
Kenya,Sorghum,2006,4401,743.4,1241.53,20.05
Senegal,Sorghum,2007,5870,617.5,369.78,27.44
Mali,Maize,2003,15999,356.6,360.19,29.01
Kenya,Maize,2009,31444,649.6,2739.28,24.25
New Zealand,Soybeans,1999,2970,2037.0,3063.67,13.03
Uganda,Soybeans,2013,9189,1422.5,423.9,23.97
Chile,Maize,1990,13161,864.5,12493.62,14.48
Ghana,"Rice, paddy",2003,30343,1618.1,2322.64,26.01
Madagascar,"Rice, paddy",1999,7752,1803.0,296.58,20.56
Belgium,Soybeans,2007,13355,921.5,6039.4,7.0
Paraguay,Plantains and others,2000,51412,1391.3,7335.71,24.98
Spain,Maize,1995,17436,455.4,21144.39,15.2
Chile,Wheat,2008,30163,663.2,18899.4,15.23
Turkey,Soybeans,1997,6371,645.6,18273.32,13.17
Malaysia,Plantains and others,2003,17593,3340.8,12829.16,27.66
Denmark,Sweet potatoes,2007,59360,730.1,900.87,8.41
Spain,Potatoes,2006,290566,704.4,26012.67,13.89
Egypt,"Rice, paddy",2009,10129,54.7,9909.2,22.91
Mali,Yams,1999,22720,348.9,109.19,25.22
India,Potatoes,2012,90229,1125.4,45273.78,24.37
Niger,Wheat,1998,3135,264.2,177.79,26.63
South Africa,Potatoes,2001,182518,535.8,8696.04,18.55
Norway,Soybeans,1994,6768,1404.6,653.21,5.82
Senegal,Yams,2008,37864,701.6,298.73,28.01
Benin,Plantains and others,1992,20900,1003.3,157.97,27.83
Laos,Sorghum,1992,2167,1795.1,118.81,26.92
Benin,Sorghum,1990,4446,1026.2,19.51,26.94
Angola,Potatoes,2001,72866,1193.5,116.22,21.57
Egypt,Maize,1990,24137,52.0,6041.84,23.58
Mali,Potatoes,2013,26580,359.2,356.27,27.28
Philippines,Sorghum,2013,4702,2427.4,3209.46,25.68
Afghanistan,Sorghum,2008,1390,349.2,78.68,15.94
Laos,Soybeans,2001,7294,1453.2,197.67,25.45
Guinea,Wheat,2000,2485,1682.0,200.46,25.17
Angola,Sweet potatoes,1995,48134,1264.4,95.65,23.25
Thailand,Cassava,2007,103979,1540.1,17820.39,26.41
Russia,Maize,2010,10393,492.7,26994.59,5.95
Belgium,Potatoes,2009,235642,693.5,4981.13,12.87
Costa Rica,Sweet potatoes,2004,30438,3280.9,1660.46,28.17
Austria,Soybeans,1996,7843,974.8,1976.86,9.67
Burundi,"Rice, paddy",2000,3878,1111.8,91.24,18.56
Guatemala,Sorghum,1997,2728,1720.5,2080.28,26.07
Romania,"Rice, paddy",1996,7096,535.9,5454.53,10.01
Argentina,"Rice, paddy",2006,12419,613.7,193929.67,15.29
Rwanda,Yams,2000,24782,981.2,61.35,20.64
Ecuador,Wheat,1993,5205,1962.1,3579.62,22.81
Thailand,Cassava,1997,93766,1823.4,9008.36,23.49
Hungary,Wheat,2008,26903,722.1,9269.7,11.56
Costa Rica,Plantains and others,2010,22029,2652.3,5191.93,24.57
"Tanzania, United Republic of","Rice, paddy",2006,19114,1216.4,1598.61,27.07
Hungary,Maize,1997,19155,757.2,5559.82,11.6
Turkey,Wheat,2003,26846,519.5,26266.96,13.95
Uganda,Yams,1993,20641,1546.9,202.66,21.61
India,Maize,2013,37150,1334.6,50215.48,27.65
Russia,Sweet potatoes,2009,46010,451.5,5214.31,4.72
Uzbekistan,Sorghum,2011,2975,261.6,3180.29,14.25
Niger,Wheat,2001,5120,277.7,165.34,25.52
Egypt,Maize,1996,25943,43.1,7607.14,22.54
Venezuela,Sweet potatoes,1991,87804,1327.0,440.04,24.83
Israel,Plantains and others,2001,23356,336.5,2671.21,20.21
Jamaica,Sweet potatoes,1996,63598,1729.0,122.77,24.87
Bangladesh,"Rice, paddy",1994,22515,1995.8,8608.58,26.92
Bangladesh,Plantains and others,2007,26053,2449.6,8300.82,25.8
Senegal,Sorghum,2008,6472,761.5,400.28,29.76
North Korea,"Rice, paddy",1994,6654,1282.7,762.23,11.11
Chile,Sorghum,2012,4471,633.9,7912.52,14.03
Kenya,Yams,2006,33286,656.9,988.02,24.07
Cuba,Plantains and others,2009,41574,1595.6,2125.72,23.42
"Tanzania, United Republic of",Maize,1996,20796,1261.1,1236.23,23.55
Cambodia,Soybeans,1998,2549,2006.4,595.24,27.49
Honduras,Yams,2004,20400,2104.0,561.53,26.38
Iraq,Sorghum,1997,6403,182.3,817.2,22.21
Norway,Sweet potatoes,1998,47518,1505.3,120.01,4.65
Kazakhstan,Soybeans,1995,2942,185.5,1653.08,9.51
Greece,Yams,2010,27525,734.9,3479.95,13.21
United States of America,Plantains and others,1997,16445,657.9,221839.22,11.89
Togo,Potatoes,2001,28675,1113.2,152.15,25.32
Romania,Soybeans,1999,6943,761.0,7500.78,8.23
Dominican Republic,Sorghum,1993,4004,1484.1,1452.66,25.09
Peru,Wheat,2003,7036,1851.5,4972.66,19.48
Chad,"Rice, paddy",2007,8080,435.4,219.45,28.56
Mozambique,Soybeans,2006,6157,964.3,515.9,25.46
Indonesia,Soybeans,1993,5301,2773.3,13899.31,26.3
Guatemala,Wheat,1997,2620,1871.6,2569.82,25.33
Morocco,Potatoes,1990,108880,353.4,2885.77,18.53
Dominican Republic,"Rice, paddy",2004,26729,1260.5,2619.65,24.51
El Salvador,Potatoes,2002,48199,1416.3,1589.11,25.01
Niger,Wheat,1999,3646,302.0,185.35,26.57
Australia,Yams,1995,75281,514.0,5500.96,22.23
Nigeria,Sweet potatoes,2001,50020,1287.6,342.71,29.91
Ireland,Cassava,2006,52066,946.5,1277.64,10.89
Myanmar,Wheat,1990,2701,2209.2,915.7,23.97
Philippines,Plantains and others,1999,31679,2332.1,1912.15,26.18
Poland,Potatoes,2010,82210,643.4,9792.57,7.23
Italy,Wheat,2002,39933,720.9,31526.45,14.52
Burkina Faso,Wheat,1996,3534,694.7,505.38,28.5
Burundi,Sorghum,1992,1488,1260.6,44.62,18.21
Cameroon,Sweet potatoes,2012,54787,1709.3,579.34,24.4
Egypt,Maize,2005,28571,53.2,8624.94,21.69
Cambodia,Cassava,2009,24787,2284.3,334.4,28.01
El Salvador,Sweet potatoes,1993,55860,1633.0,578.67,23.01
Ethiopia,Cassava,2011,24303,835.3,867.38,19.85
Portugal,Yams,2011,36674,1014.1,1934.99,16.57
Algeria,Plantains and others,2002,9812,71.9,2629.48,20.26
Chad,Cassava,2008,27888,346.9,77.9,29.16
Bangladesh,"Rice, paddy",1995,6584,2763.9,11696.78,27.35
Cameroon,Sweet potatoes,2009,54588,1612.2,327.76,26.4
Ghana,Sweet potatoes,2000,75133,1154.8,413.04,26.45
Ivory Coast,Potatoes,1999,48815,990.1,1564.83,25.18
Angola,Wheat,1996,7802,1089.4,216.34,23.71
Burundi,Potatoes,2002,51930,1476.1,25.81,21.04
Madagascar,Cassava,2003,43494,1574.6,186.19,24.56
Iraq,Plantains and others,2006,8505,183.6,1749.8,20.77
Ghana,Yams,1998,64903,1186.6,764.13,26.44
South Korea,"Rice, paddy",1992,13936,985.0,16326.64,15.57
Angola,"Rice, paddy",2001,5083,1127.0,413.07,18.91
Kazakhstan,Sorghum,1991,3203,232.1,364.51,7.02
Egypt,Wheat,2008,20078,59.4,5501.02,23.0
Spain,Maize,1997,17635,649.0,31938.07,15.91
Mali,"Rice, paddy",1995,8797,446.3,354.9,27.1
Denmark,Maize,1992,18117,791.9,2032.02,6.98
Japan,Sorghum,2007,2444,1680.1,26624.66,15.67
Afghanistan,Cassava,1995,6236,325.1,89.98,16.85
El Salvador,"Rice, paddy",2009,27894,1699.4,4471.76,26.18
Guinea,Sorghum,1998,1667,1783.6,95.58,27.44
Uzbekistan,Soybeans,1999,3666,199.7,5848.89,12.64
El Salvador,Plantains and others,1995,39296,1543.5,2122.96,25.04
Dominican Republic,"Rice, paddy",1997,22179,917.9,2308.97,24.33
South Africa,Plantains and others,2000,26576,581.6,6449.28,21.02
Turkey,Cassava,1993,25244,692.3,15984.46,13.28
Morocco,Cassava,2000,32027,395.7,1454.86,19.36
Iraq,Yams,1990,20614,281.6,499.93,21.64
Uruguay,Yams,1998,25446,1037.0,5191.09,18.0
Israel,Cassava,2008,91690,411.1,1285.52,20.84
Guinea,"Rice, paddy",2006,16621,1548.7,393.49,26.64
Mexico,Wheat,1999,23760,729.2,30249.08,18.62
Jamaica,"Rice, paddy",2009,7109,2688.0,845.89,27.21
Kenya,"Rice, paddy",2011,13006,680.9,3455.13,22.95
Bolivia,Cassava,1995,40868,1249.1,440.05,20.63
Uruguay,Yams,2001,27253,1231.6,4914.52,16.23
Italy,Cassava,1999,41038,925.3,7755.48,13.09
Haiti,Potatoes,1994,13981,1228.2,95.94,26.98
Czech Republic,Potatoes,2006,191644,640.2,4901.51,11.11
Iraq,Maize,1994,15127,179.7,1578.48,20.97
Chad,Wheat,1999,3695,346.2,117.06,25.76
Malawi,Maize,1990,14932,1366.1,260.63,23.55
Portugal,Maize,2000,30116,669.9,6497.54,16.87
Colombia,Plantains and others,1994,12333,2889.4,12004.37,26.62
Honduras,Yams,1997,29138,1852.2,649.69,24.69
Benin,Cassava,2000,48721,895.2,171.21,29.81
Israel,Plantains and others,1995,18246,348.6,1449.0,19.24
Ukraine,Maize,1997,13033,444.8,9955.95,9.46
United States of America,Yams,2008,38324,934.2,120841.28,12.27
Mozambique,Sorghum,1992,4532,887.9,282.13,25.28
Sweden,Soybeans,1995,8784,668.6,1948.39,6.76
Turkey,Sorghum,2004,3182,631.0,19349.08,12.88
Kenya,Potatoes,2005,62286,699.4,1857.3,25.32
Guinea,Yams,2009,37290,1472.8,86.96,26.48
Romania,Soybeans,2008,8174,546.8,9320.27,7.28
Russia,Potatoes,2003,60338,520.6,14348.95,6.69
Norway,Sweet potatoes,1992,42969,1513.5,270.11,4.76
"Congo, Democratic Republic of the",Maize,1996,11784,1176.4,251.24,21.95
Cuba,Soybeans,2009,12198,1360.8,2743.26,28.23
Australia,Plantains and others,2002,31843,522.9,28092.7,20.34
Panama,Wheat,2006,2565,2616.3,1462.8,26.87
"Congo, Democratic Republic of the",Plantains and others,2003,18349,1944.1,128.6,23.57
Norway,Sweet potatoes,2000,30877,1927.1,234.32,2.59
Chile,Soybeans,1992,16594,775.7,14333.61,17.5
Mozambique,"Rice, paddy",1992,13252,886.9,584.34,24.4
Italy,Soybeans,1994,9645,951.5,34825.29,13.92
Nepal,Sweet potatoes,2009,34697,1801.5,17.43,20.17
Peru,Maize,1994,14263,1749.7,5067.09,19.37
Niger,Sweet potatoes,1990,31882,201.2,96.27,25.36
Nigeria,Maize,2001,23900,892.4,2269.68,27.26
New Zealand,Cassava,2005,52166,1714.2,1282.06,7.58
China,Cassava,2010,41854,671.9,870991.83,14.14
Mozambique,Plantains and others,1996,19692,909.9,373.23,28.08
Iran,Yams,1992,9601,144.9,1576.14,18.5
Haiti,Maize,2000,18920,1036.6,95.9,24.2
Iraq,Plantains and others,1998,11976,217.8,928.94,23.86
Romania,Soybeans,2006,7276,594.8,9128.39,12.67
Algeria,Potatoes,2010,111317,88.4,3910.02,18.23
Burkina Faso,Soybeans,1998,6723,723.7,504.49,26.55
Russia,Maize,2003,10492,485.3,23237.2,4.29
Poland,Wheat,2008,15544,496.5,14871.54,9.89
Morocco,Cassava,2006,43631,335.5,3821.86,21.27
Kenya,Sorghum,2010,8587,786.4,1390.33,23.25
Uzbekistan,Maize,2008,6571,252.4,6051.88,14.7
Burkina Faso,Plantains and others,2008,18540,863.4,316.6,29.2
Belgium,Plantains and others,1996,22799,740.9,2906.96,8.42
Nicaragua,Soybeans,2005,9958,1502.0,1337.82,26.24
Algeria,Maize,2006,15561,94.1,4730.52,18.22
Egypt,Plantains and others,1991,15995,50.6,3795.53,25.83
Morocco,Maize,2011,18678,317.6,8365.04,17.09
Ukraine,Maize,2004,12900,437.2,13941.25,10.13
Netherlands,Sorghum,1998,7754,820.2,3657.66,11.37
Ghana,Sorghum,1993,5390,1352.5,695.97,28.18
Italy,Soybeans,1996,9553,928.1,50792.38,13.55
France,Sorghum,1996,7213,688.7,13330.63,12.55
Rwanda,"Rice, paddy",2005,8569,1325.3,269.92,20.11
Peru,Plantains and others,2005,25982,1876.9,4390.41,18.41
Afghanistan,Yams,1992,6723,329.9,76.13,14.04
Austria,Wheat,2000,13170,1051.2,3701.63,7.02
Czech Republic,Sorghum,1990,4501,505.6,2570.37,10.18
Greece,Yams,1998,25355,635.7,3524.78,16.98
Guinea,Wheat,2001,9521,1035.1,197.65,23.63
Mali,Wheat,1999,5732,418.4,279.85,25.07
Sweden,Soybeans,1993,8644,752.9,1381.5,4.75
Poland,Sorghum,2002,4960,748.6,8025.69,8.33
Angola,Wheat,1994,7514,1030.9,188.4,24.42
Chad,Maize,2000,13617,291.5,115.98,25.39
Ukraine,Soybeans,2002,5629,445.6,8749.76,6.11
Chad,Cassava,1994,22984,322.5,72.65,23.54
Bolivia,Yams,2010,49035,1355.2,827.25,22.55
Vietnam,Maize,1990,29778,1219.5,22769.39,27.75
South Korea,Yams,2011,43857,1234.4,11938.28,11.61
Thailand,Soybeans,1995,13824,1514.9,18660.68,26.08
Mozambique,Soybeans,2012,8556,1129.5,722.46,25.58
Angola,Soybeans,1997,7521,1137.0,266.54,22.27
Benin,Sorghum,2009,5167,1015.6,320.84,24.45
Cameroon,"Rice, paddy",2000,18389,1234.4,1318.02,26.37
Guatemala,Soybeans,1993,3806,2498.6,2494.84,25.4
Ireland,Potatoes,2006,234790,1326.9,1743.12,11.49
Niger,Sweet potatoes,2007,31950,289.0,99.16,27.94
Senegal,Potatoes,1992,23406,635.8,203.94,27.66
Burkina Faso,Sorghum,1990,5886,684.2,241.63,29.59
Dominican Republic,"Rice, paddy",2000,25423,1702.4,2278.68,25.44
Morocco,Wheat,2007,24451,391.0,5443.87,17.76
Cameroon,Cassava,2011,70250,1495.2,789.19,26.37
Afghanistan,Cassava,1992,6256,257.1,60.82,14.81
Malaysia,Sorghum,1992,2759,2619.5,7083.09,28.12
United States of America,Wheat,2000,33064,853.3,255101.77,12.17
Haiti,Plantains and others,1997,23490,1790.8,78.78,23.1
Jamaica,Soybeans,1992,3015,2046.2,550.82,26.94
Laos,Sweet potatoes,2009,19479,2734.1,29.21,25.4
Brazil,Wheat,2006,9308,1679.1,203856.96,24.21
Guatemala,Wheat,1996,5475,1554.0,3149.66,24.92
Spain,Maize,2001,16640,503.2,29802.08,11.78
Rwanda,Yams,2006,25573,1192.0,49.72,21.54
Laos,Sweet potatoes,1991,25199,1936.1,0,24.44
Mexico,Plantains and others,1997,28770,698.7,24264.1,21.86
Ivory Coast,Sweet potatoes,2008,80724,1121.4,841.83,25.54
Laos,Sorghum,2008,2676,2074.2,168.39,26.08
Venezuela,Sweet potatoes,2011,42569,1986.6,3611.47,25.18
Burkina Faso,Plantains and others,2007,16704,637.7,544.7,28.28
Germany,Wheat,1995,13531,866.0,19879.69,7.47
India,Potatoes,1998,82879,1267.7,34322.08,24.5
Cuba,Sweet potatoes,2008,78908,1180.7,914.51,26.39
Niger,"Rice, paddy",2009,6637,334.8,325.27,26.04
South Korea,"Rice, paddy",2007,19246,1725.2,29048.23,10.7
France,Maize,2004,27082,869.4,54968.64,13.77
Hungary,Cassava,1995,24685,464.0,6286.9,10.6
Japan,Wheat,2010,26003,1594.1,35586.13,13.79
Sri Lanka,Sorghum,2011,5761,1466.5,2602.39,27.2
Burundi,Sorghum,1997,1335,1486.3,34.99,19.74
Egypt,"Rice, paddy",2013,9957,44.0,12354.85,23.12
Canada,Soybeans,1993,7893,540.3,38038.74,7.18
Saudi Arabia,Cassava,2001,27221,67.7,1452.08,24.85
Bangladesh,Soybeans,1995,3822,2345.3,6463.57,25.68
Turkey,Plantains and others,1992,10501,586.9,23108.07,13.72
Afghanistan,Cassava,1994,7100,273.2,87.24,14.43
El Salvador,"Rice, paddy",2000,17370,1913.4,3025.48,22.02
Thailand,Sorghum,1993,4079,1675.7,9646.6,28.23
Jamaica,Soybeans,2007,3129,1992.0,784.75,26.53
Angola,Wheat,2013,10839,1036.0,413.99,22.05
Ivory Coast,Potatoes,2004,41902,1326.2,1963.48,25.12
Malaysia,Sorghum,2000,4747,2866.3,7426.39,26.8
Belgium,Maize,1999,18532,769.8,5186.99,8.76
Ireland,Sorghum,2000,4815,1330.0,1290.16,12.65
Romania,Plantains and others,1999,13830,607.1,3866.01,11.18
El Salvador,Cassava,1991,62463,1607.3,0,24.69
Mozambique,Soybeans,1995,6959,979.0,314.11,24.84
Iran,Cassava,1995,32899,222.2,6470.62,21.67
Uzbekistan,Soybeans,2001,4115,239.0,7800.1,14.0
Argentina,Sweet potatoes,2009,52805,673.6,47924.28,14.89
Brazil,Wheat,2011,7121,1897.3,244400.74,25.66
France,Soybeans,2008,12012,816.8,51181.96,13.36
Sudan,Wheat,2008,3503,277.1,1167.99,27.41
Argentina,Sweet potatoes,2012,61590,600.6,86232.14,16.15
Mexico,Potatoes,2007,172041,576.7,38117.3,21.03
France,Yams,1992,33718,931.6,9610.84,12.82
Niger,Maize,2000,15018,241.1,235.35,26.75
Thailand,"Rice, paddy",2007,39248,1504.1,34890.08,27.14
Malawi,Potatoes,2000,40674,1255.9,273.46,24.58
South Africa,Wheat,1994,27676,618.7,7707.4,16.65
Haiti,Yams,1991,18897,1606.1,38.58,23.81
Guatemala,Soybeans,1999,3144,2242.2,3049.65,27.24
Guatemala,Yams,2008,11854,2346.5,1019.08,23.35
Turkey,Potatoes,2005,195121,614.4,29603.5,13.73
Hungary,"Rice, paddy",1995,7660,523.7,5624.58,10.44
Mozambique,"Rice, paddy",1996,14104,847.7,516.64,25.44
South Africa,Maize,1999,22981,405.4,9414.58,18.2
Cambodia,Sorghum,1999,2414,2220.3,487.66,26.96
Haiti,Potatoes,1997,18880,1254.4,108.5,26.82
Iran,Sorghum,1994,3542,248.2,1630.84,16.53
Sri Lanka,Sorghum,1995,3039,2114.7,1245.95,26.49
Bolivia,Sorghum,1990,4645,1301.8,1082.27,22.41
New Zealand,Potatoes,2006,97941,1713.1,2821.27,10.55
Indonesia,Sorghum,2012,3847,2904.9,9628.26,26.41
Morocco,Plantains and others,1997,11963,397.3,2016.38,19.35
Portugal,Cassava,1999,31890,734.6,2257.38,15.26
Bangladesh,"Rice, paddy",2002,23941,1773.5,15582.85,24.43
Dominican Republic,Plantains and others,2009,42345,1407.5,1790.16,24.58
Belgium,Potatoes,2007,203684,835.2,4411.96,9.88
Cuba,Soybeans,2008,14342,1268.7,3222.3,27.17
Romania,Yams,2008,20665,712.3,3263.16,7.94
"Congo, Democratic Republic of the",Cassava,1996,24746,1698.3,40.67,24.19
Burundi,Sorghum,2001,3521,971.5,6.53,20.19
Greece,Yams,2011,24313,522.2,2334.56,17.28
Ethiopia,Cassava,2003,46982,769.8,763.19,23.75
Burundi,Potatoes,1995,46931,1613.0,55.09,18.52
Nicaragua,Yams,2007,13675,2412.6,836.72,25.68
Cameroon,"Rice, paddy",1998,16378,1807.7,1259.09,23.55
Thailand,Cassava,1990,106621,1510.7,5220.53,27.78
Russia,Potatoes,2004,55907,336.9,17835.99,3.42
Philippines,Yams,2009,19455,2394.8,2558.37,28.07
Benin,Sorghum,2005,4490,1283.2,200.87,27.21
Morocco,Wheat,2012,24738,376.6,5414.95,16.84
"Tanzania, United Republic of",Plantains and others,2010,35061,1122.8,863.69,23.13
France,Cassava,2005,50128,866.2,27819.06,11.92
Costa Rica,Sweet potatoes,1992,38305,3415.5,3230.38,26.01
Jamaica,Sorghum,1998,2304,2681.9,483.63,26.58
Afghanistan,Sorghum,1993,1610,358.3,50.32,14.39
Bangladesh,Sweet potatoes,2012,29175,2566.7,5857.02,26.31
Burundi,Plantains and others,1998,16968,1030.4,19.9,19.47
Thailand,Yams,1997,79082,1449.1,11492.72,27.08
Iran,Sorghum,2003,5587,256.7,6098.58,18.43
Panama,Yams,2009,21398,2490.9,1175.89,26.72
Guinea,Cassava,2003,46718,1603.5,138.19,26.17
Sweden,Soybeans,2003,10687,655.7,2241.77,3.95
Benin,Sorghum,2004,4791,1150.6,188.06,26.16
"Congo, Democratic Republic of the",Soybeans,2000,4636,1698.2,178.92,24.68
"Tanzania, United Republic of",Sweet potatoes,2005,61466,1251.1,678.36,23.91
Madagascar,Cassava,2002,48206,1572.6,158.44,23.17
Mali,Wheat,2011,4427,476.7,332.92,29.87
France,Yams,2001,37937,762.1,28412.78,11.54
Colombia,Soybeans,2011,7135,2926.5,31998.27,25.24
China,Sorghum,2001,4547,743.6,855525.17,16.07
Romania,Yams,2012,20868,540.9,3209.69,9.46
Hungary,Sorghum,2008,5625,733.6,6829.82,12.48
Hungary,Wheat,1991,28572,594.1,5222.55,11.99
Niger,Wheat,2002,2372,296.3,183.93,29.08
Egypt,Wheat,1997,10671,54.4,5682.26,25.43
Algeria,Potatoes,2003,98512,99.9,2442.38,17.84
El Salvador,Sweet potatoes,2001,29384,1884.3,1038.87,29.43
Cambodia,Wheat,2013,4316,1686.4,935.4,24.56
China,Soybeans,2012,11832,533.2,1648292.53,13.6
Nicaragua,Yams,2010,26000,2110.9,765.76,24.57
Hungary,Yams,1990,15150,574.9,2076.19,11.8
Israel,Cassava,2012,133664,422.5,1265.81,22.05
Panama,Wheat,1995,4508,3339.8,996.12,23.97
Cuba,Plantains and others,2001,42649,1525.3,2335.37,25.61
Cameroon,Sweet potatoes,1999,51102,1744.7,206.37,24.08
"Tanzania, United Republic of",Potatoes,1990,27638,909.4,1016.75,25.6
South Africa,Cassava,2001,25540,472.4,5531.27,17.59
Chad,Soybeans,1991,6665,557.5,93.48,27.02
Algeria,Plantains and others,1998,5201,82.6,2202.09,18.2
Pakistan,Maize,2008,26787,477.5,24337.54,24.78
Morocco,Plantains and others,2004,3509,286.7,4162.99,14.26
New Zealand,Potatoes,2007,80528,2187.5,2708.92,14.53
Mexico,Plantains and others,2009,45934,737.9,21304.19,21.53
New Zealand,Sweet potatoes,1994,36415,1740.0,810.95,12.65
United States of America,Plantains and others,2002,18429,536.0,172182.64,14.58
Egypt,Cassava,1999,19444,33.9,4355.32,19.43
Rwanda,"Rice, paddy",2000,5992,1267.4,217.04,18.51
Guinea,"Rice, paddy",2008,16689,1934.6,472.66,27.87
Brazil,Plantains and others,1997,61956,1943.9,144774.85,25.1
India,Maize,2008,28703,1432.1,45601.88,23.42
Cambodia,Potatoes,2000,10589,2702.5,585.6,25.64
Zimbabwe,Sorghum,1999,5760,510.5,1079.22,22.33
Vietnam,Maize,1992,12496,2114.3,16620.5,25.05
Niger,Sweet potatoes,1992,27517,295.4,43.34,28.06
Argentina,Sweet potatoes,2006,75164,654.8,59412.97,15.58
Finland,Soybeans,1995,8036,500.4,915.78,3.65
Malaysia,Cassava,2004,31411,2563.9,4987.01,25.1
Uganda,Yams,1999,41493,1268.1,112.15,25.95
Austria,Wheat,1997,18768,1153.5,2140.34,9.7
Mexico,Potatoes,2010,221262,644.9,32002.45,18.49
Belgium,Potatoes,2010,205235,755.4,4137.55,10.58
New Zealand,Cassava,1995,39909,1619.6,1237.83,14.44
Thailand,Soybeans,2002,11270,1413.1,23270.91,27.41
Greece,Cassava,1991,29157,573.6,636.21,16.85
Ecuador,Maize,2009,11290,2307.8,8546.42,22.82
Angola,Yams,1995,27502,1000.0,201.28,22.66
Brazil,Maize,1996,29982,1594.8,191379.63,25.65
Cambodia,Cassava,2002,59248,1451.2,151.25,28.83
Sri Lanka,Sorghum,2006,2331,1806.2,2162.86,25.84
South Africa,Wheat,2000,28576,366.6,7361.85,18.08
France,Maize,1997,21891,805.0,48690.48,13.13
Russia,Potatoes,2009,71083,303.3,18977.09,5.34
South Korea,"Rice, paddy",2001,19390,1255.1,19856.12,15.5
Honduras,Plantains and others,2000,29778,1284.3,1518.83,22.71
Malaysia,Cassava,1990,79356,1895.3,1498.29,26.34
Nicaragua,Plantains and others,2008,17582,2537.4,1210.53,27.35
Romania,Yams,2003,23824,787.6,2477.12,9.11
South Africa,Maize,2001,22095,458.2,12131.0,18.69
Malaysia,Sweet potatoes,1991,27500,2539.5,5295.94,28.49
Malaysia,"Rice, paddy",2008,15972,3328.2,31486.29,27.02
Kenya,Maize,2011,25358,580.7,2302.66,24.63
Jamaica,Maize,2009,18039,1738.4,961.59,26.66
Sierra Leone,Soybeans,1992,2034,3017.2,126.46,25.77
Mali,Yams,2000,24044,443.9,139.41,27.46
Uzbekistan,Soybeans,2004,3777,254.1,5356.3,13.84
Italy,"Rice, paddy",1992,14145,793.4,21283.22,15.49
Iraq,Yams,1993,24300,248.9,768.1,23.27
Israel,Cassava,2009,86210,363.7,1560.81,19.93
Iran,"Rice, paddy",1993,3437,260.6,7493.71,15.9
Saudi Arabia,"Rice, paddy",2004,13063,82.0,5072.03,27.17
Ireland,Sorghum,2009,4617,1340.7,1383.56,13.16
Laos,Maize,2004,15770,1278.9,360.98,27.16
Cambodia,Potatoes,2008,9720,1962.0,773.98,25.98
Niger,Potatoes,1995,37784,346.7,102.42,24.1
Bolivia,Sweet potatoes,2009,69624,1002.4,772.18,22.55
Ivory Coast,Potatoes,1994,26865,1124.4,1248.14,27.04
Thailand,Soybeans,2009,21408,1196.0,23375.98,28.31
Ivory Coast,Sorghum,2004,7075,1046.0,1170.73,27.48
Niger,"Rice, paddy",2013,6162,293.2,334.4,26.24
Canada,Soybeans,2011,9908,599.2,60586.95,4.09
Chile,"Rice, paddy",2006,11021,687.2,19010.87,10.99
Czech Republic,Sorghum,1992,5373,658.1,3084.07,8.41
Laos,Soybeans,2004,6670,1442.3,288.02,25.24
Vietnam,Maize,2007,16377,1850.3,38229.12,24.48
Burundi,"Rice, paddy",1996,4013,1012.4,67.49,18.47
Chile,Wheat,2005,24645,794.0,11420.83,14.6
Ireland,Potatoes,1997,163043,1243.2,1233.68,9.96
Burundi,Plantains and others,2012,20500,1300.1,50.23,21.81
Ecuador,Yams,1999,13536,2356.2,3307.07,23.31
Ethiopia,Sorghum,1999,4162,750.8,918.29,20.07
Egypt,"Rice, paddy",2006,9035,48.2,9083.49,21.69
Ivory Coast,Sorghum,2002,3495,1599.9,677.88,27.09
Greece,Yams,2005,29834,717.5,2339.94,15.33
Bolivia,"Rice, paddy",1999,5252,915.0,2071.31,18.73
Chile,Maize,1996,15246,795.7,14165.48,13.25
Morocco,Yams,2011,16081,329.8,2652.92,18.59
Cameroon,Soybeans,2001,7577,1431.5,869.08,28.32
Chad,Cassava,1996,25265,324.9,0,26.35
Thailand,Sorghum,2008,5250,2066.1,14715.63,27.51
Benin,Cassava,2003,41971,1017.7,182.97,28.34
South Korea,Maize,2003,16090,1433.9,24050.96,11.38
Saudi Arabia,Soybeans,2008,16040,58.0,3818.89,26.45
Guatemala,Sorghum,2011,2698,1904.8,2715.08,24.4
Iran,Sorghum,1997,2922,230.0,4883.22,17.68
Chad,Soybeans,1996,4963,389.1,114.3,29.66
Mozambique,Soybeans,1992,7367,1136.1,307.66,26.96
Nepal,Sweet potatoes,2006,33266,1772.6,50.95,19.97
Ghana,Sorghum,2008,6335,1318.3,887.47,28.51
Niger,Maize,2013,7768,232.7,254.53,31.69
Myanmar,Sorghum,2006,2801,2290.5,629.07,24.95
Kazakhstan,Soybeans,2009,3862,283.1,2521.15,8.63
Guinea,Yams,2004,21023,1776.1,125.79,23.83
Portugal,Plantains and others,1997,17519,959.6,4734.37,13.57
El Salvador,Yams,2005,57518,1338.4,1592.25,27.18
"Tanzania, United Republic of","Rice, paddy",2007,16145,1121.7,2050.88,22.83
India,Potatoes,2006,78643,1559.6,24719.46,23.23
El Salvador,Potatoes,1997,12054,1823.2,1467.91,26.77
New Zealand,Potatoes,2012,80714,1966.7,3262.3,12.22
Burkina Faso,Sorghum,1996,5128,733.5,234.0,26.72
Mali,Potatoes,1994,23718,412.0,201.78,29.1
Peru,Plantains and others,1998,25939,1925.1,3805.93,18.64
Israel,Soybeans,2004,24393,504.3,2808.92,18.11
Bangladesh,Sweet potatoes,1992,30790,1997.3,725.07,27.77
Morocco,Yams,2003,16303,334.6,2102.58,16.65
South Korea,Wheat,2000,18147,1454.2,17956.04,11.89
Colombia,Yams,2011,23791,3385.6,5960.75,22.7
Rwanda,Potatoes,1995,84570,1412.2,198.68,17.29
Colombia,Potatoes,1994,27241,2796.0,13049.26,25.05
Chad,Soybeans,1995,6350,401.4,100.3,26.91
Kenya,Maize,1992,21542,737.5,1917.12,22.42
Burundi,Wheat,1993,5389,1685.1,53.12,19.97
Guatemala,Soybeans,1991,6105,1779.2,2601.86,23.93
Vietnam,Maize,1994,22993,1745.4,23333.87,27.59
Philippines,Yams,1992,12743,2372.7,1377.81,24.67
United States of America,Soybeans,2010,11487,469.1,369606.37,10.0
Uzbekistan,Sorghum,1997,2348,186.4,2081.51,13.06
Paraguay,Maize,2003,32747,1061.4,12381.83,21.08
Ireland,Maize,2009,22212,1000.2,2601.17,9.71
Uzbekistan,Maize,2007,8130,195.9,6501.53,15.61
Sudan,Wheat,1990,3518,276.5,571.45,31.02
Venezuela,Sweet potatoes,1994,23788,2443.2,3113.74,26.04
Israel,Soybeans,1990,28830,376.2,1956.5,19.82
Myanmar,Sorghum,2004,2524,3019.9,966.29,28.59
Niger,Cassava,2010,27400,361.7,133.94,28.51
Nicaragua,Maize,2005,9351,2189.8,1606.06,25.69
Laos,Sorghum,2001,1892,1801.3,208.59,26.14
Iran,Soybeans,2008,7729,213.4,13224.59,16.89
Philippines,Sorghum,2004,3297,2217.1,2026.43,26.5
India,Maize,2004,33848,1315.3,47019.59,23.11
Senegal,Sweet potatoes,2004,43332,665.7,177.32,29.72
Iraq,Cassava,2002,33721,209.7,1317.77,22.79
Cambodia,Potatoes,1992,11540,2257.1,573.55,25.68
Malawi,Sweet potatoes,2002,66477,1148.8,92.53,23.2
Sri Lanka,Soybeans,2002,10320,1613.2,4003.98,26.21
Guinea,Cassava,1998,39474,1670.5,168.96,24.83
Uzbekistan,Cassava,1996,11832,173.8,1407.74,11.99
Madagascar,Plantains and others,2011,28500,1581.3,294.3,23.0
Panama,Yams,2002,17130,3518.0,431.93,26.66
Kazakhstan,Sorghum,1992,3329,236.8,842.65,8.85
Sudan,"Rice, paddy",1993,3512,257.7,873.69,27.64
Honduras,Yams,2000,32977,1950.4,1130.13,26.86
Algeria,Maize,1995,12980,69.4,3134.28,18.16
Dominican Republic,"Rice, paddy",1991,24451,1446.0,2065.48,25.66
South Korea,Yams,2000,29680,1369.7,5682.54,14.53
Thailand,Plantains and others,2012,73354,1406.4,12504.6,26.38
Sri Lanka,Soybeans,1996,6643,1686.7,3043.46,27.16
Mali,"Rice, paddy",2007,8091,365.3,489.9,29.34
Israel,Soybeans,2007,24229,386.7,2806.29,18.47
Ireland,Sorghum,1998,5560,1152.8,586.01,10.91
Burkina Faso,Plantains and others,2000,16739,698.9,453.29,27.18
Colombia,Plantains and others,1996,40756,1948.9,14608.94,22.57
Saudi Arabia,"Rice, paddy",1991,10768,58.5,3282.29,26.61
Paraguay,Wheat,1996,15979,1270.4,6084.21,21.73
Austria,Soybeans,2009,8044,1282.9,4484.72,6.11
Argentina,Wheat,2003,33485,472.2,127123.18,14.71
Romania,Soybeans,1998,5897,590.1,6280.23,10.71
Peru,Sweet potatoes,1991,27839,1878.4,688.29,16.43
Panama,Cassava,2012,28331,2415.1,1516.52,24.98
South Africa,Plantains and others,2012,16272,565.5,9020.12,17.29
Ivory Coast,Sweet potatoes,2012,63086,1310.3,695.85,29.77
Togo,Cassava,2006,43575,1301.4,110.74,29.63
Panama,Cassava,1996,29465,3445.1,1217.86,26.22
South Korea,"Rice, paddy",2013,17698,1054.2,34864.7,13.06
Portugal,Cassava,2006,39274,855.0,2529.83,13.34
Ecuador,Wheat,1991,3923,2084.9,4639.32,24.6
Guatemala,Plantains and others,1991,34230,1761.2,1269.8,21.8
New Zealand,Wheat,2010,21110,1370.9,3750.42,11.98
Indonesia,Potatoes,1994,12733,2740.2,9375.41,26.93
Sudan,Wheat,1995,4373,306.9,786.19,26.19
Panama,Sweet potatoes,2001,32141,2587.5,981.95,26.6
China,Soybeans,2009,11462,446.3,1167399.38,14.83
Sierra Leone,Soybeans,2004,2351,2845.0,135.52,27.64
Sudan,Cassava,2001,24175,220.5,13.93,27.54
Mexico,Maize,2008,42524,633.7,49185.03,21.83
Kenya,Wheat,2009,16823,593.6,1958.22,21.86
South Africa,Potatoes,2000,199401,279.5,9804.49,18.94
Algeria,Maize,2009,16012,89.3,4170.28,18.83
United Kingdom,Wheat,1995,10106,1200.2,10945.71,7.89
Philippines,Plantains and others,2005,16580,3063.0,4536.07,27.15
Canada,Sweet potatoes,2003,46487,461.2,14489.93,5.27
Pakistan,Yams,2007,50528,558.5,7441.21,25.22
Bolivia,"Rice, paddy",2004,9199,1138.9,3472.35,19.16
China,Potatoes,1993,261806,607.7,954473.67,14.33
Sri Lanka,Potatoes,1998,43504,1719.1,2559.56,23.78
"Tanzania, United Republic of",Potatoes,2003,34521,891.0,1144.07,25.98
Saudi Arabia,Soybeans,1999,13894,69.0,2549.03,27.31
Indonesia,Potatoes,2001,17066,2032.7,14715.68,25.94
Sudan,Cassava,2013,29345,246.9,782.2,27.13
Niger,Sweet potatoes,2002,28291,234.5,117.02,28.04
Colombia,Yams,2008,56426,1858.0,6841.43,27.35
Dominican Republic,Plantains and others,1999,35659,1722.5,938.86,26.37
Sudan,"Rice, paddy",2006,6735,289.8,1575.22,27.95
Italy,Maize,1994,19224,972.3,41388.26,13.83
Burundi,"Rice, paddy",1991,6542,1656.8,60.28,19.95
Burundi,"Rice, paddy",2002,5454,1120.3,94.56,19.01
Kenya,Maize,2008,15944,422.2,2279.19,18.96
Rwanda,Soybeans,2001,6301,1350.7,197.88,19.55
Germany,Maize,1993,22367,786.7,15270.79,9.68
Ghana,Soybeans,1991,9211,1359.6,1200.27,29.45
Sudan,Cassava,1996,22968,211.9,90.12,28.76
Poland,Potatoes,1997,72792,537.0,9061.87,7.87
Jamaica,Maize,2002,8343,2164.6,804.64,23.31
Iraq,"Rice, paddy",2012,4949,213.7,3634.5,22.14
Cuba,Sweet potatoes,2006,76396,1534.8,908.06,26.03
Bangladesh,"Rice, paddy",2006,20089,1885.5,16251.51,26.03
Ghana,Sorghum,2004,8773,973.6,1086.93,27.45
Ethiopia,Potatoes,2011,84206,888.5,1287.35,20.81
Greece,Yams,1992,22621,588.2,3630.42,14.53
Mexico,Cassava,1996,81876,838.5,11196.21,21.64
Kenya,Yams,1990,36369,791.6,815.57,23.24
South Africa,Plantains and others,1994,13294,443.4,5860.16,17.92
Germany,Wheat,2006,15525,697.3,31462.99,7.52
Mali,Potatoes,2001,21241,407.4,221.76,26.02
Venezuela,Soybeans,2001,5666,2609.7,8289.21,26.99
Kazakhstan,Sweet potatoes,2007,25452,266.1,994.51,7.12
Spain,Soybeans,1996,16227,571.4,17951.41,16.8
Zambia,Plantains and others,1992,17135,690.3,279.07,22.39
Burkina Faso,Soybeans,1994,5505,859.8,456.88,27.98
Madagascar,"Rice, paddy",1990,11215,1197.5,342.06,22.42
Canada,Sweet potatoes,2006,52361,631.7,6343.9,3.89
Argentina,Potatoes,1997,243190,468.5,96821.14,15.48
Rwanda,Potatoes,2003,96204,864.3,201.4,19.34
India,Sorghum,2009,8416,1015.9,19100.33,26.13
El Salvador,Potatoes,2009,24690,1504.8,2462.86,27.65
Panama,Wheat,1993,1431,1943.1,1324.32,27.5
Canada,Sorghum,1997,7010,530.6,26963.41,7.25
Saudi Arabia,Plantains and others,2009,17824,70.4,3288.49,25.87
Mozambique,Potatoes,2005,24669,966.5,468.35,27.51
Poland,Sorghum,1999,5480,559.3,3611.27,7.14
Mexico,"Rice, paddy",1993,17646,593.2,34205.99,21.88
Jamaica,Cassava,2006,31923,2330.9,285.49,25.51
Angola,Soybeans,2007,7402,846.5,396.42,20.45
Burundi,Sorghum,1999,3046,1235.0,13.41,21.04
Venezuela,Sweet potatoes,1990,61633,1686.5,0,23.78
Bolivia,Soybeans,1999,11076,1090.6,1596.43,21.96
United Kingdom,Sweet potatoes,1997,60171,1049.7,8446.59,9.65
Costa Rica,Soybeans,1994,5884,2952.5,3183.66,22.97
Sierra Leone,"Rice, paddy",2012,4356,2571.3,238.97,25.89
Japan,Wheat,1996,14197,2042.3,22692.29,13.93
Pakistan,Maize,2009,36274,502.3,24510.28,24.14
Bolivia,Potatoes,2000,87953,1188.6,1611.99,19.3
Belgium,Plantains and others,1993,20825,851.7,3231.1,9.72
South Africa,Wheat,1997,26224,477.8,7950.87,17.0
Portugal,Yams,2013,34594,931.5,3530.6,15.54
Cambodia,Soybeans,2000,2468,2250.4,512.95,27.73
Guatemala,Cassava,1996,40404,2032.8,1861.77,23.5
Peru,"Rice, paddy",1994,19394,2019.6,6333.8,21.72
Cambodia,Wheat,2000,3009,1717.3,496.51,24.82
Ghana,Plantains and others,2003,38409,1002.0,1206.89,29.29
Germany,Maize,2005,21911,655.3,27519.33,8.79
Spain,Sweet potatoes,2001,34853,750.4,13527.32,14.37
"Tanzania, United Republic of",Sweet potatoes,2006,66962,991.7,422.0,22.8
Angola,"Rice, paddy",1992,6954,1171.8,265.36,20.47
Italy,Cassava,2002,46207,776.0,21715.11,13.74
Mexico,Wheat,2009,27537,788.5,34517.42,20.24
Burundi,Wheat,1999,7560,1503.6,55.84,19.27
Nigeria,Sweet potatoes,2005,78099,1063.9,1073.3,27.37
Guinea,Maize,2003,12431,1530.3,258.55,27.3
Paraguay,Plantains and others,1991,61217,1291.4,5224.75,23.63
Italy,Maize,2005,22677,846.0,55671.83,13.16
Japan,Wheat,1998,12795,1977.1,20167.5,14.05
Uzbekistan,Maize,1990,6247,177.8,3057.09,12.92
Chad,Wheat,2001,4692,404.8,112.63,26.29
Cambodia,Soybeans,2008,3609,2130.6,874.33,25.18
Jamaica,Wheat,2001,2912,2068.9,563.77,25.95
Israel,Yams,2009,53388,382.6,1403.58,19.91
Mexico,Cassava,1998,72611,993.1,11865.44,20.88
Iraq,"Rice, paddy",1998,5730,191.8,2849.23,24.28
Germany,Sorghum,2003,7855,842.8,14529.86,10.0
Vietnam,Sorghum,1991,8426,1371.2,11746.72,27.25
Malaysia,Plantains and others,1995,15532,3357.0,6837.27,25.39
Portugal,Plantains and others,1992,13693,937.1,2353.75,13.4
Sudan,Wheat,1999,2469,193.9,832.19,28.28
Burundi,Potatoes,1999,61844,1343.8,54.11,19.55
Niger,Sweet potatoes,2009,38933,255.0,85.26,26.63
Philippines,Cassava,2007,79613,1830.7,2808.79,26.11
Burkina Faso,Plantains and others,2003,18107,670.6,303.71,27.2
Greece,Maize,2012,26912,635.2,11583.69,16.64
El Salvador,"Rice, paddy",2001,17615,1819.5,3564.55,24.23
Angola,Sweet potatoes,2005,58056,1021.5,137.01,22.27
Spain,Potatoes,1993,232798,589.3,22815.89,15.58
Spain,Wheat,2005,42309,657.2,33240.76,17.0
Mali,Yams,1994,19108,370.4,0,28.39
Kazakhstan,Sorghum,2013,2857,259.9,1605.33,5.72
Chile,Plantains and others,2006,20000,893.6,8358.2,14.51
Cambodia,Plantains and others,1996,29713,1982.0,428.76,24.37
Philippines,Yams,2010,19608,2371.5,3693.61,28.5
Zimbabwe,"Rice, paddy",2005,7153,716.4,1874.55,19.31
Angola,Sorghum,2013,3508,907.5,253.56,20.78
Egypt,"Rice, paddy",2003,8300,46.2,9903.05,21.35
Czech Republic,Wheat,2011,10001,702.8,6234.85,8.18
North Korea,Soybeans,2002,4146,1042.9,614.88,11.18
Indonesia,Plantains and others,1995,14330,2873.3,8196.92,24.52
Israel,Plantains and others,2011,18286,343.1,2520.32,18.91
Hungary,Potatoes,2000,195575,685.7,6052.58,11.14
Benin,Sorghum,2006,6759,851.5,341.66,27.52
Greece,Yams,2001,23878,463.8,3558.6,17.38
Rwanda,Maize,2012,15059,1185.0,284.5,17.73
Belgium,Plantains and others,1999,27634,1030.5,5272.75,8.43
Burundi,Soybeans,1995,8822,951.4,62.38,22.94
France,Maize,2012,23180,769.3,72562.69,11.95
India,"Rice, paddy",1997,30204,1384.9,38631.82,23.86
Uzbekistan,Maize,1994,6587,210.2,4930.28,14.68
Uganda,Plantains and others,1999,25335,1273.9,70.38,22.79
"Tanzania, United Republic of",Sweet potatoes,2011,81539,911.1,742.16,22.79
India,Plantains and others,2012,50732,1104.2,35493.34,23.73
Uzbekistan,Cassava,1992,10417,241.0,2254.45,13.66
Malawi,Potatoes,1990,54766,1247.8,174.59,23.12
Turkey,Potatoes,1990,185848,642.7,14839.25,13.91
Cambodia,Yams,1991,21109,2043.4,184.88,26.73
Chad,Cassava,1993,24858,350.0,24.9,27.52
Japan,Sorghum,2006,2812,1593.5,21115.79,14.35
Japan,Soybeans,1997,17466,1428.9,37569.25,16.23
Sierra Leone,Wheat,2011,1587,2142.7,197.31,26.19
Hungary,"Rice, paddy",2009,13663,550.3,12152.3,11.55
Myanmar,Sorghum,2003,2771,2574.3,528.18,25.91
Paraguay,Wheat,2010,19942,1173.2,11370.05,22.33
China,Yams,2006,27310,560.3,691223.26,14.99
Burundi,Potatoes,2009,58686,1048.7,68.95,21.19
Nigeria,Sweet potatoes,1990,61761,1048.2,977.21,27.04
Ecuador,Sorghum,2004,2745,2333.4,2339.06,21.19
Nigeria,Sorghum,2010,6493,906.6,1198.86,27.52
Hungary,Wheat,2007,31200,521.3,7512.26,12.93
Indonesia,Potatoes,2012,14665,2256.5,16431.99,26.74
South Africa,Potatoes,1994,197517,598.6,5218.76,17.28
Benin,Plantains and others,2001,23391,1108.2,324.74,29.2
Bolivia,Sweet potatoes,2001,74738,1364.7,205.0,20.96
Canada,Soybeans,2008,9441,555.4,56361.67,4.91
Brazil,Maize,2004,25372,1858.2,316551.54,24.83
Canada,Sorghum,1999,5197,570.5,20980.37,5.01
Colombia,Plantains and others,2002,50497,1872.2,17450.89,22.24
Afghanistan,Plantains and others,2000,1897,387.9,66.95,15.4
India,"Rice, paddy",2011,28904,1375.9,51054.83,24.29
Hungary,Potatoes,1992,136041,427.5,4298.57,11.02
Pakistan,Potatoes,1990,74621,435.9,8901.52,24.77
Kenya,Yams,2003,47052,809.9,565.26,22.98
Costa Rica,Sweet potatoes,2010,37995,3941.6,3394.94,24.05
Austria,Soybeans,2012,9290,1116.9,4739.6,5.55
France,Sorghum,2013,5925,899.5,29234.34,11.98
Ethiopia,Cassava,2001,39814,875.0,375.05,20.71
Czech Republic,Potatoes,2001,114163,591.6,3212.51,8.49
Hungary,Sorghum,2009,5797,439.3,6531.17,10.44
"Congo, Democratic Republic of the",Sorghum,1993,2218,1478.2,87.53,24.83
Angola,Potatoes,1995,51395,1038.5,190.42,21.8
Ghana,Maize,1990,17437,1008.1,1398.03,28.71
Czech Republic,Wheat,1996,19588,642.9,4309.48,9.91
Panama,Sweet potatoes,1995,28174,3220.3,856.96,25.74
Cameroon,Sweet potatoes,1991,26599,1934.1,227.82,22.68
Bolivia,"Rice, paddy",2010,14029,1279.0,3012.07,20.48
Vietnam,Sorghum,2000,3432,1805.2,17702.89,25.21
Malawi,Sweet potatoes,2005,54787,1100.8,100.92,23.05
Nigeria,Potatoes,1992,37678,1223.1,1406.85,25.55
Germany,Sorghum,2004,8261,691.1,10055.13,7.55
Bolivia,Yams,1999,17427,1108.5,620.85,18.8
Uruguay,Sweet potatoes,2000,60981,1302.4,3735.99,17.38
Haiti,Potatoes,2012,24496,1217.3,117.01,28.96
South Africa,Potatoes,1999,184028,419.4,6406.97,19.54
Brazil,Sorghum,1997,4501,1612.7,107819.52,21.61
Poland,Sorghum,2009,5409,593.3,8944.36,10.26
Sri Lanka,Soybeans,1999,6394,1751.9,3121.49,26.86
Costa Rica,Plantains and others,1994,12696,4277.3,2774.27,23.6
Egypt,Maize,2002,24722,33.6,6875.05,22.59
North Korea,Soybeans,2010,4377,756.5,734.96,13.41
Israel,Plantains and others,1999,24793,436.3,1416.27,19.56
Bangladesh,Sorghum,2004,2727,2263.3,3613.65,27.81
"Congo, Democratic Republic of the",Cassava,1997,41611,1327.1,40.02,23.21
Senegal,Cassava,2010,43865,654.2,358.64,25.58
Greece,Yams,1997,28084,718.4,3532.91,18.49
Cameroon,Sorghum,2003,2083,1783.9,507.0,24.59
United Kingdom,Plantains and others,2008,31878,1213.5,8496.95,11.74
Panama,Potatoes,2010,12671,2918.1,1913.06,28.03
Finland,Sweet potatoes,1991,42200,610.8,227.14,3.29
Chile,Plantains and others,2003,17943,733.9,6652.96,14.21
Italy,Potatoes,2007,342263,625.6,53783.0,14.37
Ghana,Sweet potatoes,1995,46461,1529.9,488.41,27.42
Honduras,Sorghum,2013,2677,1891.4,2015.04,26.35
Venezuela,Cassava,2013,62026,2059.2,7314.94,24.43
Pakistan,"Rice, paddy",2011,16768,444.1,32560.01,25.8
Togo,Soybeans,1997,6971,1332.2,174.09,25.15
Iran,Cassava,1997,25914,252.1,5531.29,21.21
Philippines,Yams,1993,35405,1914.8,1852.94,24.45
Czech Republic,Wheat,2012,13555,831.5,6886.68,5.82
Kazakhstan,Soybeans,1994,3687,214.2,1552.96,6.28
United States of America,Yams,1991,31192,654.7,47118.11,11.05
Costa Rica,Sorghum,1995,3763,2996.6,2360.4,25.68
Bolivia,Potatoes,2001,112607,1084.4,1152.59,20.22
Zambia,Plantains and others,2003,24092,1029.0,290.3,20.2
"Congo, Democratic Republic of the",Plantains and others,2008,21640,2121.7,210.48,25.15
"Congo, Democratic Republic of the",Soybeans,1997,1864,1957.9,138.0,25.25
Senegal,Cassava,2009,39352,512.4,226.14,27.86
Myanmar,Cassava,2004,27321,2931.4,540.01,26.48
Portugal,Plantains and others,1990,16013,817.1,1009.17,15.71
Austria,Wheat,1994,8431,1424.6,1997.0,7.25
South Africa,Maize,2012,28517,556.2,13731.14,18.34
Togo,Plantains and others,2012,20931,1114.8,189.23,27.43
Panama,Sweet potatoes,2012,38893,2030.5,914.02,27.66
Turkey,Soybeans,1990,5767,564.6,26858.68,12.05
Venezuela,Plantains and others,2002,43206,2244.5,7687.28,26.72
Germany,Sorghum,1997,5558,617.6,7320.37,9.37
Rwanda,Maize,1993,10924,1075.3,115.52,17.99
Argentina,Maize,2005,22291,554.4,183074.48,15.86
Venezuela,Sweet potatoes,1996,39966,2021.2,2841.5,25.23
Hungary,Maize,2013,17652,561.5,10468.77,10.89
Jamaica,Wheat,1999,1840,2315.2,597.57,26.29
Israel,Plantains and others,1991,41232,573.4,925.78,19.11
Paraguay,Cassava,1999,108101,1310.5,8040.29,22.99
Cambodia,Potatoes,1997,16917,1709.2,498.67,26.65
Belgium,Maize,2012,25768,903.2,7126.82,10.37
Madagascar,Soybeans,1997,7546,1264.8,258.13,21.2
Spain,Maize,2000,16199,443.2,22787.92,14.3
Belgium,Maize,1992,20172,666.2,3170.23,9.19
Turkey,Sorghum,2003,4402,605.1,18075.26,16.93
Zimbabwe,Sorghum,1998,5565,559.4,343.41,20.42
Iraq,Sorghum,1996,4007,182.3,877.31,22.37
Jamaica,Cassava,2002,72620,1768.4,255.64,25.94
Belgium,Plantains and others,2005,21858,777.6,2470.14,11.2
Iraq,Maize,2000,16246,226.1,2131.41,20.96
Chad,Maize,2011,15187,464.7,193.03,28.78
Niger,Wheat,1993,2945,360.4,90.7,28.07
Kenya,Plantains and others,1992,20357,694.8,1083.58,23.14
Kenya,Maize,1996,21458,684.3,2031.58,21.9
Mali,Wheat,2005,3451,441.1,268.6,28.17
Israel,Soybeans,2006,32921,439.2,2790.05,20.02
Senegal,Potatoes,2006,26715,646.0,273.58,26.38
El Salvador,"Rice, paddy",1990,15693,1976.7,2614.21,25.75
Ecuador,Soybeans,1999,3964,2127.1,7541.36,21.21
Honduras,Maize,1997,6491,2762.9,1531.28,26.94
Denmark,Maize,1996,20615,547.4,1925.77,7.41
Venezuela,Sweet potatoes,1998,75009,1491.3,4863.23,25.14
Portugal,Yams,1999,25773,1063.8,3392.95,15.59
Mozambique,"Rice, paddy",2010,14229,1153.5,825.54,21.97
Portugal,Cassava,2004,40190,774.8,3520.74,15.37
Thailand,Soybeans,1990,5633,2158.3,17388.87,26.11
United States of America,Yams,2010,36509,878.9,77592.05,9.15
Sweden,Soybeans,2010,11672,707.5,2410.82,5.0
France,Sorghum,2007,6643,898.5,43909.27,13.02
Australia,Plantains and others,2007,33779,442.1,20672.45,21.32
Guatemala,Plantains and others,1997,38898,1663.9,3205.19,24.55
China,Cassava,2008,36831,516.2,666230.86,13.29
South Korea,Wheat,2013,38688,1092.7,18613.51,14.81
Brazil,Maize,2008,29656,1803.6,312163.05,23.84
Honduras,Sweet potatoes,2010,55702,1822.1,621.68,25.48
Japan,Soybeans,2005,16178,1410.0,42466.58,16.2
Honduras,Sorghum,2006,2702,2249.8,1609.99,23.79
Paraguay,Plantains and others,2009,69519,1010.3,10619.13,22.31
Guinea,Sorghum,1993,1793,1823.4,135.6,25.51
Brazil,Plantains and others,1990,64823,1574.4,112504.51,24.85
Chad,Wheat,2006,4565,388.7,116.68,26.01
Madagascar,"Rice, paddy",2005,15351,1194.5,564.76,23.5
Myanmar,Sorghum,1997,2065,2056.6,358.58,26.65
"Tanzania, United Republic of",Plantains and others,1998,20819,912.3,820.53,21.46
Colombia,Cassava,2008,45049,2353.1,9877.2,25.21
Ecuador,Soybeans,2009,4571,2503.9,7352.09,23.76
Zimbabwe,"Rice, paddy",2011,14141,704.7,2321.59,20.78
Uruguay,Sweet potatoes,2009,80028,1454.2,4875.64,16.95
Turkey,Cassava,2000,30307,678.5,10359.62,14.25
France,Maize,2005,22441,750.5,62751.82,12.44
Saudi Arabia,Plantains and others,2006,18841,70.9,1986.49,26.73
Burundi,Wheat,1991,6893,1293.8,47.89,20.99
Iraq,Soybeans,2000,10099,246.2,2677.7,22.29
"Tanzania, United Republic of",Maize,2005,18233,878.8,1745.0,23.95
Japan,Sorghum,2008,2670,1927.4,21416.31,14.75
Guinea,Sorghum,1999,1494,1734.3,187.04,23.91
Ghana,Yams,1997,40048,1569.4,803.15,25.28
Philippines,Plantains and others,2013,17642,2727.6,4343.08,25.67
Rwanda,Soybeans,2011,7844,1458.3,182.73,20.44
Niger,Wheat,2011,5077,286.8,302.6,26.19
Kenya,Potatoes,2004,95149,826.8,2194.92,21.36
Burkina Faso,Wheat,2001,4755,811.4,332.04,26.55
Panama,Yams,2006,19999,2771.7,1098.7,25.56
Bolivia,Cassava,2003,35890,1394.7,625.79,19.05
Mozambique,Plantains and others,2010,26202,1123.8,381.34,25.9
Thailand,"Rice, paddy",2009,40445,1747.0,30772.69,28.1
Afghanistan,Sweet potatoes,2005,11525,360.8,43.46,13.54
Cameroon,Sorghum,2012,5494,1329.3,717.21,22.83
Sri Lanka,Soybeans,2000,4176,2157.3,4487.03,27.11
Panama,Cassava,1995,23304,2632.7,863.36,28.01
Ecuador,Maize,2007,15246,2164.8,7032.18,23.83
Pakistan,Yams,2001,41554,594.2,1608.33,23.29
South Africa,Soybeans,2007,12958,466.2,12225.95,16.47
Laos,Sorghum,1998,2041,1943.8,101.56,27.88
Romania,Soybeans,2005,8637,624.4,7155.47,8.87
Bangladesh,Sweet potatoes,1991,33138,1950.0,0,25.79
Cambodia,Soybeans,2011,2751,2002.9,1005.62,29.6
Cameroon,Sorghum,1993,4920,1305.6,424.77,23.25
Bangladesh,Soybeans,1993,3670,2120.9,6810.27,25.29
Malaysia,"Rice, paddy",1998,26639,2183.0,28394.23,25.16
Venezuela,Sweet potatoes,2013,52925,1848.5,1143.89,25.93
Togo,Yams,2004,33242,967.9,58.76,28.84
North Korea,Sweet potatoes,2011,25005,874.1,294.8,10.79
Italy,Wheat,1994,31993,956.7,40448.95,12.78
Chile,Soybeans,2002,9111,878.2,14874.6,13.84
Greece,Cassava,1992,28190,729.3,4716.54,13.18
Kenya,Yams,2011,34730,724.0,770.31,22.74
El Salvador,"Rice, paddy",1994,22347,1265.1,2998.62,23.36
Israel,Sweet potatoes,2010,168470,456.3,668.78,20.08
Kazakhstan,Soybeans,1990,4124,288.4,1450.8,4.65
Venezuela,Soybeans,2011,5559,1946.7,10282.05,23.77
Venezuela,Soybeans,1993,4266,1937.2,7546.69,26.25
Guinea,Sorghum,1996,2530,1551.6,60.73,23.87
El Salvador,Cassava,1995,59707,1801.5,1029.23,25.66
Peru,"Rice, paddy",1992,9940,1587.4,4681.88,19.03
Nigeria,Sorghum,2006,7806,1132.1,901.59,25.75
Panama,Potatoes,2006,19707,2672.4,1326.21,25.63
Czech Republic,Wheat,2004,13536,617.9,6711.27,8.82
Cambodia,Sorghum,2004,2721,1836.9,418.04,27.86
Venezuela,Cassava,2009,71197,1819.5,7686.94,26.77
United Kingdom,Plantains and others,1996,24129,948.2,7255.85,9.87
Egypt,Wheat,2009,27899,63.0,7597.67,20.93
France,Wheat,2012,39771,745.5,57931.96,12.84
Bolivia,Cassava,2006,40897,1051.3,884.74,19.19
Malaysia,Plantains and others,1990,15907,3036.6,9363.64,29.03
Iran,Cassava,2012,30227,260.5,5297.99,19.17
Ivory Coast,Sweet potatoes,2010,62307,1596.5,1020.7,25.95
Ecuador,Plantains and others,1998,32421,1979.5,4188.62,20.78
Algeria,Sorghum,2004,6060,98.2,1364.14,20.89
Indonesia,Soybeans,1994,4091,2754.1,11512.42,29.09
Senegal,Yams,2001,29717,521.0,44.97,26.74
Zambia,Yams,2000,35278,1065.8,164.31,24.44
Senegal,Maize,1998,19057,686.8,404.83,28.41
South Korea,"Rice, paddy",1999,17890,1223.1,18116.72,11.19
China,Sorghum,2009,6135,725.1,1145994.07,12.65
Portugal,Cassava,2005,39592,832.8,3311.08,13.99
Ukraine,Soybeans,2003,6059,431.6,8934.82,9.87
Finland,Soybeans,2011,9650,577.1,2113.84,1.21
Ireland,Potatoes,2008,175695,1154.5,1421.45,10.06
Thailand,Plantains and others,1999,71037,1328.9,15998.62,26.63
Chile,Wheat,2012,34091,553.6,14884.02,14.03
Netherlands,Wheat,1991,39210,774.3,3607.26,11.88
Malawi,Maize,2012,21511,979.1,501.47,22.27
Ivory Coast,Potatoes,2000,29914,1190.7,988.04,27.81
Mexico,Cassava,2008,57520,507.0,25381.8,20.62
Burundi,Potatoes,2005,63277,974.6,62.43,20.93
Algeria,Maize,1997,21429,125.1,2960.01,20.61
Kazakhstan,Sorghum,2012,3266,224.7,1185.93,9.53
Dominican Republic,Soybeans,1993,11532,1280.9,1625.25,26.56
Panama,Cassava,1997,18601,3341.8,1378.41,25.83
Netherlands,Soybeans,2004,12256,657.2,7178.68,10.56
Czech Republic,Sorghum,2011,7538,678.5,4108.73,8.09
Bolivia,Sorghum,2004,2651,1452.5,1214.4,19.29
Nicaragua,Plantains and others,1997,20721,2202.9,993.87,28.37
Mexico,Wheat,1994,25572,730.8,24812.51,21.54
Ghana,Cassava,1996,79942,1176.7,965.96,26.39
Czech Republic,Sorghum,2006,7098,579.3,5084.82,8.39
Turkey,Wheat,1999,34497,646.3,33607.7,15.78
Thailand,Soybeans,2011,13897,1475.9,21521.3,29.74
Guatemala,Plantains and others,1996,38469,1788.5,1690.81,22.11
Netherlands,Wheat,2009,17831,786.6,7940.27,7.47
Cameroon,Sweet potatoes,1996,44268,1435.2,402.9,25.8
Nepal,Sweet potatoes,2012,58261,1464.4,65.68,20.4
Burkina Faso,Maize,1995,15191,816.9,540.4,26.63
Czech Republic,Wheat,2005,23856,858.8,5555.35,11.85
Portugal,Cassava,2002,34244,788.4,3252.18,16.78
Sierra Leone,Soybeans,2013,1862,2648.0,190.72,28.31
Ivory Coast,Sorghum,1998,5340,1256.6,1050.4,25.83
Belgium,Soybeans,2011,13869,776.7,6037.84,11.89
Guatemala,Sorghum,1991,2475,2797.4,1177.83,23.49
South Korea,"Rice, paddy",2011,22461,1318.1,30593.32,12.84
Finland,Sweet potatoes,1993,41376,463.4,0,1.81
Myanmar,Yams,1992,24316,2071.8,529.07,27.83
Senegal,Yams,1998,33052,625.8,124.3,28.07
"Tanzania, United Republic of",Wheat,2006,8750,1051.3,1065.96,24.01
Afghanistan,Sweet potatoes,2004,23693,325.4,23.48,16.07
Sri Lanka,"Rice, paddy",2002,23257,2032.7,3948.72,27.39
Benin,Plantains and others,2000,27476,1044.7,246.98,26.25
"Tanzania, United Republic of",Sweet potatoes,1990,42318,1152.6,162.02,24.63
Belgium,Maize,2002,16638,1128.1,6146.67,10.21
Cambodia,Cassava,1992,37682,1821.0,155.55,27.76
Thailand,Sorghum,1994,4775,1763.8,3016.63,27.62
Italy,"Rice, paddy",2012,20477,1008.4,69738.6,14.5
Myanmar,Sorghum,1996,2493,2535.4,403.7,26.63
Costa Rica,Sorghum,1998,3263,2365.5,2752.92,23.42
South Africa,Wheat,2001,25895,446.0,8408.76,17.24
Nigeria,Soybeans,2004,9761,853.4,2405.88,27.77
Pakistan,Potatoes,2005,79716,507.4,13033.94,24.73
Mexico,"Rice, paddy",2008,23378,781.3,61059.06,21.77
Rwanda,Maize,2003,6808,1352.4,295.09,16.5
Cambodia,Plantains and others,1995,31894,2089.8,454.78,26.56
Benin,Plantains and others,2003,26822,1069.1,338.38,27.46
Algeria,Potatoes,1990,82630,65.8,2016.32,19.72
Ghana,Yams,2002,49432,958.7,770.33,25.52
Costa Rica,Sorghum,1991,3049,2864.3,2361.59,22.02
Mozambique,"Rice, paddy",1997,14656,845.8,723.07,25.14
"Congo, Democratic Republic of the",Sweet potatoes,2013,38326,1418.3,102.29,22.78
Cameroon,"Rice, paddy",2002,16644,1668.5,1365.59,24.16
Sri Lanka,"Rice, paddy",2008,28230,1830.6,4948.14,29.81
Indonesia,Soybeans,1997,5692,3072.2,16603.49,26.14
Myanmar,Wheat,1993,3292,2663.6,764.26,24.64
Ghana,Cassava,1992,45080,1473.5,667.76,26.9
Haiti,Potatoes,1996,23296,1391.3,88.47,25.33
India,Potatoes,1994,67024,1091.1,22704.43,25.27
Bolivia,Yams,1995,17577,1125.7,544.14,18.85
Sri Lanka,"Rice, paddy",2012,31105,1749.2,5361.54,26.34
Paraguay,Plantains and others,2001,40364,1049.0,7499.33,22.06
Sudan,Wheat,1992,4984,267.1,415.9,26.59
Morocco,Yams,1993,15250,285.9,2062.44,19.04
Haiti,Yams,2012,31760,1681.6,57.44,26.88
Ireland,Wheat,2013,18088,1151.1,2460.23,9.37
Niger,Sweet potatoes,2013,29791,240.7,141.14,27.79
Nicaragua,Yams,1992,10151,3345.4,446.79,24.97
Thailand,Yams,1996,54351,1831.6,4288.04,27.47
Hungary,Sorghum,1992,4885,638.6,3033.7,12.75
Sudan,Cassava,2007,22198,223.1,532.49,29.72
Ecuador,Sorghum,2013,3644,2659.7,6043.54,22.03
China,Yams,2012,32431,773.1,381560.1,12.16
Cameroon,"Rice, paddy",2009,26249,1624.8,1491.41,26.18
Paraguay,Sweet potatoes,1993,72142,1392.5,1095.67,20.22
Nigeria,Plantains and others,2009,36974,1299.5,1714.97,26.35
New Zealand,Cassava,1994,36214,1581.9,1127.21,10.0
Uruguay,Sweet potatoes,1996,120874,1538.5,1632.21,19.68
Benin,Sweet potatoes,2002,32261,1509.5,138.18,28.04
Togo,Potatoes,1996,26068,1305.5,105.24,25.41
Ecuador,Sorghum,2008,4093,2591.6,4441.62,22.82
Dominican Republic,Plantains and others,2010,41707,1722.7,1870.6,26.12
Ethiopia,Maize,2007,18162,896.5,1597.88,24.78
Honduras,Sweet potatoes,1995,28976,1859.7,1032.58,24.35
Iran,"Rice, paddy",1999,3820,199.1,12294.24,19.62
India,Plantains and others,1995,37978,1087.8,15795.33,25.42
Venezuela,Maize,2011,21302,1583.0,12497.11,25.5
Niger,Cassava,2009,24057,236.5,86.82,25.85
Germany,Maize,2000,16486,728.7,30087.38,11.24
Benin,Cassava,1993,45854,988.7,43.42,28.42
Senegal,Maize,2012,20930,852.4,600.71,24.3
Guinea,"Rice, paddy",1995,14326,1613.8,324.14,24.04
Hungary,"Rice, paddy",1999,11186,615.7,11318.99,10.6
Chad,Plantains and others,2004,8768,427.9,88.09,25.94
Mali,Yams,1991,23729,399.9,117.44,27.94
"Tanzania, United Republic of",Sweet potatoes,2000,79378,1099.7,354.91,22.66
Venezuela,Plantains and others,2007,39331,2065.4,6425.67,27.25
Canada,Sorghum,2003,7369,495.8,33077.68,5.71
Thailand,Sorghum,2003,6348,1552.5,6955.72,25.18
Myanmar,Wheat,2005,1655,2608.7,1012.84,27.47
Saudi Arabia,Yams,1990,27801,58.5,1293.77,28.49
Togo,Yams,2009,33985,936.6,93.55,27.65
Japan,Soybeans,1995,4481,1810.1,33639.47,15.04
Italy,"Rice, paddy",2002,14330,940.6,47363.06,13.24
El Salvador,Sorghum,2008,8184,1123.4,1858.19,25.29
Cuba,Maize,2008,27832,1280.3,3663.19,23.0
South Korea,Yams,1993,34679,1645.8,9925.1,14.01
Cuba,Plantains and others,1990,39398,1351.6,1169.06,28.22
Sudan,Yams,2013,30402,267.7,221.66,29.85
Mozambique,Yams,1991,26295,1257.3,39.54,25.1
Canada,Sorghum,1996,6722,541.8,35548.77,5.73
Paraguay,Cassava,1995,88346,1337.2,3230.85,21.05
Sweden,Soybeans,1999,7874,422.4,2032.99,5.29
Hungary,Plantains and others,1995,12067,626.0,4103.12,11.2
North Korea,Plantains and others,1994,8681,813.1,535.19,9.42
Hungary,Sorghum,1991,4977,561.3,391.09,9.54
Chile,Maize,2012,19848,658.7,18149.2,9.8
Togo,Yams,2011,28425,1409.3,65.44,25.55
United States of America,Plantains and others,2006,24992,903.3,164125.53,11.2
Finland,Soybeans,1994,6356,351.4,1033.22,1.73
Uganda,Yams,2009,25957,1425.1,282.64,20.66
Thailand,Yams,2008,61678,1740.3,10810.62,27.76
Haiti,Yams,1990,28371,1167.8,27.21,25.96
Pakistan,Potatoes,1996,74181,519.5,10694.59,24.05
Germany,Sorghum,1991,6887,580.8,11067.23,9.65
Paraguay,Sweet potatoes,1996,103182,1340.1,823.34,22.64
Costa Rica,Plantains and others,2003,15088,3339.4,3533.07,24.33
South Africa,Maize,2004,21804,551.7,12766.51,16.62
Angola,Potatoes,2012,47731,875.2,377.34,23.69
Ukraine,Sorghum,2001,4211,543.6,5309.19,8.81
Uganda,Soybeans,1999,8168,1189.3,341.56,23.08
El Salvador,Plantains and others,2000,35546,2064.8,1930.05,23.96
Chile,"Rice, paddy",1991,13221,967.2,12926.49,15.73
France,Soybeans,1992,8900,933.5,30463.07,11.39
El Salvador,Maize,2013,11654,1916.2,4168.18,25.26
Ecuador,Yams,2008,13121,2460.8,3611.01,21.09
Kenya,"Rice, paddy",2000,18250,725.4,2585.55,24.82
Philippines,Yams,2011,24446,2235.7,3899.1,29.54
Togo,Yams,2006,32620,1281.9,44.92,26.59
Canada,Sorghum,2008,6778,548.4,41257.57,0.68
Bangladesh,Plantains and others,1996,22438,2466.9,3146.32,24.86
Senegal,Yams,2006,32119,635.2,215.52,30.2
Burkina Faso,Wheat,2007,3949,698.8,509.53,30.29
Cuba,Yams,1998,51084,1408.7,1334.98,27.4
Paraguay,Plantains and others,2004,56143,1331.6,8425.75,21.34
Russia,Potatoes,1993,43600,462.9,6720.88,4.32
Cameroon,Soybeans,1997,7596,1347.1,1010.53,24.5
Ireland,Potatoes,1999,178871,1282.2,1555.46,11.09
Saudi Arabia,"Rice, paddy",2000,10941,55.9,4031.79,27.02
Bangladesh,Sweet potatoes,2010,24966,2589.0,4681.07,27.25
Myanmar,Wheat,2012,4040,2494.6,1399.42,25.17
Cameroon,Sorghum,2001,3888,1524.2,582.49,25.03
Burundi,Soybeans,2012,7212,976.5,80.47,21.86
Dominican Republic,Sorghum,2000,5584,1427.9,1027.92,26.69
Vietnam,Maize,2013,12864,2072.4,47401.38,26.99
Argentina,Sorghum,1994,4911,743.9,39304.1,16.79
Zambia,Yams,2012,44217,1014.5,197.94,23.31
Haiti,Yams,2006,33558,1251.8,40.39,29.68
Belgium,"Rice, paddy",2003,18363,991.5,6210.1,8.23
Angola,Cassava,2000,39261,1005.9,98.09,21.26
Colombia,Sorghum,2002,3905,3447.1,9382.88,24.23
Panama,Yams,1990,15027,2808.3,344.02,29.1
Vietnam,Maize,2011,31927,1504.2,38812.35,24.67
New Zealand,Sorghum,2004,1912,1788.9,1549.86,12.68
Mali,"Rice, paddy",2009,7908,329.3,477.27,28.07
Afghanistan,Cassava,1993,7076,304.5,28.36,14.58
Kenya,Wheat,1994,9436,681.1,1141.42,23.38
Canada,Sweet potatoes,1993,54061,571.5,12831.73,5.09
Venezuela,Maize,1997,9002,2069.9,9232.81,25.57
India,Plantains and others,2007,45036,1140.0,34507.7,21.38
Israel,Potatoes,2006,299211,418.9,2157.06,20.16
Burkina Faso,Maize,2013,20958,652.5,804.93,26.91
Egypt,Cassava,1993,31605,49.1,2828.18,23.19
Iraq,"Rice, paddy",2001,5527,189.9,2633.63,22.58
Cambodia,Yams,2008,37041,1854.4,150.64,26.05
Guatemala,Potatoes,2004,22617,1956.8,2556.7,22.69
Germany,Maize,1992,17696,667.9,22109.69,9.02
Uganda,Plantains and others,2009,28878,1155.2,263.59,22.92
Egypt,Maize,1997,28662,55.4,5763.23,23.36
Ghana,Yams,2012,50619,1261.5,607.22,25.96
Cameroon,Yams,1995,22831,1875.6,343.14,27.65
Haiti,Potatoes,1991,19072,1303.3,77.53,25.81
Greece,Yams,1993,27296,726.9,3011.59,15.63
Jamaica,Maize,1998,9715,1941.8,697.28,25.2
Japan,Wheat,2008,13001,1818.5,34329.25,15.08
Zimbabwe,Sorghum,2000,5322,542.4,525.53,20.13
Ivory Coast,Sorghum,2009,6601,1373.5,1400.77,24.97
"Tanzania, United Republic of",Maize,2000,20701,784.3,1080.93,24.45
Guinea,Sorghum,1995,1677,1585.0,89.96,25.47
Uzbekistan,Cassava,2003,11676,210.1,3223.22,16.32
Spain,Soybeans,2002,8273,711.2,29786.62,13.78
Iraq,"Rice, paddy",1994,4910,207.6,2410.36,22.95
Philippines,Plantains and others,2004,41949,1975.1,2227.98,26.78
Indonesia,Cassava,2002,30597,2672.2,7376.61,24.07
Sudan,"Rice, paddy",2009,6806,267.9,1604.06,26.8
Ghana,Sorghum,1997,7087,1018.6,880.68,27.24
China,Sorghum,1996,4492,764.9,671043.83,12.1
Colombia,Sorghum,2010,2507,2529.2,10999.62,21.28
"Congo, Democratic Republic of the",Wheat,2001,3522,1553.1,166.56,24.97
Afghanistan,Soybeans,1999,2218,311.5,158.94,15.09
Jamaica,Soybeans,1999,6485,1681.6,643.28,26.6
Dominican Republic,Plantains and others,2004,50556,1444.8,1800.01,26.04
Cameroon,Yams,1993,32255,1450.0,0,25.05
Madagascar,"Rice, paddy",1996,9813,1918.9,298.47,22.28
Nigeria,Plantains and others,2001,24442,1024.0,1157.76,27.26
Pakistan,Plantains and others,2013,28987,514.3,14445.0,25.32
Chad,"Rice, paddy",2001,6382,395.3,161.32,26.63
Morocco,Cassava,1998,23058,360.4,1423.65,18.05
Sudan,Cassava,2006,28061,239.5,515.53,28.16
Argentina,Sorghum,2003,7006,644.6,71161.95,18.18
New Zealand,Wheat,1993,22596,1436.5,2262.33,13.01
Benin,Sweet potatoes,1996,54202,1066.9,132.34,27.91
Saudi Arabia,Cassava,2006,29873,62.1,1756.77,27.89
South Africa,Cassava,2011,29480,619.0,6267.48,17.07
Chad,"Rice, paddy",2005,8204,466.2,183.31,27.96
Ireland,Sweet potatoes,1998,59874,1182.0,218.44,8.82
Dominican Republic,"Rice, paddy",2001,26066,1675.4,2566.7,25.24
Austria,Potatoes,2008,131140,935.7,2981.35,8.41
Malawi,Maize,2013,22257,1057.5,492.25,20.53
Cameroon,Soybeans,1991,6365,1640.9,443.55,24.62
Myanmar,Yams,1999,12038,2890.2,380.31,28.4
Ecuador,Maize,2004,18559,1608.1,7580.71,20.58
Colombia,Cassava,1993,23955,3021.9,6870.02,23.82
Niger,Wheat,1996,2801,342.8,183.4,30.07
Mozambique,Potatoes,2001,30294,1131.5,432.32,25.87
Jamaica,Sweet potatoes,1995,20490,2125.0,31.82,29.28
Benin,Sorghum,2001,3421,1099.8,210.91,28.31
Argentina,Maize,1999,35260,579.7,85004.05,18.4
Kenya,Wheat,2010,16163,522.9,2394.49,22.91
Austria,Potatoes,2004,99121,973.8,2811.51,7.89
Argentina,Potatoes,2002,217536,454.8,113511.85,20.09
Afghanistan,Sweet potatoes,1995,14712,286.2,23.53,15.36
Colombia,Sorghum,1998,4638,3516.6,8812.55,24.32
North Korea,Plantains and others,1992,6395,909.6,197.04,9.76
Egypt,Wheat,2006,23906,58.9,6812.68,21.72
Portugal,Wheat,1992,30388,861.2,3530.47,18.44
Ethiopia,Plantains and others,2003,30959,1109.0,802.9,24.11
Uruguay,Sweet potatoes,1994,103100,1365.5,3992.65,17.86
"Tanzania, United Republic of",Wheat,2012,6579,1246.9,1715.27,25.97
Ghana,Cassava,1991,67292,1196.1,651.96,26.54
Romania,Yams,2006,24847,620.5,3686.78,10.17
Netherlands,Wheat,1996,31992,665.9,4905.48,10.26
Argentina,"Rice, paddy",2001,8509,507.6,160088.43,17.19
Nicaragua,Yams,1996,11914,2398.4,573.54,26.38
Hungary,Maize,2007,24462,686.8,10895.05,11.6
Mozambique,Plantains and others,2007,28002,1124.7,449.95,25.13
Finland,Soybeans,1999,8781,376.1,1150.21,4.45
"Congo, Democratic Republic of the",Sorghum,2005,3472,1220.7,126.83,23.7
Belgium,Sweet potatoes,2011,64064,489.6,1610.01,11.68
Hungary,Maize,2002,18414,585.3,9929.62,10.16
Paraguay,Cassava,2003,100992,1514.8,3436.88,24.38
Honduras,Plantains and others,2005,30269,2076.3,1659.33,26.79
Vietnam,Maize,2010,33786,1504.2,38680.53,25.87
South Africa,Soybeans,2006,13459,555.3,9339.14,17.19
Italy,Cassava,1992,42791,923.2,26443.89,13.99
Cambodia,Sorghum,2013,4027,1559.7,466.43,25.56
North Korea,Sweet potatoes,1990,18941,1062.7,127.44,10.08
Iran,"Rice, paddy",2011,3710,218.2,17738.78,18.23
Saudi Arabia,"Rice, paddy",1997,10281,54.2,3612.56,25.67
Panama,Potatoes,2005,13155,3000.4,1565.76,27.87
Morocco,Wheat,1990,18460,366.7,2299.45,14.87
Togo,Soybeans,2012,6869,1169.9,271.91,26.19
Austria,Wheat,1990,9856,1165.4,1848.75,7.8
"Tanzania, United Republic of",Yams,1996,38639,1169.1,46.61,24.5
Chad,Plantains and others,2013,8699,392.6,104.47,28.27
Philippines,Yams,1994,16871,2710.3,1976.52,29.11
Senegal,Cassava,2002,56461,864.8,173.79,27.93
Togo,Plantains and others,1996,24281,1055.4,31.57,23.57
Chile,Soybeans,2003,5637,553.6,13273.04,11.67
Venezuela,Maize,1995,8292,2047.8,10567.17,24.39
Guinea,Cassava,2009,34091,1780.8,81.92,24.77
Spain,Maize,1999,20888,695.1,34881.39,12.87
China,Potatoes,2012,326228,649.0,1256195.96,15.27
Brazil,Yams,2006,79008,1773.9,146713.69,26.9
Burundi,Plantains and others,2002,10572,1438.7,52.23,17.52
Belgium,"Rice, paddy",1991,17746,798.3,3663.1,9.16
Colombia,Potatoes,1990,55519,1741.6,16372.93,23.12
Italy,Sorghum,1996,5872,856.4,28829.71,14.29
Turkey,Wheat,2009,25793,725.2,39303.52,12.51
Uzbekistan,Maize,1998,6380,248.9,5874.65,14.33
Afghanistan,Soybeans,1995,4055,389.6,101.81,16.35
Togo,Yams,2007,34242,1019.6,54.11,27.46
North Korea,Sweet potatoes,2012,24693,1085.8,321.79,9.03
Bolivia,Cassava,2004,29011,1227.0,1636.52,19.3
Philippines,Sorghum,2003,3120,2273.2,2224.83,25.16
Cambodia,Soybeans,2013,12487,1179.1,1003.47,27.08
Guinea,Maize,2000,20602,1274.2,286.95,23.55
Senegal,Potatoes,2013,36363,769.2,563.28,26.0
Kenya,Potatoes,1996,58569,731.9,1022.44,24.01
Cameroon,Soybeans,2011,10934,1412.0,1375.49,25.0
Pakistan,Plantains and others,2008,25326,494.4,14494.52,25.98
Malawi,Maize,2006,17581,1335.9,413.46,23.22
Sierra Leone,Wheat,1999,1050,2329.7,107.21,26.42
Algeria,Plantains and others,2005,7230,89.6,2825.42,21.83
El Salvador,Maize,1992,17527,1601.7,2029.26,25.17
South Africa,Plantains and others,2006,13497,440.6,6662.24,18.21
Jamaica,"Rice, paddy",2012,20679,2174.1,1173.73,24.74
Uruguay,Yams,1991,26971,878.7,1453.6,11.29
Sri Lanka,Soybeans,2003,5561,1824.7,2603.96,27.51
Colombia,Plantains and others,2000,44752,2259.8,10531.98,23.69
Ecuador,Soybeans,1996,6630,1836.1,6781.56,22.36
Haiti,Soybeans,1993,6687,1067.7,84.77,28.37
Bolivia,Potatoes,1991,113314,706.4,825.46,19.03
Paraguay,Sweet potatoes,1998,90978,1297.3,2189.42,22.71
Norway,Sweet potatoes,2001,59008,1223.7,459.97,4.13
Finland,Sweet potatoes,2005,51309,557.6,655.66,5.18
Egypt,"Rice, paddy",2005,10977,32.5,10564.53,24.13
"Congo, Democratic Republic of the",Maize,2002,8170,1715.2,189.15,23.5
Uzbekistan,Soybeans,2009,4504,233.7,7188.31,13.2
Ethiopia,Plantains and others,2010,23040,868.7,999.76,22.47
Austria,Potatoes,2003,175598,1031.9,2930.08,9.7
Guatemala,Plantains and others,1993,43895,1785.0,1335.83,25.65
Guinea,Sorghum,2013,2821,1463.8,191.37,25.84
Nigeria,Sweet potatoes,1996,55359,1000.6,172.53,28.66
Peru,Sweet potatoes,1996,55926,1707.5,1536.4,20.42
Zimbabwe,Sorghum,2002,4339,683.0,510.31,19.79
Ghana,Maize,2010,24969,1227.9,2703.2,25.83
Uzbekistan,Cassava,1999,10510,198.0,2757.88,15.79
France,Soybeans,1996,10249,696.9,34559.67,13.08
"Congo, Democratic Republic of the",Sorghum,2011,3085,1412.6,185.05,24.84
Ecuador,Soybeans,1997,4956,1906.0,6695.09,20.14
Ghana,Maize,2011,25878,959.3,2302.28,27.1
Ireland,Sweet potatoes,1990,48915,1224.4,278.17,5.73
Ethiopia,Potatoes,2006,69926,909.0,1150.82,22.86
Chile,Sorghum,1990,3829,652.8,5385.73,15.99
Mali,Maize,2006,13796,363.1,397.37,27.91
United Kingdom,Sweet potatoes,2011,72766,1172.7,5497.19,10.11
Madagascar,Cassava,2006,45799,1566.9,184.94,26.03
South Africa,Maize,2002,17659,545.6,11041.12,17.49
Sudan,Cassava,2005,33216,295.3,468.03,29.02
Cambodia,Sorghum,2008,4602,1426.1,461.43,27.98
Mali,Potatoes,2004,20792,312.9,188.53,26.7
Spain,Wheat,1994,34859,637.6,20622.68,15.35
Argentina,Wheat,1992,32761,637.0,104008.47,17.0
India,Cassava,1995,69111,1607.3,9990.22,23.84
New Zealand,Soybeans,2000,7175,1221.1,3641.8,12.94
Japan,Sorghum,2013,2778,1793.1,35615.13,16.88
Uganda,Yams,2001,31521,1570.4,32.16,24.53
Zimbabwe,Wheat,2001,15198,616.3,1054.47,21.06
Chad,Cassava,1990,24442,406.5,54.09,27.76
North Korea,Sweet potatoes,1998,19249,1146.4,195.52,11.25
Italy,Sorghum,2011,5712,855.3,30367.9,13.26
Ireland,Potatoes,2002,238895,1057.2,1684.87,11.3
Mozambique,Sorghum,1997,5197,986.7,246.19,27.44
Brazil,Plantains and others,2002,79283,1564.7,123042.96,26.79
Ecuador,Wheat,1994,6276,2295.1,4183.22,20.56
El Salvador,Sweet potatoes,2003,46861,1655.4,1052.63,22.43
Myanmar,"Rice, paddy",1994,18229,1917.4,1118.58,27.98
Canada,Soybeans,2010,10464,535.1,81216.24,5.88
South Korea,Wheat,2011,36979,1079.8,19418.99,13.39
France,Soybeans,2005,12207,733.5,57198.62,14.69
Nicaragua,Sorghum,2013,3025,2363.3,1080.8,27.67
Czech Republic,Sweet potatoes,1995,39673,670.7,1271.96,8.87
Malaysia,Plantains and others,1996,39137,2301.1,10120.21,23.59
Iraq,Sweet potatoes,2008,55571,153.3,891.95,22.06
Ecuador,Wheat,1995,13854,1493.1,4817.48,22.02
Spain,Potatoes,2003,284006,615.1,21987.31,15.29
Netherlands,Potatoes,1995,215914,711.6,4527.5,9.52
Angola,"Rice, paddy",2008,14043,782.7,488.41,24.9
Thailand,Wheat,2002,6120,1537.5,16752.85,26.79
Iran,Yams,2002,11585,228.5,4004.17,16.41
Ecuador,Maize,2008,13467,1924.7,9354.52,23.36
Angola,Sorghum,2012,3685,1218.6,270.03,21.15
Argentina,Wheat,1991,31017,713.9,72510.65,16.05
Guinea,Wheat,2008,2998,1719.2,277.48,25.24
Colombia,Cassava,2007,35917,2775.0,12392.87,25.02
Zambia,Plantains and others,2000,20915,1014.0,391.73,21.92
Ghana,Sweet potatoes,2012,81225,1264.0,900.61,26.07
Mali,Cassava,2004,29949,357.4,110.22,29.58
Argentina,Wheat,1990,31319,638.4,93485.8,14.48
Jamaica,Sweet potatoes,1998,49729,1745.0,189.07,26.71
Bolivia,Cassava,1997,35554,1144.8,716.17,20.21
Nicaragua,Sorghum,2005,2589,1838.7,835.64,26.43
Nepal,Sweet potatoes,2004,41966,1558.1,41.53,18.54
Bolivia,"Rice, paddy",1990,10963,1354.6,1152.85,20.76
Honduras,Sorghum,2001,2656,1839.7,1022.5,25.0
Mali,Maize,1995,13593,432.2,260.36,30.37
Hungary,Yams,2012,25352,670.7,4059.43,13.09
Uganda,Yams,2011,37130,1334.3,160.69,23.69
New Zealand,Sweet potatoes,1990,32455,1784.9,802.22,12.83
France,Wheat,2001,37851,1097.3,48578.38,12.32
Ghana,Sorghum,2000,7281,1186.3,750.06,25.35
Netherlands,Sorghum,1997,8546,634.3,4907.24,10.65
Zimbabwe,Maize,2007,18792,720.3,1534.59,22.37
Israel,Cassava,2002,99756,473.3,1066.65,20.74
Uruguay,Sweet potatoes,2004,86390,1134.4,2461.81,17.42
Morocco,Potatoes,1999,139919,275.2,4232.09,17.14
Turkey,Wheat,1994,20098,687.9,31102.11,13.08
Ethiopia,Plantains and others,1990,8197,417.9,934.15,20.55
Israel,Soybeans,2003,18551,514.5,2671.83,18.47
"Congo, Democratic Republic of the",Sweet potatoes,1995,36778,1217.9,88.89,24.98
Jamaica,Cassava,1997,18316,2408.9,302.05,24.74
El Salvador,Plantains and others,2003,40689,1657.7,1513.01,26.94
Colombia,Potatoes,2000,23379,2135.9,14902.36,25.59
Indonesia,Potatoes,2007,12974,2887.0,16161.79,26.76
Ukraine,Soybeans,2009,6215,453.6,12200.36,8.79
United Kingdom,Sweet potatoes,2006,53160,1297.0,6043.63,9.66
El Salvador,Cassava,1996,45987,2079.7,941.85,24.05
Zambia,Yams,1998,19667,1007.5,271.42,20.45
Portugal,Plantains and others,2005,14385,839.6,3065.38,16.07
India,"Rice, paddy",1992,26901,1174.3,34612.49,24.96
Pakistan,Potatoes,1994,74802,587.5,11336.27,24.75
South Africa,Sweet potatoes,2001,84295,527.6,1217.19,16.9
Ireland,Yams,2005,48558,1122.6,558.16,10.73
Portugal,Maize,1998,20771,663.5,5174.38,16.6
Indonesia,Potatoes,1997,14933,2142.1,7924.78,27.63
Burkina Faso,Sorghum,1993,6020,652.8,199.78,27.25
Ecuador,Sorghum,2000,2372,1906.0,4951.83,23.8
Hungary,Sorghum,2004,5054,462.0,2932.35,9.84
United States of America,Plantains and others,2013,16553,539.1,214682.59,10.57
Malaysia,Sorghum,1995,4305,2828.3,5234.64,26.49
Niger,Potatoes,2003,15233,259.6,204.54,28.54
Jamaica,Cassava,2000,34268,2170.8,157.44,28.1
Chile,Wheat,2009,22577,832.4,16294.76,13.99
Philippines,Maize,2012,10866,2468.7,6652.38,28.65
Morocco,Plantains and others,1993,11002,383.8,2647.92,20.43
Panama,Yams,2000,16070,2783.4,656.08,26.35
Iran,Cassava,2001,16826,216.8,4333.25,16.65
Laos,"Rice, paddy",2008,14596,1502.8,410.78,24.03
Saudi Arabia,Cassava,1992,34648,58.8,1141.94,24.9
Ghana,Sorghum,1996,6587,1213.5,815.12,26.91
Paraguay,Sweet potatoes,2012,129922,1135.3,3233.88,21.96
Uzbekistan,Cassava,2000,12012,187.2,2655.25,14.95
Burundi,Yams,2003,19610,902.7,19.22,21.69
Italy,Wheat,2012,41176,910.0,38164.25,13.99
Paraguay,Maize,2007,43236,1277.8,12709.36,21.59
Kazakhstan,Sweet potatoes,1998,23593,258.8,80.15,7.93
Zambia,Yams,2008,39489,1037.8,280.57,22.66
India,Sorghum,2012,8530,1211.3,29242.7,25.29
Malaysia,Plantains and others,2009,19947,2621.5,16801.64,29.8
Kazakhstan,Sorghum,1995,2676,298.2,1034.11,7.82
Nicaragua,Plantains and others,2007,10787,3108.1,1000.63,26.16
Saudi Arabia,Soybeans,1993,13743,52.6,2882.41,26.21
Guatemala,Soybeans,1996,4621,2143.8,2767.52,24.69
Mozambique,Yams,2007,34994,835.7,253.59,24.94
Burundi,Wheat,1990,6134,1495.8,36.7,21.47
China,Sorghum,1998,6103,564.4,496125.79,13.04
Niger,Yams,1992,15031,232.2,67.83,27.89
Haiti,Yams,1992,28925,1263.5,46.8,24.57
Canada,Sorghum,2006,7112,528.9,22842.99,4.57
Mexico,"Rice, paddy",2007,36152,715.6,52615.87,24.26
Afghanistan,Wheat,2001,7642,314.9,147.68,18.04
Bangladesh,Plantains and others,2009,23744,2483.3,9568.92,26.77
Laos,"Rice, paddy",2000,10696,2073.6,313.67,25.62
Iraq,Maize,1992,20711,215.1,1078.35,24.93
North Korea,Soybeans,2003,3427,870.8,555.56,8.83
Ethiopia,Potatoes,2007,75018,1046.1,1541.69,20.66
Ecuador,Sorghum,1996,2272,2095.8,3013.56,22.22
Brazil,Yams,1997,36504,2102.5,28857.16,22.93
Brazil,Sorghum,1993,4049,1893.1,83695.76,24.89
"Congo, Democratic Republic of the",Wheat,1999,2291,1233.9,153.91,27.38
South Korea,Soybeans,1994,7905,1048.5,16922.99,14.12
France,Sorghum,2002,8671,681.2,24673.68,14.04
Turkey,Sorghum,1995,4533,575.4,15255.04,12.5
Romania,Plantains and others,2002,8415,442.9,5088.0,10.73
Finland,Sweet potatoes,2007,53733,516.2,611.61,1.97
El Salvador,Plantains and others,2002,32294,1929.8,1864.04,23.93
Mozambique,Potatoes,1997,44477,925.7,302.85,24.02
Chile,Sorghum,2010,4733,665.1,10628.3,11.95
Togo,"Rice, paddy",2008,16282,1170.7,344.81,28.22
France,Soybeans,1997,10492,788.0,40796.4,10.95
Ecuador,Yams,2000,31470,1957.4,1147.18,24.89
Angola,Cassava,2005,44953,982.1,102.76,22.58
Senegal,Sorghum,2005,8013,739.5,343.49,28.28
Cameroon,"Rice, paddy",1992,20718,1388.7,1265.2,25.67
Sierra Leone,Soybeans,1990,1989,3182.6,65.11,26.06
Malawi,Sweet potatoes,2009,41049,1594.2,63.63,20.64
Egypt,Cassava,2003,35701,58.0,2330.67,25.76
India,Sorghum,2001,8051,963.1,22267.92,22.44
Belgium,Sweet potatoes,2007,56074,875.7,1337.62,9.6
Jamaica,Wheat,2013,2913,2450.3,843.0,26.4
Italy,Maize,2003,24888,708.0,46419.63,11.74
Egypt,Plantains and others,2003,16029,61.2,4611.62,24.6
Bolivia,Sorghum,1995,4952,1210.2,1516.04,23.67
Burundi,Yams,2011,15731,1592.4,35.52,19.74
Bolivia,"Rice, paddy",2008,14006,1297.0,3146.58,20.18
New Zealand,Wheat,2013,10515,1826.5,3216.28,11.78
Angola,Soybeans,2004,5523,871.9,334.16,21.87
Kenya,Sorghum,1995,7073,617.8,1056.28,24.35
Cambodia,"Rice, paddy",2004,20661,1955.6,850.22,25.14
Zambia,Plantains and others,2011,14856,797.8,704.41,19.51
Costa Rica,Sorghum,1994,3320,3323.3,2933.99,28.02
Nigeria,Sweet potatoes,2008,61611,1460.9,555.23,24.48
Togo,Soybeans,2005,6307,1444.0,199.15,27.4
Bolivia,"Rice, paddy",2003,11324,1081.8,2813.23,19.95
South Korea,Maize,1996,19022,1124.5,17799.27,11.11
France,Sorghum,1999,6535,853.8,20571.57,12.7
Canada,Sweet potatoes,1994,62356,567.5,26402.13,3.66
Guatemala,Plantains and others,2006,27737,2275.7,2339.0,25.38
Mexico,Plantains and others,2010,43753,851.7,24852.98,22.12
New Zealand,Soybeans,1991,2796,2345.2,2618.37,12.33
Sierra Leone,Sweet potatoes,2000,12828,2285.3,10.46,27.8
Thailand,Yams,1999,77118,1331.0,10720.3,26.92
Pakistan,Maize,1997,27859,409.1,17652.64,23.83
Venezuela,Plantains and others,2012,47751,2197.5,8043.64,25.03
Bolivia,Potatoes,2013,81174,1239.1,1774.62,22.27
Morocco,Soybeans,2009,12558,418.5,5998.73,17.34
Cuba,Sweet potatoes,2005,75059,1352.0,741.46,26.96
Haiti,Plantains and others,1996,28954,1395.6,71.93,25.11
Pakistan,Plantains and others,2005,24957,457.4,11739.52,24.61
El Salvador,Yams,1993,51714,1539.1,229.67,26.18
Iraq,Plantains and others,2005,9332,198.3,989.22,23.23
Panama,Sorghum,1994,2901,3275.3,657.99,25.88
Kazakhstan,Potatoes,2013,40210,187.6,1875.47,5.2
Iran,Soybeans,1991,12135,206.0,8329.46,19.22
Myanmar,Yams,2011,17072,2270.8,542.04,27.66
Philippines,Plantains and others,2008,27183,2333.5,5137.09,30.16
Peru,"Rice, paddy",2005,6768,1916.3,8123.65,17.05
Mozambique,Potatoes,2003,57538,1210.4,532.18,23.44
Greece,Maize,2007,40329,624.2,8984.25,18.75
Morocco,Yams,1990,12480,330.2,2140.75,17.63
Hungary,Sorghum,2002,6344,562.9,2855.5,10.14
Panama,Yams,1993,14591,3179.3,468.74,23.71
United States of America,Soybeans,1990,8453,590.4,149331.57,11.58
Colombia,Yams,2002,22599,2658.6,9282.35,24.62
Turkey,Cassava,1994,28701,575.5,15145.68,14.1
Turkey,Cassava,1999,25998,554.8,7226.88,13.43
Bolivia,Sweet potatoes,2013,81318,801.9,1010.34,20.78
Malaysia,"Rice, paddy",2009,17307,2555.3,34378.33,27.73
Cuba,Sweet potatoes,1992,83261,1069.8,534.54,25.95
Mali,Wheat,2007,3491,405.5,344.36,29.81
Peru,Maize,2002,18805,1685.8,6308.33,20.71
Thailand,"Rice, paddy",1991,35684,1505.6,24574.79,26.3
Mexico,"Rice, paddy",2005,20723,798.6,55402.2,22.29
Sudan,Yams,1993,16356,286.3,243.94,26.79
Brazil,Plantains and others,1991,49478,2136.9,68109.31,24.33
New Zealand,Sweet potatoes,2013,47109,1519.9,2053.95,14.95
Myanmar,Cassava,2006,15936,2917.7,655.88,28.56
Malaysia,Plantains and others,2011,19212,2827.8,15892.59,28.22
New Zealand,Potatoes,1997,166930,1631.3,1363.24,14.19
Pakistan,Maize,1992,24849,519.0,14667.72,25.39
Uzbekistan,"Rice, paddy",2008,2593,227.8,8727.17,12.96
Burundi,"Rice, paddy",2009,6672,1202.6,112.56,19.86
Ireland,Yams,1992,42963,1180.1,1167.2,9.84
Jamaica,Wheat,1991,3615,1913.5,304.29,24.58
Afghanistan,Sweet potatoes,1994,11069,366.6,66.39,13.69
Colombia,Sorghum,2008,3760,3368.7,13642.37,22.69
Mozambique,Yams,1999,22673,1296.9,228.28,26.66
Colombia,Sorghum,1995,2886,2939.5,9649.26,24.84
Iraq,Sweet potatoes,2009,72529,219.3,1427.79,24.37
Thailand,Sorghum,1999,4320,1779.1,10649.67,28.63
Jamaica,"Rice, paddy",1992,12456,2164.7,604.63,27.52
Belgium,"Rice, paddy",2006,21897,915.7,6925.4,10.9
Dominican Republic,Soybeans,2001,11672,1407.1,1765.04,27.43
Senegal,Maize,1997,19134,807.5,476.93,26.44
Israel,Soybeans,2009,44884,469.7,4120.17,23.87
Australia,Plantains and others,2010,39178,472.0,27034.83,21.46
"Congo, Democratic Republic of the",Plantains and others,2009,19924,1529.9,189.86,23.83
"Tanzania, United Republic of",Wheat,1993,9936,1185.6,981.01,23.32
India,Cassava,2007,93792,936.8,30363.26,26.54
Cambodia,Yams,2006,27601,1927.5,273.77,26.73
Nigeria,Sweet potatoes,2000,51429,1307.1,704.35,28.93
Burundi,Soybeans,2000,7808,1178.7,59.77,22.06
Senegal,Cassava,2007,43520,796.0,262.12,28.63
Israel,Soybeans,2010,25864,416.7,3541.33,19.22
Japan,Soybeans,1996,7743,1925.8,23442.61,17.17
Dominican Republic,Sorghum,2005,4516,1462.6,942.8,27.91
Ireland,Potatoes,1992,151393,1382.7,953.82,11.09
Thailand,Soybeans,1991,6391,1847.2,16788.92,28.17
Finland,Sweet potatoes,2003,47411,517.5,416.36,4.47
South Korea,"Rice, paddy",2010,21196,1375.2,29999.6,12.73
North Korea,Soybeans,2000,3350,972.9,746.33,11.35
Ivory Coast,Sweet potatoes,2003,49379,1263.6,420.78,29.21
Afghanistan,Yams,2012,6457,301.8,44.88,15.67
Cameroon,Sweet potatoes,1990,40394,1478.4,72.31,23.69
Mexico,Cassava,2003,51550,615.3,10568.48,20.14
Guatemala,Sorghum,2001,1998,1694.1,2213.26,25.1
Russia,Maize,2006,11133,571.0,26552.97,4.47
Bangladesh,Sorghum,1994,3556,2124.7,7074.46,24.76
Ghana,Maize,1993,17928,1453.3,1470.51,24.63
Ireland,Sweet potatoes,2013,63376,1374.2,805.18,10.03
Peru,Sorghum,2007,1263,1891.2,2651.49,16.7
Ghana,Maize,2000,25460,1294.5,1565.25,25.48
Iraq,Soybeans,2001,8935,171.5,2132.47,20.48
Jamaica,Plantains and others,1996,29473,1894.0,423.59,25.48
Japan,Wheat,2011,32312,1345.5,44946.29,13.49
Spain,Wheat,2002,34451,616.5,19774.03,13.8
Zambia,Yams,1997,31022,1235.7,146.89,23.79
New Zealand,Cassava,2012,48872,1631.6,1947.8,10.24
Guatemala,Plantains and others,1995,37603,1820.1,1954.08,20.93
Ukraine,Soybeans,1994,5959,623.9,6170.99,6.55
Haiti,Yams,2003,30105,1427.8,61.7,28.69
Costa Rica,Sorghum,1992,2374,3398.9,2263.07,24.86
United Kingdom,Plantains and others,1992,24671,1510.9,9115.77,8.67
Senegal,Potatoes,2009,35178,666.3,656.08,27.99
Zambia,Soybeans,2001,9086,1022.3,574.55,18.71
Algeria,Maize,1996,15228,110.3,3266.16,19.2
Portugal,Yams,1995,22915,733.1,1172.9,14.14
Romania,Plantains and others,2000,9628,589.9,3912.39,10.56
South Africa,Wheat,2004,35053,454.8,5946.85,17.99
"Tanzania, United Republic of","Rice, paddy",1991,11452,781.0,1096.34,23.55
Iran,Sorghum,1996,7998,227.6,3540.2,21.28
Czech Republic,Potatoes,1991,95221,658.0,2239.42,8.32
South Africa,Soybeans,2005,15287,357.0,12351.7,17.94
Malaysia,Sorghum,2002,4437,2261.5,13691.5,26.54
Laos,Soybeans,2006,3400,1893.0,304.69,27.72
Togo,"Rice, paddy",2001,12217,1544.0,275.84,23.89
Niger,Maize,1999,12018,311.5,186.02,28.54
Togo,Yams,2013,40463,1033.8,104.47,25.35
Togo,Potatoes,1999,23067,1035.4,199.13,26.95
France,Sorghum,2010,7630,682.0,31982.89,13.84
Ireland,Cassava,1995,57855,887.7,1493.55,11.86
Jamaica,Sorghum,2002,3625,1595.1,326.87,25.75
Netherlands,Cassava,2000,50121,895.7,2714.38,8.73
Germany,Maize,2002,27178,723.3,24483.81,10.12
Bolivia,Soybeans,2011,13763,1016.5,3045.09,22.44
Afghanistan,Cassava,1999,9148,425.4,74.41,15.16
Portugal,Plantains and others,2008,20313,674.8,4876.45,13.38
Jamaica,Plantains and others,1991,22524,2461.3,198.85,25.89
Laos,Maize,2003,6726,2017.1,292.63,27.55
Iraq,Maize,2003,17192,201.1,2261.41,22.07
Bolivia,Soybeans,1994,9355,953.3,1615.62,19.18
Ireland,Wheat,2009,18242,1018.7,1813.59,9.32
Japan,Sorghum,2000,4903,1300.5,17591.95,15.56
Rwanda,Maize,2002,13417,1271.8,219.53,19.87
Mexico,"Rice, paddy",1999,15669,661.1,44083.05,21.36
Venezuela,Cassava,1991,18849,2509.8,4385.07,22.59
India,"Rice, paddy",2009,29911,961.0,55707.8,22.92
Angola,Wheat,2012,11907,1029.9,454.08,22.49
China,Sorghum,2000,6453,697.1,952865.12,14.12
Mexico,Sweet potatoes,2003,122879,848.5,13961.71,22.15
Ireland,Sorghum,1996,4363,1373.9,985.01,10.63
Bolivia,Soybeans,2003,13347,1115.0,2015.34,22.87
Morocco,Cassava,2004,20462,356.0,799.68,17.49
Argentina,Wheat,1995,34382,783.9,102670.46,14.44
Sierra Leone,Wheat,2001,1590,3182.1,134.54,25.65
Kenya,Sorghum,2000,8091,691.1,1424.26,24.6
Zimbabwe,Maize,1992,15955,540.4,989.03,21.77
Israel,Sweet potatoes,1995,186506,408.6,699.39,21.6
South Africa,Maize,1991,19298,586.3,9843.93,17.55
Costa Rica,Sorghum,2003,2560,2634.1,3979.27,21.51
Panama,Yams,1997,14433,2648.3,723.98,25.14
Nigeria,Sweet potatoes,1993,67876,1034.5,924.54,26.02
Ethiopia,Potatoes,2010,91048,811.8,1620.76,22.32
Iran,Cassava,1993,13800,173.5,3260.84,18.35
New Zealand,Cassava,1990,47013,1598.5,747.96,9.21
Burkina Faso,Soybeans,2012,5219,693.7,836.27,31.31
Sierra Leone,"Rice, paddy",2009,5789,2501.3,204.68,24.52
Ecuador,Yams,1993,36573,1805.5,1876.42,23.13
Zambia,Plantains and others,2005,28962,954.7,457.01,22.86
Portugal,Yams,2003,25681,893.0,3172.24,12.95
Thailand,"Rice, paddy",1990,31563,1386.3,19051.77,28.54
Belgium,Sweet potatoes,2005,80616,776.0,1455.32,9.45
Mali,Cassava,2001,24869,330.2,201.69,26.96
France,Wheat,1994,49363,729.1,41318.21,14.11
Panama,Sweet potatoes,2011,29055,3131.4,987.83,26.92
Poland,Potatoes,1991,88264,635.4,8263.51,8.18
Honduras,Yams,2010,50984,1749.6,316.27,27.2
Jamaica,Plantains and others,1998,23190,2352.7,398.79,26.47
Pakistan,Potatoes,2010,114420,470.6,14591.03,23.1
China,Sorghum,2012,6018,581.2,892262.14,14.73
Mali,Maize,1996,11819,467.4,348.45,29.25
Iraq,Yams,1998,18587,188.8,1190.56,22.39
Nicaragua,Plantains and others,1999,20219,2474.4,825.14,26.62
Iraq,"Rice, paddy",2006,4980,180.5,3185.8,21.63
Argentina,"Rice, paddy",2004,11420,565.5,199716.87,15.53
Burkina Faso,Sorghum,2005,5599,657.0,148.12,28.13
Italy,Wheat,1991,30276,1010.7,28138.62,17.32
Haiti,Potatoes,2002,12856,1541.7,125.36,27.42
Paraguay,Wheat,1992,17421,1059.6,7071.95,21.91
Nigeria,Potatoes,2003,33801,1055.0,2237.79,26.16
South Korea,Yams,1990,23391,1148.9,4646.83,14.03
Cuba,Maize,2000,30129,1047.2,2688.3,24.83
China,Yams,1997,21342,776.6,219995.62,12.24
Ghana,Soybeans,2002,10865,1275.4,1292.05,27.9
Angola,Sweet potatoes,2004,40306,1000.2,68.68,19.5
Romania,Plantains and others,1990,12601,634.1,2545.81,11.01
Afghanistan,Plantains and others,2001,1863,288.2,86.43,15.08
Jamaica,"Rice, paddy",1994,4523,2701.2,684.84,26.56
Saudi Arabia,Soybeans,1998,12979,60.9,3287.98,26.45
Jamaica,Sweet potatoes,1990,23005,2077.9,139.96,26.53
Sierra Leone,Sweet potatoes,1998,10728,3061.2,62.91,29.77
Guinea,Soybeans,2004,5803,1579.9,303.82,24.27
Malaysia,"Rice, paddy",1999,10363,3033.8,26794.19,26.4
Israel,Sweet potatoes,1996,133978,466.3,1166.41,19.44
Guinea,Wheat,2013,2289,1509.7,306.96,27.49
Uzbekistan,Soybeans,2000,3250,226.6,5382.44,13.92
Ghana,Sorghum,2001,6998,1050.1,608.61,27.22
Iran,Sorghum,2008,5788,220.7,9909.03,18.79
New Zealand,Soybeans,2004,3335,2080.9,3678.94,10.97
Cuba,Plantains and others,1997,45456,1539.6,1729.45,26.02
Belgium,Plantains and others,1998,21885,929.0,2533.1,10.41
Jamaica,Sorghum,1991,1810,2200.0,249.08,28.16
Thailand,Sorghum,1990,8452,1283.5,1964.34,26.94
Indonesia,Cassava,2005,27639,2405.4,7384.33,27.41
Indonesia,Plantains and others,2002,26198,2583.5,14754.37,27.1
Spain,Soybeans,2013,7805,624.0,40348.17,13.48
Benin,Sorghum,1997,4044,991.8,274.94,27.71
Pakistan,Plantains and others,2011,17716,520.3,21812.59,22.7
Chad,Plantains and others,2011,10024,427.8,104.98,25.95
New Zealand,Sorghum,1997,1850,1765.3,1524.7,11.35
Jamaica,Cassava,2011,29786,2356.5,579.64,27.14
Kazakhstan,Sweet potatoes,2009,19208,173.5,764.77,6.78
Rwanda,"Rice, paddy",2007,5466,1564.4,297.56,18.45
Belgium,Yams,2001,39417,886.0,2068.7,11.16
Jamaica,Plantains and others,2007,31846,1992.1,467.66,24.49
Bolivia,Cassava,2013,34873,1191.6,893.08,19.73
Myanmar,Sorghum,2010,3800,1566.1,591.84,25.53
Cameroon,Cassava,2003,50660,1780.3,680.37,26.06
Honduras,Plantains and others,1992,29252,1991.5,451.72,25.59
New Zealand,Wheat,1992,18070,1531.8,2682.11,11.89
El Salvador,Yams,1994,37266,1537.7,1368.21,23.98
United States of America,Sorghum,1998,5547,795.3,85174.38,12.84
Ivory Coast,Sweet potatoes,2009,53522,1302.3,612.96,26.34
Cuba,Cassava,1990,62902,1304.2,1165.82,25.77
Malawi,Sorghum,1996,2915,1207.2,208.94,20.28
Thailand,"Rice, paddy",2012,32993,1676.5,28572.85,23.48
Burkina Faso,Plantains and others,2001,15704,741.6,369.88,29.19
Egypt,Wheat,1999,11154,54.1,5208.97,25.42
Laos,"Rice, paddy",2005,12687,2005.7,372.39,25.48
Hungary,Sweet potatoes,2013,56843,725.3,4007.67,11.65
Kenya,"Rice, paddy",2003,16042,665.7,3025.49,22.38
Niger,Potatoes,2009,26617,255.5,207.7,25.4
Hungary,Cassava,1992,35610,631.7,1187.67,10.49
Russia,Wheat,1997,7324,596.8,17029.36,5.99
Algeria,Sorghum,1998,2689,94.7,1518.66,17.77
Myanmar,Yams,1997,12604,2808.4,413.78,25.06
Romania,"Rice, paddy",1994,5998,436.0,8718.34,10.38
Israel,Cassava,2006,65554,469.5,1462.92,18.59
Peru,"Rice, paddy",1995,8426,1930.7,4428.74,17.98
Netherlands,Soybeans,1992,12934,757.3,1996.55,11.43
Chile,Sorghum,2002,5816,679.9,5426.15,16.44
Zambia,Soybeans,1995,8701,872.7,580.51,22.06
Ghana,Sorghum,2013,9361,1113.1,1256.86,28.59
"Tanzania, United Republic of",Wheat,2005,8781,1238.5,1328.45,24.33
Mexico,Sweet potatoes,1990,94625,552.4,5894.79,23.5
Honduras,Sorghum,1994,2373,1634.4,1246.66,25.13
United States of America,Sorghum,2004,6948,756.3,185683.55,17.0
France,Maize,2002,24489,647.8,73435.99,14.07
Argentina,Potatoes,2011,311431,755.0,120151.5,15.67
Hungary,Yams,2009,27182,611.4,3372.96,8.29
Guatemala,Yams,1993,36426,1547.1,1305.98,24.49
Sri Lanka,Potatoes,1992,28361,1615.0,2440.98,25.33
Brazil,Yams,2012,73385,1291.0,80498.18,23.83
Paraguay,Cassava,2001,68261,1348.8,2826.16,21.48
Paraguay,Maize,1990,23043,1400.7,6836.94,20.63
Russia,Wheat,2006,10057,399.7,24601.09,4.47
Japan,Soybeans,1999,14438,1467.7,27304.68,16.36
Madagascar,"Rice, paddy",1997,12687,1347.9,343.21,23.67
Kenya,Cassava,1993,55682,917.3,735.72,22.54
Russia,Wheat,2008,10123,501.2,18586.2,5.36
Israel,Cassava,1997,96159,412.4,1351.89,21.26
Pakistan,Maize,2004,28951,540.2,20104.64,26.07
Denmark,Sweet potatoes,2000,58291,577.2,766.78,10.07
Bangladesh,Plantains and others,1993,22109,2459.3,5328.56,25.45
El Salvador,Maize,2005,7855,1998.3,2601.37,22.28
El Salvador,Sweet potatoes,1997,40599,1869.5,644.6,27.34
New Zealand,Sorghum,2011,2677,2179.1,2753.04,11.78
Venezuela,Plantains and others,2008,47203,1896.1,9862.41,27.52
Algeria,Plantains and others,2004,6448,82.8,2662.34,18.28
Sudan,Yams,2000,25261,276.1,296.58,27.12
Rwanda,"Rice, paddy",1993,5023,1369.2,140.47,18.91
Guatemala,Cassava,2009,26528,2391.6,1652.66,23.65
United Kingdom,Wheat,2006,23713,1221.1,15128.16,12.15
Chad,Wheat,1997,5823,382.1,94.26,25.56
China,Yams,1990,25010,626.4,0,15.73
Germany,Sorghum,2009,8333,767.4,16509.19,8.56
Australia,"Rice, paddy",1999,29007,511.9,35629.33,24.51
"Congo, Democratic Republic of the",Soybeans,2001,4620,1635.4,220.2,25.65
Laos,"Rice, paddy",1999,15841,1248.1,310.45,25.02
Afghanistan,Sweet potatoes,2003,18460,337.6,7.07,16.42
Chad,Cassava,1995,18754,240.2,52.88,27.99
Haiti,Yams,1995,24519,1721.8,41.08,26.7
Sudan,"Rice, paddy",1994,5854,307.2,928.25,28.74
Zimbabwe,Maize,1996,24894,694.6,1413.54,22.48
France,Cassava,1995,38536,574.5,8720.26,12.92
Cambodia,Sorghum,1995,3755,1426.6,308.02,26.68
Ecuador,Wheat,1990,5158,1888.4,3821.34,21.19
Uganda,Plantains and others,2013,24838,1018.4,278.29,20.64
Nicaragua,"Rice, paddy",1995,7322,3145.3,1777.33,25.48
El Salvador,Yams,2013,46820,1305.0,1551.02,26.87
Mali,Yams,2010,26129,423.1,114.54,26.5
India,Plantains and others,2008,52201,994.6,14290.87,26.22
Argentina,Maize,2013,29875,647.4,192775.86,16.82
Morocco,"Rice, paddy",1997,4678,399.3,6414.61,18.13
Malaysia,Sweet potatoes,2006,37865,2866.7,7677.26,26.92
Senegal,Cassava,1992,38750,682.7,233.63,28.65
Afghanistan,Yams,1996,6057,336.8,20.07,13.39
Philippines,Yams,1996,27216,2161.2,2940.28,29.12
Netherlands,Sorghum,1999,5988,920.6,4395.62,9.82
Togo,"Rice, paddy",2005,22095,1227.4,335.91,27.6
United States of America,Yams,2001,24910,815.4,44645.01,9.4
Afghanistan,Plantains and others,2002,2588,369.7,101.5,14.69
Ivory Coast,Sweet potatoes,2005,66447,1433.7,665.83,24.97
Burundi,Soybeans,2013,5764,1200.6,106.16,18.26
Malawi,Maize,2000,21333,1259.3,433.07,23.26
Sudan,Yams,1992,23583,348.0,63.97,28.75
Uzbekistan,"Rice, paddy",2010,3077,198.4,8852.72,13.98
Angola,Yams,1997,25417,1171.7,0,23.73
South Africa,Sweet potatoes,2004,70959,468.1,5376.61,17.73
Israel,Plantains and others,2012,51215,461.3,3486.57,20.48
Bolivia,Sweet potatoes,1994,57897,1411.3,830.98,19.9
Egypt,Cassava,2006,28706,58.1,4443.41,21.95
Bolivia,"Rice, paddy",1991,11327,839.9,2374.29,22.18
Ireland,Sorghum,2008,5061,1321.7,1460.38,9.66
Burkina Faso,Sweet potatoes,2003,27201,699.9,179.61,31.26
Cuba,Soybeans,1999,9529,1688.6,2228.61,25.31
Malaysia,Cassava,2011,32322,2369.2,7612.79,24.27
Jamaica,Sweet potatoes,2000,28178,2313.1,0,24.93
Thailand,Wheat,2003,5383,1686.4,20500.06,25.76
Ghana,Plantains and others,2012,38313,1021.1,1292.17,26.5
New Zealand,Potatoes,2004,139596,1628.9,2372.7,12.88
Ghana,"Rice, paddy",2004,21691,1143.6,2569.82,29.66
Ireland,Wheat,2003,13355,1278.9,2451.07,8.78
Chile,Soybeans,2010,7524,738.6,19542.29,14.5
Bangladesh,Sorghum,2001,2206,2378.2,4623.35,24.16
Angola,Sorghum,1996,4559,914.1,212.73,24.88
Senegal,Plantains and others,2009,10381,476.2,350.53,29.19
Senegal,Potatoes,2007,27699,478.8,449.01,28.77
South Africa,Sweet potatoes,1996,83034,537.8,2717.16,19.56
Malaysia,"Rice, paddy",1992,11137,3595.1,17445.6,28.08
Hungary,Potatoes,2010,231700,592.2,7188.86,10.96
Saudi Arabia,"Rice, paddy",1995,9681,59.5,4302.93,27.88
Uzbekistan,Cassava,2004,12086,242.1,1802.48,14.63
Greece,Maize,1996,26415,732.6,8087.22,19.79
United States of America,Soybeans,2006,9846,796.2,291680.03,13.0
Rwanda,Potatoes,2007,90006,1223.0,180.17,20.3
Guatemala,Wheat,2010,4021,1704.3,4119.64,25.91
Bangladesh,Plantains and others,1990,33913,2111.3,2832.34,25.4
Senegal,Maize,2000,14037,561.5,540.42,28.52
Israel,Plantains and others,1997,34420,489.3,1541.57,20.75
Sudan,"Rice, paddy",1996,5052,228.2,1358.37,28.82
Bangladesh,Plantains and others,2005,24380,2404.9,6644.5,24.22
Bangladesh,Sweet potatoes,1997,27821,2312.9,5489.9,24.94
Angola,Sorghum,2007,5002,722.9,205.37,23.91
Iraq,Soybeans,2011,12873,155.6,2524.97,23.32
Guinea,Yams,1990,26357,1510.3,51.92,25.48
Paraguay,Wheat,2009,14743,1382.5,11770.55,23.24
New Zealand,Soybeans,2003,3380,2106.5,2913.11,11.22
Germany,Maize,1999,23947,640.2,21946.82,8.59
Sri Lanka,Potatoes,2012,12797,2016.5,3202.14,29.09
North Korea,Plantains and others,1991,11451,1033.4,414.86,10.57
Rwanda,Sorghum,2013,2555,1429.1,180.28,19.37
Iraq,"Rice, paddy",1997,4522,201.0,2144.79,22.14
Jamaica,Maize,1999,8472,2472.4,823.83,26.22
Uzbekistan,Soybeans,2008,5908,213.5,5734.08,16.36
South Korea,Plantains and others,2009,26063,1249.2,14424.66,11.94
Saudi Arabia,Cassava,2002,36083,51.0,2260.27,27.72
Austria,Wheat,2011,14067,1053.5,3070.46,4.9
Haiti,Maize,1993,12671,1365.4,135.39,24.0
Madagascar,"Rice, paddy",1993,16751,1377.5,275.61,24.42
Uzbekistan,Sorghum,1998,2912,190.1,2210.81,14.87
Angola,"Rice, paddy",2006,12299,1226.2,537.68,22.36
Spain,Wheat,2010,44300,545.7,40530.07,15.32
Mexico,Sweet potatoes,2001,114183,717.8,16102.86,21.48
Morocco,Plantains and others,2009,13933,418.3,5370.82,19.46
Costa Rica,Plantains and others,1999,26860,2527.3,4104.2,22.29
Afghanistan,Soybeans,2001,2443,332.3,95.72,13.77
Cameroon,Yams,2010,23086,1996.0,485.95,24.13
South Africa,Soybeans,2012,16821,518.4,12949.68,18.33
Venezuela,Soybeans,2002,4287,2039.8,9520.71,23.81
Nicaragua,"Rice, paddy",2008,7841,2631.1,2188.87,26.79
Peru,Sweet potatoes,2006,62624,1591.9,2581.71,18.86
Afghanistan,Wheat,2007,11403,411.3,128.84,14.52
India,Cassava,1994,69965,1374.0,0,25.16
Peru,Sweet potatoes,1995,43871,1461.1,2031.72,17.76
South Africa,Soybeans,2003,10227,498.8,11968.18,15.58
Saudi Arabia,Yams,1994,33499,44.6,1000.74,25.98
Austria,Potatoes,2006,60023,1350.0,3458.89,5.36
Peru,Sweet potatoes,2012,66936,1642.8,2328.38,19.02
Morocco,"Rice, paddy",1999,5179,374.2,6871.92,16.41
Rwanda,Soybeans,1993,6711,1093.2,118.19,19.89
Ghana,Sorghum,2010,8436,823.9,1025.5,26.63
Hungary,Cassava,2005,22117,306.7,4892.91,9.48
Cuba,Plantains and others,2008,48792,1226.0,2240.08,25.38
Ecuador,Wheat,2013,6307,2067.6,7249.71,21.98
Senegal,Potatoes,2004,24944,607.8,350.44,29.34
Burundi,Sorghum,1998,3159,1211.9,37.73,21.82
"Congo, Democratic Republic of the",Sorghum,2012,2597,1523.1,142.64,24.35
Romania,Plantains and others,1997,9843,550.4,5475.26,9.09
El Salvador,Sorghum,1994,4140,1578.4,861.23,25.72
Zimbabwe,Maize,2000,17059,621.7,1633.22,19.87
Cambodia,Sorghum,1993,1771,1844.6,337.13,27.85
"Tanzania, United Republic of",Sweet potatoes,1996,58483,1230.5,484.47,22.02
Colombia,Sorghum,1997,3619,2837.3,12196.8,22.53
Nicaragua,Plantains and others,1994,18177,2488.1,716.78,26.14
Costa Rica,Yams,2005,21364,2990.6,3898.25,24.3
Benin,Plantains and others,2007,25483,1215.9,365.25,27.72
Portugal,Potatoes,1995,189963,1087.1,4186.26,16.98
Italy,Maize,2004,26702,748.6,51169.7,11.28
Cuba,Plantains and others,2011,44347,1370.0,2176.05,26.99
Germany,Maize,2001,24808,872.9,28602.74,11.3
Jamaica,Plantains and others,1999,12670,2707.2,349.64,26.14
Turkey,Plantains and others,1994,10164,541.2,20002.94,14.81
Ecuador,Sorghum,1991,2219,1829.4,3177.63,21.28
Mexico,Maize,2012,55624,1050.0,54841.34,21.75
Bangladesh,Soybeans,2006,4551,2337.1,9933.33,24.58
Hungary,"Rice, paddy",1994,9422,639.8,8504.75,12.11
Angola,Sorghum,2001,4385,1176.7,230.2,24.16
Uganda,Plantains and others,1993,31967,1150.2,151.42,25.53
Sudan,Cassava,1995,19980,244.9,392.23,27.88
Turkey,Cassava,1992,28880,688.9,14674.76,12.0
Indonesia,Soybeans,2012,6254,2634.9,19536.92,28.46
Indonesia,Sorghum,1998,3488,3181.0,10245.56,26.21
"Tanzania, United Republic of",Maize,1997,14364,1012.2,1599.15,22.44
Mozambique,Plantains and others,2002,23321,1062.3,423.27,25.27
New Zealand,Wheat,1997,9337,1759.8,2386.52,11.29
Cuba,Cassava,2002,83433,1161.5,1835.31,27.97
Italy,Cassava,2011,47295,548.3,4288.84,13.54
Netherlands,Wheat,1994,27943,621.1,4118.73,10.52
Uzbekistan,Cassava,1994,9893,196.5,1487.74,16.48
Cameroon,"Rice, paddy",1993,20068,1544.7,1063.29,25.07
Thailand,Yams,2011,100040,1217.9,7665.19,29.16
Honduras,Sweet potatoes,2006,58447,1454.9,692.85,25.51
Norway,Sweet potatoes,1991,42012,1417.1,312.78,3.77
Ethiopia,Cassava,2010,43310,754.8,1082.0,21.14
South Africa,Potatoes,2005,200888,584.3,5622.48,17.31
Honduras,Sorghum,2007,2721,2250.6,1693.82,25.25
Cameroon,Yams,2004,45771,1118.8,404.1,27.16
Jamaica,Sorghum,1990,2917,1610.2,333.99,24.55
New Zealand,Sorghum,2012,5393,1338.3,2202.62,12.97
Uruguay,Sweet potatoes,2013,77160,1196.6,4750.24,15.89
Ecuador,Cassava,1992,24336,2521.7,3322.74,23.18
Ecuador,Soybeans,2011,6549,2115.2,8748.4,21.97
Morocco,Potatoes,2007,143831,267.8,5008.02,18.47
Poland,Sorghum,1991,4693,644.3,3730.78,10.67
China,Sorghum,2011,7652,557.5,1139132.35,15.34
Turkey,Wheat,2007,23789,563.4,34613.81,15.17
Chad,Maize,2013,15835,380.9,191.12,25.99
Madagascar,Soybeans,2007,9138,1395.6,357.99,23.34
Mozambique,Potatoes,1991,30443,1083.3,308.95,25.69
Netherlands,Wheat,1998,31666,777.7,4960.21,11.74
Sweden,Soybeans,1997,7357,732.6,1629.4,4.12
Zimbabwe,Wheat,1993,13130,642.1,907.96,20.02
India,Potatoes,2002,106067,1024.9,24446.19,23.17
Mexico,Plantains and others,1990,25574,632.6,10030.08,19.78
Angola,Cassava,1993,28062,1247.0,131.2,20.87
Niger,Potatoes,2010,18711,299.4,203.39,28.47
Thailand,Soybeans,2008,9239,1816.6,23233.9,27.58
Burkina Faso,Plantains and others,2012,18813,719.0,513.35,27.73
Kazakhstan,Potatoes,1992,37708,342.9,1143.56,6.55
Senegal,Potatoes,2010,32002,754.4,512.92,26.27
France,Sorghum,2004,8332,881.4,34371.91,10.6
Chile,Sorghum,2003,5190,791.5,6908.09,14.56
Angola,Sorghum,2011,4007,1079.9,279.36,23.31
Turkey,Sorghum,2011,4504,699.2,24997.43,10.22
Norway,Soybeans,1990,4718,1608.8,316.53,0.41
Uganda,Plantains and others,2010,34705,1121.2,207.56,22.61
Jamaica,Plantains and others,2008,39255,2000.4,631.97,28.08
Ghana,Maize,2006,29229,1291.6,1958.26,25.17
Guinea,Wheat,1999,4495,1429.6,260.58,25.73
Brazil,Sorghum,1992,4033,1983.1,152126.24,24.43
Italy,Sorghum,1992,5200,921.6,18219.4,13.73
Netherlands,Potatoes,2013,211987,829.3,7852.56,8.8
Mali,"Rice, paddy",1997,10086,463.1,357.5,26.52
Chile,"Rice, paddy",2003,10018,617.0,17565.95,13.9
Brazil,Yams,1990,48050,2119.1,83166.39,25.1
Norway,Soybeans,2006,8184,1410.1,776.84,4.52
Senegal,Plantains and others,2007,19302,730.2,326.34,28.54
Czech Republic,Sweet potatoes,2000,48391,796.0,2660.83,9.59
Austria,Wheat,2008,10818,1130.4,3730.55,7.42
Colombia,Soybeans,2008,8533,2734.0,23763.32,24.81
Colombia,Soybeans,2010,6282,2487.9,27584.0,23.51
Romania,Soybeans,2004,6861,533.3,8035.4,12.01
Denmark,Sweet potatoes,2011,55470,656.3,913.33,8.36
"Congo, Democratic Republic of the",Wheat,2004,4300,1325.5,186.72,25.96
Cameroon,Soybeans,1994,5801,1319.8,778.9,29.02
Argentina,Potatoes,2004,252859,457.4,86415.32,16.16
Burkina Faso,Wheat,2010,4850,678.2,600.6,26.61
South Korea,Maize,2012,16209,1513.6,25114.12,8.95
Burkina Faso,Plantains and others,1996,22563,1019.9,369.73,28.19
Senegal,Maize,2008,23632,828.0,590.12,26.13
Italy,Potatoes,1996,212667,831.9,28390.06,15.11
Sri Lanka,Potatoes,2008,18454,1822.6,2808.7,27.22
Uzbekistan,Cassava,2011,11594,204.4,2156.11,14.56
Venezuela,Plantains and others,2001,38143,2065.8,7880.97,26.36
Mali,Cassava,2010,27085,323.8,109.68,28.9
Burkina Faso,Sweet potatoes,1999,23919,740.8,224.95,31.85
South Africa,Cassava,2008,23421,487.0,8289.85,14.62
Mexico,Wheat,2007,31773,712.7,33050.05,21.32
Netherlands,Potatoes,2008,117150,769.4,5208.55,7.74
Ecuador,Plantains and others,2000,17200,2587.3,6523.8,21.68
Cuba,Soybeans,2011,15415,1391.2,3309.0,25.0
Canada,Sweet potatoes,2001,41486,540.1,31558.56,5.76
Haiti,Soybeans,2009,7648,1134.6,176.6,25.35
Netherlands,Plantains and others,1994,21860,813.7,4192.38,8.39
North Korea,Plantains and others,1999,9484,1352.4,386.75,8.7
Algeria,Maize,2012,23206,75.1,5621.81,21.78
South Africa,Soybeans,1998,17772,554.0,10078.14,19.54
Burundi,Maize,2000,11209,936.5,75.17,19.13
Algeria,Potatoes,2005,93115,95.5,2649.28,21.27
Spain,Maize,1990,13587,368.6,16490.04,14.71
North Korea,Soybeans,1992,3282,1014.5,484.24,10.22
Hungary,Potatoes,1993,235500,549.6,4704.36,13.77
Hungary,Wheat,2000,27276,547.0,5690.19,11.41
North Korea,Sweet potatoes,2009,21835,1042.6,379.79,11.33
Kenya,Cassava,2007,61228,811.5,1164.61,23.01
Jamaica,Sweet potatoes,2005,67376,1436.5,532.5,26.96
Dominican Republic,Soybeans,2007,12323,1440.1,2319.52,25.42
Sudan,Cassava,2003,31920,257.3,323.5,28.0
Myanmar,"Rice, paddy",2000,6175,2627.7,1513.93,26.67
Netherlands,Wheat,2001,42422,695.3,6678.84,12.5
Honduras,Yams,2005,40117,1678.6,873.5,24.86
Netherlands,Potatoes,2001,150302,901.4,4897.01,7.95
Brazil,Yams,2008,83893,1335.2,123232.3,23.75
Nepal,Soybeans,2003,5822,1487.6,160.88,19.85
Belgium,Soybeans,2001,12912,794.1,4468.41,9.57
Australia,"Rice, paddy",2008,24635,405.5,52852.28,24.29
Uruguay,Yams,2010,27898,746.7,2669.32,17.57
"Congo, Democratic Republic of the",Cassava,2001,32599,1574.3,60.72,25.54
Netherlands,Potatoes,1997,180153,714.0,3553.63,9.46
"Congo, Democratic Republic of the",Maize,1992,11594,1374.2,156.46,24.9
"Congo, Democratic Republic of the",Sorghum,2003,2158,1584.3,124.76,25.77
Venezuela,Cassava,2006,58136,1901.5,7754.27,22.98
Netherlands,Cassava,2006,69098,814.5,4959.1,10.25
Venezuela,Sweet potatoes,2002,24381,2214.2,5127.76,26.27
Rwanda,Maize,1999,9483,1310.6,237.32,17.99
Morocco,Plantains and others,2010,9120,245.9,5090.3,18.39
Mexico,Maize,2009,40613,692.8,52424.69,19.86
Portugal,Potatoes,2010,238948,617.9,4853.51,15.11
Czech Republic,Potatoes,2009,159345,657.3,5620.63,9.26
Morocco,Cassava,2005,17132,329.8,3250.94,17.19
Panama,Potatoes,1998,22922,3074.0,2119.96,24.96
South Africa,Soybeans,2011,13302,374.1,13824.29,15.98
Afghanistan,Sorghum,2003,1474,279.6,99.89,14.18
Uruguay,Sweet potatoes,1990,48961,1290.9,1848.13,15.33
Ireland,Sorghum,1994,2980,1606.6,1081.9,9.46
Bolivia,Cassava,1990,55001,1156.6,128.75,24.28
El Salvador,Sorghum,2013,2853,1845.5,2003.79,25.4
Haiti,Maize,2003,16552,1243.7,192.22,28.52
Malawi,Sorghum,1997,4171,1106.5,153.14,20.74
Malaysia,Sweet potatoes,2001,39922,3042.8,11530.38,26.32
Kazakhstan,Potatoes,1998,37091,287.0,1834.38,7.04
Argentina,"Rice, paddy",2002,11791,514.2,160298.07,14.47
Austria,Wheat,1999,10863,1140.7,2338.58,8.5
Portugal,Wheat,1999,31325,1015.1,4137.63,17.69
Zambia,Yams,1996,17959,1036.4,187.57,20.14
Brazil,Wheat,1994,12435,1748.0,144814.58,22.45
New Zealand,Soybeans,2011,5693,1728.3,3628.06,11.39
Mozambique,Potatoes,2004,57056,830.9,460.3,23.93
Mexico,Potatoes,1996,140364,815.7,19488.71,21.73
Italy,Soybeans,2009,11140,986.9,38374.0,15.06
North Korea,Plantains and others,2010,11653,1046.7,705.48,9.94
Niger,"Rice, paddy",1996,4781,286.5,254.43,26.08
Iraq,Plantains and others,1992,7984,288.5,1449.85,19.75
India,"Rice, paddy",2012,40777,1111.9,60477.31,25.97
India,Maize,1993,29344,1134.1,26575.82,24.68
North Korea,Sweet potatoes,2004,20426,849.7,200.04,9.19
Mexico,Maize,1991,31976,510.7,31692.31,20.04
Bolivia,Sweet potatoes,2004,73836,1359.8,370.33,20.22
Sri Lanka,Soybeans,1992,3019,1868.2,1890.54,29.64
Zambia,Yams,1999,26717,1105.7,235.6,21.81
Cameroon,Cassava,2007,63491,1372.6,468.27,25.03
Ireland,Wheat,1994,11824,1298.0,1310.14,9.18
Honduras,Yams,1999,29268,1608.1,241.07,23.21
Ecuador,Wheat,1997,5299,1837.8,5423.08,21.97
Madagascar,"Rice, paddy",2008,17094,1787.7,531.58,25.19
France,Maize,2001,23202,816.9,49674.9,11.28
Japan,Sweet potatoes,2007,96579,1740.4,14482.36,16.59
France,Wheat,1996,33134,732.0,31567.83,11.21
"Tanzania, United Republic of",Plantains and others,1997,31606,1076.2,802.69,24.44
Chad,Maize,1991,12084,458.6,111.18,28.16
Laos,"Rice, paddy",1995,12526,1975.7,355.57,27.24
Poland,Wheat,2012,20003,465.3,17366.73,9.73
Cambodia,Wheat,1996,1282,2043.4,572.99,27.7
Ireland,Sorghum,1991,5943,991.3,946.23,10.18
Ireland,Yams,2012,43809,1241.0,1041.53,10.81
Sri Lanka,Wheat,1992,5100,1117.3,1583.14,29.57
Ireland,Wheat,2008,23756,1435.7,1897.61,11.23
Sri Lanka,"Rice, paddy",2000,29089,1861.1,4023.11,25.63
Guatemala,Plantains and others,1994,37493,1879.8,1308.84,22.85
Israel,Cassava,2013,59146,407.2,1080.3,18.21
United States of America,Wheat,1990,22019,840.0,154896.47,11.83
France,Wheat,2006,29731,870.2,53907.36,10.64
Turkey,Plantains and others,1999,13567,598.9,19022.57,12.37
Bangladesh,"Rice, paddy",2012,9785,2890.9,17819.41,29.34
United States of America,Plantains and others,2003,23469,949.4,95596.1,8.59
Brazil,Sweet potatoes,2008,35761,2090.0,105721.36,29.43
Italy,Wheat,2000,32813,776.8,27241.26,13.79
Mexico,Sweet potatoes,1991,105046,724.1,12446.8,20.59
Sierra Leone,Sweet potatoes,1993,9806,2365.0,2.6,28.43
Uruguay,Sorghum,2000,5073,1115.6,2081.16,17.11
Venezuela,Plantains and others,2013,47829,1695.1,8197.26,25.43
North Korea,Soybeans,2006,4357,966.9,732.21,10.72
Senegal,Sorghum,1998,5009,773.5,215.0,28.92
Venezuela,Maize,2004,25983,1329.1,10055.68,23.3
Japan,Soybeans,1992,3788,2206.0,20303.39,15.07
Algeria,Sorghum,1990,2522,89.7,1047.17,17.25
Myanmar,"Rice, paddy",2002,12841,2190.2,1394.9,24.53
Philippines,Yams,1990,14132,2565.5,1885.6,27.26
Thailand,Plantains and others,2004,64935,1921.3,20708.96,25.56
Ecuador,Yams,2003,21552,2391.2,2383.82,24.67
Afghanistan,Plantains and others,2004,2070,248.1,100.94,14.07
Cambodia,Plantains and others,2000,20592,2180.4,594.75,30.07
South Africa,Plantains and others,1997,15371,395.1,4226.5,19.24
Peru,Sorghum,2008,1432,1962.8,3340.26,17.63
Rwanda,"Rice, paddy",2003,6240,1501.3,301.82,18.7
Morocco,Cassava,2012,37490,315.5,4289.36,20.58
Cambodia,"Rice, paddy",1999,19148,1817.9,727.41,24.88
Argentina,Maize,2008,28147,632.2,154122.18,16.65
Mali,Potatoes,1992,20346,288.6,155.73,29.85
Ethiopia,Plantains and others,1996,16367,646.1,412.51,22.11
Guinea,Cassava,1994,42303,1341.6,112.5,25.45
Honduras,Yams,2006,37150,1582.6,432.85,27.8
Hungary,Maize,2012,14630,459.1,12620.02,11.88
Haiti,Cassava,2006,47925,1769.0,73.17,26.05
"Congo, Democratic Republic of the",Maize,1991,8389,1670.3,151.71,24.27
Belgium,"Rice, paddy",2009,17500,825.6,7051.23,10.86
Malawi,Sorghum,1999,5047,1153.0,186.3,25.01
Australia,Plantains and others,2008,41084,625.1,19677.44,23.57
Ivory Coast,Sweet potatoes,1995,63758,1382.8,930.27,27.37
Kazakhstan,Sorghum,1998,2856,229.5,715.3,7.97
Niger,Yams,2004,16923,287.1,71.52,28.22
Chile,"Rice, paddy",1999,11890,869.4,16881.81,14.81
Canada,Sweet potatoes,2002,52645,634.8,15326.55,5.62
Brazil,Sorghum,1999,4542,1687.1,155935.87,22.9
Togo,Potatoes,2012,23598,1096.7,186.36,28.86
Mozambique,Sorghum,2012,4618,1144.0,404.3,23.19
Togo,Soybeans,1996,6012,1380.4,153.47,27.54
Togo,Cassava,2005,49573,906.5,72.67,26.83
Bangladesh,"Rice, paddy",1991,5845,2654.3,8240.92,25.39
Colombia,Yams,1994,33146,2013.9,8241.33,22.99
Italy,Maize,1996,14585,897.0,25405.91,10.89
Sierra Leone,"Rice, paddy",2005,5164,3560.0,210.78,26.58
Czech Republic,Sorghum,1995,5780,658.3,2243.4,10.97
Algeria,Plantains and others,2001,6784,78.4,2126.87,18.37
Dominican Republic,Soybeans,2010,11693,1426.0,2544.61,23.34
Brazil,Wheat,1999,15647,1563.2,172088.92,23.58
South Korea,Plantains and others,2007,35937,1355.2,16007.77,12.02
Turkey,Potatoes,2001,183998,725.8,25199.33,16.23
Panama,Wheat,1997,2553,3764.2,1600.45,26.17
Uzbekistan,Soybeans,2005,3655,171.9,5907.01,14.55
Guatemala,Wheat,2013,4572,2262.6,4729.63,23.68
Cameroon,"Rice, paddy",1996,14812,1815.0,1279.85,23.54
Sri Lanka,Wheat,1997,3438,2472.3,3064.36,25.71
Angola,Soybeans,2002,8597,894.2,345.86,20.82
Mexico,Cassava,1993,49455,663.8,12239.44,19.78
North Korea,"Rice, paddy",2001,6710,1201.0,943.2,9.48
Rwanda,Maize,1994,8853,1289.5,155.8,17.73
El Salvador,Sweet potatoes,1994,55041,1534.8,375.09,26.47
Afghanistan,Sorghum,2002,1602,440.4,80.71,15.08
Kenya,Sorghum,2008,7386,503.2,1279.99,22.02
Chile,Wheat,2007,23211,556.1,13251.94,12.78
Nicaragua,"Rice, paddy",2006,13930,2191.2,2180.14,28.65
Italy,Maize,1997,27430,579.2,38740.89,16.21
Costa Rica,Sweet potatoes,2011,39573,2454.3,2657.66,23.06
Australia,Yams,2008,69204,489.4,20272.21,21.25
Sudan,"Rice, paddy",2003,5790,214.9,1378.05,27.39
Chad,Plantains and others,2008,8320,406.1,98.28,26.61
Chad,"Rice, paddy",2006,10062,479.5,217.73,28.1
Angola,Cassava,2006,34942,1201.8,244.45,23.18
Ireland,Wheat,1992,10854,1296.7,1266.71,7.84
Italy,Sorghum,2009,8087,913.8,31027.7,13.65
Guatemala,Cassava,2002,51803,1947.0,1329.65,24.52
Japan,Sweet potatoes,2009,39243,1903.7,14322.39,13.81
Angola,"Rice, paddy",1991,4596,1041.2,255.81,19.76
Austria,Potatoes,1995,71268,890.0,3642.0,5.0
Venezuela,Maize,2002,9460,2125.1,11398.92,23.81
Iraq,Yams,2006,17544,176.3,1069.76,21.83
France,Maize,1994,21338,705.0,42077.81,11.62
Spain,Potatoes,1998,278675,666.7,21443.08,14.26
Argentina,Potatoes,1998,252453,648.0,111660.91,16.27
Morocco,Cassava,2009,29754,306.7,1668.19,19.0
United States of America,Soybeans,1994,10780,640.3,250186.53,10.68
Angola,Sorghum,1998,2439,1047.6,189.94,21.5
Nigeria,Sorghum,1998,6817,986.9,923.29,27.04
Finland,Soybeans,2005,7977,573.4,1562.64,0.38
Ethiopia,Maize,2003,15993,836.6,1462.16,21.78
Cameroon,Sorghum,2008,2720,1783.5,642.1,26.16
Italy,Sorghum,1995,6125,993.2,24783.77,14.86
Guatemala,Plantains and others,1998,31687,1654.4,1645.26,24.02
India,Cassava,2008,96348,995.0,18037.75,25.48
Nicaragua,Soybeans,2000,3210,2040.8,1335.88,24.9
Pakistan,Potatoes,2000,73581,559.0,8482.67,24.8
Zambia,Soybeans,2000,11479,915.8,591.04,22.73
Malawi,Maize,2009,16366,1412.5,458.0,22.72
Denmark,Sweet potatoes,1997,59248,638.4,672.42,8.21
Sudan,Cassava,2002,23739,230.5,388.21,26.42
Bangladesh,Soybeans,2009,4626,2097.1,7986.93,23.95
Pakistan,Plantains and others,1998,28121,458.5,7477.78,25.37
New Zealand,Soybeans,1990,2686,2003.3,2584.31,10.89
Benin,Sorghum,2008,3617,1274.4,370.01,29.12
Rwanda,Yams,2003,11506,1377.1,90.51,18.14
Nicaragua,Plantains and others,1990,14779,2507.2,722.29,27.94
Zambia,Plantains and others,1993,21228,1159.7,249.07,22.69
Mozambique,"Rice, paddy",1994,11590,898.7,546.21,23.3
Philippines,Plantains and others,1990,41217,1778.1,3381.09,28.09
Iraq,Cassava,2012,33287,231.1,1396.18,23.75
Guinea,Soybeans,1998,2502,1915.5,305.04,24.46
Bolivia,Yams,2008,40198,955.6,919.57,22.07
Uruguay,Sorghum,1992,4112,1227.1,4912.27,16.42
Laos,"Rice, paddy",2003,20024,1853.7,373.08,26.75
Czech Republic,Sweet potatoes,2004,52918,635.1,1965.35,12.0
Afghanistan,Wheat,2006,10305,290.5,123.94,18.61
Malaysia,Plantains and others,1999,22193,2948.1,17343.63,26.98
Dominican Republic,Plantains and others,2011,47248,1359.2,2253.09,26.31
Sierra Leone,Sweet potatoes,1996,11627,2967.0,0,28.51
Ghana,Cassava,2007,59036,1274.6,649.95,27.42
Burundi,Potatoes,2010,55008,1432.8,62.45,21.27
Jamaica,Maize,1993,16696,1700.2,448.65,24.68
Saudi Arabia,Cassava,1997,33556,59.6,1791.29,27.2
Indonesia,Sorghum,2010,3665,2894.9,9598.54,24.45
Russia,Potatoes,2000,82578,400.1,19016.73,8.59
"Congo, Democratic Republic of the",Cassava,1995,35009,1299.2,89.5,25.44
Chad,"Rice, paddy",1997,6906,466.9,190.21,24.78
South Africa,Potatoes,1992,144098,480.5,3333.3,17.0
Haiti,Plantains and others,2007,26432,1478.5,125.04,26.89
Kazakhstan,Sweet potatoes,1997,19135,198.9,699.17,5.57
Hungary,Cassava,1997,38420,592.4,4304.99,10.34
Turkey,Potatoes,2008,192255,466.4,40408.05,17.71
Bolivia,Sweet potatoes,2012,63572,1247.6,1633.68,20.26
Burkina Faso,Sweet potatoes,2008,57178,765.0,109.17,26.65
Senegal,Yams,1990,31581,657.8,100.26,28.02
Morocco,Yams,1996,13995,366.8,2401.2,16.2
New Zealand,Sweet potatoes,1993,34704,1750.1,771.3,12.37
"Congo, Democratic Republic of the",Sweet potatoes,1993,30400,1415.7,45.23,24.6
China,Potatoes,1998,275145,587.6,1119579.88,13.41
Austria,Soybeans,1999,9573,961.2,3054.09,6.78
Rwanda,Yams,1997,10177,1367.8,14.68,16.14
Laos,Maize,1990,4788,1987.0,231.37,26.0
New Zealand,Sweet potatoes,2000,44853,1518.6,991.92,9.5
Indonesia,Sorghum,1994,3339,3026.1,6754.32,25.73
Iraq,Cassava,2011,40406,264.6,1081.97,21.77
Thailand,Wheat,2010,3120,2034.8,19583.11,29.11
Burundi,Yams,2000,13995,1143.5,13.91,19.75
Belgium,Plantains and others,2007,26818,742.3,3412.6,11.61
Mali,Plantains and others,2006,8147,338.1,275.76,28.51
South Africa,Maize,1997,21597,589.7,12164.73,17.02
Venezuela,Cassava,2012,85360,1550.2,4226.25,26.2
Niger,"Rice, paddy",1993,3312,232.8,125.91,29.89
Myanmar,"Rice, paddy",1991,5644,2549.2,980.32,23.18
Netherlands,Sorghum,2000,6991,713.3,3685.77,11.72
Sweden,Soybeans,2009,8823,593.7,2090.64,5.94
Haiti,Soybeans,2002,2262,1927.8,141.52,24.89
Burkina Faso,Sorghum,2006,5805,767.1,432.4,28.09
Brazil,Yams,2005,83546,1443.4,60931.3,23.96
Czech Republic,Potatoes,1992,176219,593.7,4747.73,10.02
"Tanzania, United Republic of",Wheat,2013,12062,1000.9,1947.77,23.24
Cuba,Yams,2009,46117,1734.7,1390.68,23.04
Chad,Wheat,1992,2499,511.8,88.08,27.82
Pakistan,"Rice, paddy",2002,15022,453.6,26098.33,24.54
Thailand,Potatoes,1997,80676,1556.3,11571.33,24.91
Rwanda,"Rice, paddy",1990,4528,1387.8,127.53,18.06
Burundi,Maize,2012,10984,1531.5,86.65,19.22
Philippines,Plantains and others,2010,33539,2050.3,3425.03,29.36
"Congo, Democratic Republic of the",Wheat,1995,1739,1673.3,137.73,26.35
"Tanzania, United Republic of","Rice, paddy",2012,21018,1014.0,2262.92,24.52
India,Plantains and others,2006,46296,1194.5,23040.26,22.43
Senegal,Maize,2007,20194,616.4,662.59,27.62
Indonesia,Potatoes,1993,15866,3401.6,8836.02,26.48
"Tanzania, United Republic of",Plantains and others,2008,27505,899.5,1264.91,24.75
Ireland,Maize,2003,19590,1444.9,2346.79,10.19
Ireland,Cassava,1997,48698,940.8,513.95,9.85
Belgium,Maize,1991,21735,848.1,3777.43,9.53
Algeria,Maize,1999,11583,90.6,3349.84,18.6
Italy,Cassava,2005,56863,983.5,20359.11,15.62
Togo,Potatoes,2008,43137,1299.9,200.15,22.93
Malaysia,Cassava,1996,32868,3541.6,292.8,26.93
Morocco,Soybeans,2001,12370,321.3,4535.89,18.58
Guatemala,Wheat,1992,2678,2093.0,2111.3,25.08
Guinea,Soybeans,2013,7182,1521.1,335.64,27.5
Mozambique,Potatoes,2002,65874,765.2,307.96,23.41
Panama,Yams,1995,18278,2830.7,490.39,26.05
Spain,Soybeans,2007,11539,558.3,32094.88,15.17
El Salvador,"Rice, paddy",2002,16418,2061.7,2957.32,24.38
Morocco,Plantains and others,2011,12417,323.6,4938.56,19.62
Ireland,Yams,1996,42066,1201.5,187.69,8.75
Mali,Sweet potatoes,1990,29349,280.1,39.97,27.77
Pakistan,Yams,1990,32007,378.0,5417.12,23.23
Finland,Soybeans,2013,10304,555.1,1713.64,4.9
Benin,Plantains and others,1997,18500,1078.8,126.58,24.92
New Zealand,Sorghum,2003,1743,1703.2,2874.01,8.79
"Tanzania, United Republic of",Potatoes,2005,87021,934.3,958.61,22.35
Ethiopia,Potatoes,2008,79607,702.1,1062.23,20.14
Angola,Sorghum,1997,4828,835.9,146.37,21.82
Senegal,Yams,1991,27179,607.6,67.76,27.59
Ghana,Plantains and others,1992,32342,1186.6,906.75,26.35
"Congo, Democratic Republic of the",Wheat,1992,3631,1130.6,81.52,25.68
Thailand,Plantains and others,1995,60194,1428.9,14076.92,23.45
Nicaragua,Sorghum,1991,2607,2071.1,678.68,26.41
New Zealand,Sorghum,1995,1505,1838.8,1320.21,12.78
"Tanzania, United Republic of",Yams,2004,29380,895.3,682.68,21.02
Haiti,Cassava,1990,39842,1234.3,33.83,24.39
"Tanzania, United Republic of",Wheat,2009,4403,986.8,1308.78,26.46
Netherlands,Plantains and others,1992,17166,685.6,2490.6,8.63
Zambia,Soybeans,2010,8767,1234.5,803.95,23.64
Sudan,Yams,2011,24107,242.5,403.71,27.7
Guinea,Maize,1993,10772,1716.5,285.43,25.73
Czech Republic,Potatoes,1998,94503,630.9,2484.73,7.01
Israel,Soybeans,2001,20691,563.4,2717.18,17.47
Vietnam,Maize,2009,19643,1790.0,30649.6,24.6
Indonesia,Sweet potatoes,2013,30103,2401.3,1599.0,28.62
Uganda,Plantains and others,1991,21181,1014.4,166.77,21.88
Sierra Leone,"Rice, paddy",2010,10107,1953.3,218.72,26.63
United Kingdom,Wheat,2003,26253,1109.8,15368.32,11.53
Bolivia,Cassava,2009,54674,1156.8,1588.76,20.6
India,Sorghum,1991,7405,1096.3,18297.14,23.6
Japan,Soybeans,1994,2822,1959.7,17653.18,14.08
Dominican Republic,Soybeans,1994,9248,1496.5,1663.51,27.79
Paraguay,Plantains and others,2005,51224,1310.4,8725.13,23.05
Ethiopia,Potatoes,1997,88644,613.6,1360.86,19.73
Philippines,Cassava,2012,93736,1739.5,4269.81,28.74
Canada,Sorghum,1998,6521,508.3,42043.23,6.74
Kenya,"Rice, paddy",2006,11186,639.1,2873.86,20.45
Angola,Cassava,2013,38016,1001.6,155.94,21.69
Benin,Plantains and others,1994,22750,1314.7,224.08,28.78
Panama,Yams,1996,15038,2679.6,678.27,26.93
Ghana,Sorghum,2009,7213,1235.0,983.87,27.03
Saudi Arabia,Yams,2001,40185,54.7,245.6,27.8
Italy,Potatoes,2005,260250,964.2,40417.44,12.06
"Tanzania, United Republic of",Plantains and others,2007,29245,834.7,1072.71,23.54
Ireland,Sweet potatoes,2007,57867,1304.4,540.36,10.58
Ireland,Maize,1995,13881,1420.3,2180.63,9.11
Ireland,Maize,2012,21529,1283.8,2878.8,9.11
Algeria,Potatoes,2011,118136,71.4,3079.92,18.6
Czech Republic,Wheat,2003,13636,682.1,5771.08,8.89
Egypt,Soybeans,1999,15026,48.3,6422.25,25.06
Angola,Sweet potatoes,2003,49391,1040.0,50.67,21.49
Uzbekistan,Soybeans,1992,3048,172.1,4640.51,12.61
Rwanda,Soybeans,1996,5367,1380.5,139.31,18.2
Algeria,Potatoes,1992,82653,83.1,2171.49,20.26
Costa Rica,Plantains and others,2001,18074,2996.3,3419.02,23.3
Madagascar,Cassava,2005,40203,1597.7,129.48,24.11
Australia,Plantains and others,2003,11543,400.6,14971.95,16.73
"Tanzania, United Republic of",Plantains and others,1994,29062,985.2,1024.83,22.12
Angola,Yams,2001,21023,852.2,162.26,21.88
Madagascar,Plantains and others,1990,18524,1503.4,107.02,23.77
Israel,Cassava,2000,75974,375.6,86.34,19.73
Thailand,Potatoes,2013,77876,947.7,18707.29,26.7
Laos,Sorghum,2004,1900,1746.6,190.96,26.7
Burundi,Maize,2008,13320,1208.3,93.38,20.46
South Africa,Cassava,1996,66064,569.8,3695.71,20.18
Honduras,Yams,2008,47703,1659.0,205.57,25.03
Mexico,"Rice, paddy",1997,36355,958.9,41177.04,25.1
India,Cassava,2012,113749,1088.1,28157.64,25.91
New Zealand,Wheat,1995,9511,1867.3,2787.29,12.44
Niger,Potatoes,1997,18548,254.8,147.61,26.85
Afghanistan,Sweet potatoes,2002,17716,302.7,42.98,15.51
Hungary,"Rice, paddy",1998,9660,498.5,8078.97,10.94
Panama,Sorghum,1999,3668,2734.1,1364.67,25.97
Thailand,"Rice, paddy",1995,45206,1398.1,24236.18,28.56
Ghana,Plantains and others,1997,30900,1346.2,1102.32,27.7
Mexico,Wheat,2003,23256,745.8,30908.83,21.69
Paraguay,Sweet potatoes,2006,64681,1716.2,5429.31,26.6
Mexico,Maize,1995,42771,722.3,22899.41,24.15
Madagascar,Plantains and others,1993,22343,1733.0,171.7,25.83
Mozambique,Soybeans,1993,7614,737.2,435.27,22.81
Malawi,Sweet potatoes,1990,51505,1402.5,101.78,23.25
Russia,Wheat,2003,6615,496.4,17183.31,7.01
Cambodia,Plantains and others,1999,33575,1612.0,465.24,23.92
Myanmar,Wheat,2008,2862,2250.8,1378.13,25.97
Kenya,Plantains and others,2000,23758,648.6,1319.83,23.54
Ukraine,Maize,2010,11621,478.0,13513.47,8.84
El Salvador,Plantains and others,1996,32484,1680.9,771.26,24.57
Laos,Sorghum,1993,1876,1870.4,48.08,24.53
Germany,Sorghum,2005,8429,801.4,14357.71,10.36
Guinea,Maize,1999,7849,1744.8,333.09,24.85
Burkina Faso,Soybeans,1995,5415,613.6,512.67,30.19
Guinea,Wheat,2005,2269,1786.9,283.04,25.69
Malawi,Sweet potatoes,2000,49771,1338.6,174.68,21.9
France,Wheat,1991,35322,581.5,35781.05,13.7
Nigeria,Maize,2012,27010,1078.0,2616.05,26.57
Chile,Wheat,1992,27475,934.6,10676.48,14.33
El Salvador,Sorghum,2002,2829,1722.4,2366.14,25.02
United States of America,Wheat,2005,18465,699.3,302463.66,9.87
Honduras,Maize,2000,9843,1880.8,2038.16,24.42
Burkina Faso,Maize,1990,11176,854.9,387.32,28.72
Spain,Sweet potatoes,2005,89486,691.1,10841.52,16.15
Czech Republic,Sweet potatoes,1990,51394,577.0,1138.29,8.92
Jamaica,Wheat,2008,1638,2549.3,650.82,28.76
Haiti,Soybeans,2003,7013,1367.1,144.63,25.67
Netherlands,Soybeans,2002,9980,735.5,7083.52,11.14
Togo,Yams,2005,34646,863.0,99.23,28.48
China,Cassava,2009,40851,539.4,642867.18,14.27
Angola,Yams,2003,15525,1204.7,93.08,19.97
Paraguay,Plantains and others,2007,56236,1393.3,8055.71,22.51
Uzbekistan,"Rice, paddy",2009,2192,123.5,8082.56,13.37
Cambodia,Cassava,1993,16880,2389.1,279.59,25.38
Australia,Yams,2007,70191,499.9,18981.85,22.78
France,Sorghum,2012,8470,675.2,29613.04,11.02
Iran,Sorghum,2000,3782,231.9,3364.49,17.59
Paraguay,Sweet potatoes,2007,116208,1509.1,5188.82,23.35
Senegal,Plantains and others,2006,21675,707.0,363.77,29.28
Spain,Sweet potatoes,1990,49017,640.6,0,13.5
Malawi,Potatoes,2010,46906,1142.0,269.19,24.68
Egypt,Cassava,2011,33468,58.0,4446.16,22.76
Egypt,Maize,2003,29962,41.5,6907.05,23.97
Peru,Wheat,1996,10311,1647.3,3396.68,18.53
Madagascar,Cassava,2008,35965,1714.8,191.92,21.67
Ghana,Soybeans,2013,14141,1121.6,2529.2,26.75
Angola,Sorghum,2006,4486,871.1,211.93,21.37
Netherlands,Cassava,1993,63555,802.0,1232.52,13.14
Mexico,Wheat,2010,23400,682.6,44338.45,22.07
Iraq,Maize,2001,23729,249.2,2590.87,20.78
Cameroon,Cassava,2006,46115,1767.0,587.62,27.21
Morocco,Soybeans,2011,13182,356.1,7607.14,16.9
Canada,Soybeans,2002,9902,710.6,58277.1,7.06
Algeria,Maize,2000,6116,92.8,3468.07,15.07
Argentina,Sorghum,2002,5175,568.6,81683.03,16.05
Iraq,Plantains and others,1996,10294,268.5,1197.61,22.9
Angola,Potatoes,1996,72245,810.4,344.37,21.27
New Zealand,Cassava,2000,23796,2161.0,2372.1,14.06
Ghana,Plantains and others,1996,43626,1283.4,1088.47,25.44
Sri Lanka,Soybeans,1994,4544,1919.4,2447.19,25.15
Burundi,Sorghum,2008,1575,1099.5,46.63,17.5
Philippines,Maize,1992,8300,2196.4,3524.15,25.56
Austria,Wheat,2004,10272,1290.7,2800.75,5.58
Russia,Maize,1998,11356,500.0,20203.92,4.23
Chad,Plantains and others,2007,13464,441.3,120.7,23.27
Myanmar,Sorghum,1999,2218,1679.9,350.84,23.55
Turkey,Soybeans,1993,6998,566.1,37217.25,13.91
South Africa,Potatoes,2013,229850,502.3,11694.78,19.29
Afghanistan,Plantains and others,1996,2262,260.7,76.45,16.39
Burundi,Potatoes,2004,79019,1223.5,68.03,18.82
Jamaica,"Rice, paddy",1997,21987,2001.9,717.35,26.45
Iraq,Plantains and others,2011,9532,231.1,2108.58,21.99
Guinea,Yams,2010,26192,1477.4,187.09,28.23
Morocco,Yams,2001,18398,334.8,3383.24,20.27
Chad,Maize,2009,13469,414.9,194.9,26.57
Australia,"Rice, paddy",2011,24845,580.3,61163.91,21.16
Nicaragua,Plantains and others,1996,16128,2454.1,572.96,25.67
Burundi,Wheat,2003,7721,1382.6,62.77,19.57
Panama,Wheat,2003,2113,3447.6,1702.64,27.9
Paraguay,Plantains and others,2013,52044,1122.8,7848.92,21.37
Netherlands,Soybeans,1993,13617,753.7,7201.28,6.24
Japan,Sweet potatoes,1991,20450,2023.6,12703.38,14.57
Thailand,Cassava,2000,119475,1226.2,7799.92,27.18
Ivory Coast,Potatoes,1991,36238,1239.7,1413.63,25.89
"Tanzania, United Republic of",Wheat,1991,10549,852.3,908.9,22.17
Colombia,Sorghum,2004,3845,2583.1,9328.91,23.56
Chad,"Rice, paddy",2008,7091,448.0,213.27,27.02
Philippines,Plantains and others,1993,46443,1351.8,3523.73,25.64
Peru,Plantains and others,2000,38130,1543.9,3219.24,20.24
Cambodia,Cassava,1994,45362,1601.3,103.36,24.8
Senegal,Potatoes,1998,28335,733.3,420.8,28.72
Algeria,Maize,2013,13480,110.4,5288.07,18.39
Afghanistan,Sweet potatoes,2009,20989,303.6,78.37,17.71
Canada,Soybeans,2003,10138,679.9,53673.04,7.09
Mozambique,Soybeans,2003,10014,561.5,394.19,24.89
Bolivia,Soybeans,2001,12595,668.8,2112.82,21.63
Sierra Leone,"Rice, paddy",2003,3889,2655.9,202.85,28.27
Niger,Potatoes,1990,15051,307.5,111.6,28.22
Belgium,Plantains and others,2001,21095,707.3,2165.94,12.82
Belgium,Plantains and others,1990,20964,819.9,917.98,9.34
Ghana,Maize,2004,27037,941.4,1875.69,25.49
Italy,"Rice, paddy",1995,10002,655.6,41237.7,14.28
Netherlands,Wheat,2013,31033,628.6,9974.08,10.37
Niger,"Rice, paddy",2005,7102,343.1,325.84,28.11
Bangladesh,Plantains and others,2002,13789,2606.5,8274.77,30.44
Burkina Faso,Sorghum,2008,6766,714.8,229.0,25.9
Kenya,Yams,1993,21434,825.7,791.0,20.14
Belgium,Sweet potatoes,1990,46257,890.0,216.31,10.43
Japan,Soybeans,2006,13456,1539.6,44171.64,15.46
El Salvador,Potatoes,2005,20336,2011.3,2276.88,24.63
Zambia,Soybeans,2005,9451,882.5,837.73,21.74
Finland,Soybeans,2007,8214,443.2,1453.53,5.47
Netherlands,Plantains and others,1995,27930,828.7,2868.39,9.47
Netherlands,Sorghum,1992,7367,866.1,2969.7,9.92
Japan,Soybeans,2002,4980,1722.6,42469.72,14.58
North Korea,Sweet potatoes,2006,22652,929.5,275.32,10.86
Iran,Yams,2008,14867,180.1,5358.99,17.91
Angola,Sorghum,2005,4061,1077.7,222.08,21.11
Saudi Arabia,Cassava,1991,34035,58.7,239.88,27.1
Jamaica,Plantains and others,2010,44578,1951.8,677.09,27.33
Morocco,Potatoes,2006,133155,435.8,5215.58,17.54
Pakistan,Maize,2003,31149,507.0,16782.89,22.91
Chile,"Rice, paddy",1996,10909,674.5,15237.57,10.67
Zimbabwe,Sorghum,1992,6597,579.4,610.17,22.28
Cambodia,Cassava,1996,40478,1879.1,361.16,24.54
Dominican Republic,Sorghum,2007,5358,1453.1,1557.89,25.59
Israel,Cassava,2001,47379,501.4,1470.98,17.02
Hungary,Plantains and others,1998,10631,452.2,5358.15,10.64
Zimbabwe,Wheat,2011,20599,766.4,1621.79,20.24
Colombia,Plantains and others,2009,19568,2595.1,13531.5,24.65
Guatemala,Sorghum,2004,2977,1704.9,1922.64,24.74
Laos,Maize,1993,7329,1856.9,239.1,24.19
Ecuador,Plantains and others,2012,55068,1756.0,5962.26,22.58
"Congo, Democratic Republic of the",Sorghum,1990,2379,1462.2,91.44,24.87
Niger,Yams,2005,18477,216.4,70.59,25.34
Chad,Soybeans,2011,6996,479.3,207.26,27.09
Mozambique,Sorghum,2001,5547,1030.9,298.88,26.69
Ethiopia,Cassava,1992,37444,786.3,736.98,27.17
Niger,Maize,2010,11661,274.1,311.63,26.02
Nicaragua,Yams,1995,31094,1834.6,497.42,29.88
Bangladesh,Soybeans,2003,4198,2220.5,8029.52,25.23
Iraq,Soybeans,1991,7214,199.4,1960.27,22.24
El Salvador,"Rice, paddy",1992,23720,1354.3,2518.22,25.49
Sweden,Soybeans,2000,9849,634.9,1862.0,4.41
Kazakhstan,Potatoes,2003,35880,300.8,1586.7,5.93
Myanmar,Soybeans,2001,3680,2994.0,862.26,26.34
Panama,Wheat,2010,3753,2735.2,2396.53,26.43
Jamaica,Maize,2005,12537,1870.7,922.09,26.81
Denmark,Maize,2012,26410,714.3,3774.63,9.1
"Congo, Democratic Republic of the",Sorghum,1998,2958,1343.9,123.12,25.16
Paraguay,Wheat,1990,13222,1421.0,6557.33,22.48
Pakistan,"Rice, paddy",1992,16351,531.8,18566.25,25.32
"Congo, Democratic Republic of the",Cassava,2003,42062,1276.1,71.21,23.82
Czech Republic,Sorghum,1994,6348,627.4,2451.43,7.5
Romania,Soybeans,2013,8603,637.7,7014.49,10.23
Mexico,Potatoes,2002,126018,821.3,26806.58,22.85
Indonesia,Soybeans,2013,6826,2316.3,18459.05,24.79
Burkina Faso,Plantains and others,1990,13969,627.4,198.63,27.46
Uruguay,Yams,2012,30128,1366.7,4126.72,17.57
Senegal,Cassava,2013,47326,756.0,266.06,27.18
Morocco,"Rice, paddy",2011,5265,275.6,10260.84,19.09
Guatemala,Sorghum,2013,2174,2096.6,2771.63,25.03
Myanmar,Cassava,1998,17092,2626.1,498.2,21.96
Philippines,Sorghum,2002,2899,2206.1,1945.82,26.36
Kenya,Wheat,1992,12222,679.9,1090.68,22.27
Pakistan,Plantains and others,2009,19209,488.8,7822.56,23.82
Malaysia,Cassava,2005,41374,2375.4,14123.48,28.0
Haiti,Cassava,2007,58636,1732.4,93.87,26.27
Portugal,Potatoes,2008,247372,896.7,4537.71,16.15
Chile,Maize,2007,16513,881.1,16126.05,12.88
Nicaragua,Yams,2001,16345,2207.8,462.98,25.23
Belgium,Maize,2008,24386,950.7,5282.17,6.01
Guatemala,Potatoes,2012,21508,2673.8,3656.4,24.39
Venezuela,Yams,1994,43541,1848.7,3289.76,25.61
Costa Rica,Sweet potatoes,2002,32116,2403.3,1934.46,21.35
Netherlands,Sorghum,1993,7453,698.5,1788.95,7.21
Angola,Wheat,2002,8636,945.0,286.8,20.09
Mozambique,"Rice, paddy",2002,12141,1268.9,649.29,24.63
Nepal,Sweet potatoes,2002,58139,1068.8,39.98,21.06
Thailand,Potatoes,2012,26505,1810.3,20424.63,28.01
Brazil,Sorghum,1998,8343,1526.8,120403.01,23.51
Turkey,Plantains and others,1997,10062,562.5,17469.54,12.82
Laos,Sweet potatoes,2007,10756,2158.2,110.02,30.9
Colombia,Soybeans,1998,4849,3246.1,16516.5,22.64
Costa Rica,Sweet potatoes,2006,33536,3721.8,2951.29,24.53
Mali,Wheat,1996,3280,331.7,273.43,30.59
Morocco,Cassava,1997,16083,294.1,4122.54,17.64
Kazakhstan,Soybeans,2001,3101,249.0,2023.98,7.63
"Tanzania, United Republic of",Potatoes,2004,92966,991.9,1021.07,21.8
New Zealand,Potatoes,2013,131940,1481.2,4564.65,11.62
Kenya,Cassava,2011,59607,494.2,1404.71,22.86
Mali,Cassava,1997,23472,340.8,49.26,28.57
Canada,Soybeans,1992,8047,398.0,35595.91,4.33
Venezuela,Sweet potatoes,2004,35256,1952.0,2341.17,25.85
Cuba,Cassava,2011,94867,1404.4,1525.78,25.54
Burkina Faso,Plantains and others,1997,14102,647.7,365.6,28.64
Ukraine,Sorghum,2011,4109,542.4,11193.48,5.72
Mali,Sweet potatoes,2004,34843,451.7,137.74,28.16
Cameroon,Sorghum,1999,1981,2119.8,575.6,24.08
Chad,Soybeans,1993,6374,501.8,126.43,26.85
El Salvador,Sorghum,2009,2873,1794.4,1968.28,25.69
Thailand,"Rice, paddy",1992,35203,1844.7,9691.68,29.53
"Congo, Democratic Republic of the",Maize,2009,10547,1638.0,242.11,25.85
Nicaragua,Soybeans,2003,3807,2027.1,1899.7,24.87
Haiti,Maize,2002,11224,1624.6,145.1,27.49
Guinea,"Rice, paddy",1991,12362,1968.8,283.59,27.1
Laos,Sweet potatoes,2006,16438,2443.1,155.7,27.76
Benin,Sweet potatoes,2013,57740,1398.0,255.63,28.11
Vietnam,Maize,1993,11764,2082.0,24139.01,26.14
Panama,Sorghum,2002,3024,2742.2,1162.21,25.61
Niger,Maize,2003,10997,285.7,227.44,28.3
Paraguay,Wheat,2003,19940,983.6,8437.26,20.82
Iraq,Yams,2001,23375,197.1,832.0,22.48
"Tanzania, United Republic of",Maize,1999,19302,1026.5,1343.92,21.99
Uganda,Plantains and others,2003,30134,1023.2,134.73,24.2
Senegal,Sweet potatoes,1998,53496,680.4,203.15,26.1
Nigeria,Maize,1994,17670,1179.9,1673.1,28.14
Turkey,Sorghum,1991,4142,712.0,15962.26,14.09
Argentina,Sweet potatoes,2002,76518,459.5,44043.91,16.73
Togo,Plantains and others,2005,22455,917.3,139.47,24.94
Uzbekistan,Soybeans,2013,3554,147.1,7879.43,14.33
Mozambique,Plantains and others,1995,24020,988.1,233.25,26.54
Australia,Yams,1996,58017,504.5,14025.15,22.8
Dominican Republic,Soybeans,2011,12673,1392.7,1936.46,27.3
Kazakhstan,Soybeans,2007,4037,277.3,2319.52,6.53
Austria,Soybeans,1991,6599,1218.0,1506.57,4.38
Kenya,Maize,1990,21057,535.6,1497.25,22.28
United Kingdom,Wheat,2005,22292,896.4,12816.52,10.0
Norway,Sweet potatoes,2010,48387,1646.1,148.43,1.83
Belgium,Soybeans,1997,10169,595.3,3395.48,8.99
Nigeria,Soybeans,2007,10808,1144.3,2371.31,28.28
Malaysia,"Rice, paddy",2012,10510,3018.1,32002.97,26.84
Panama,Yams,2004,17768,2990.4,848.67,24.49
Laos,Maize,2009,12555,1642.2,345.83,25.77
Dominican Republic,Soybeans,1996,11282,1319.0,1902.46,24.86
Thailand,Soybeans,2012,16492,1444.3,21841.16,28.22
Cameroon,Cassava,2002,26538,2195.0,713.69,25.09
Peru,Sorghum,1990,2580,1720.2,1824.55,20.98
Cameroon,"Rice, paddy",2007,24753,1461.9,1566.32,25.35
El Salvador,Cassava,2004,67261,1461.2,1576.91,25.27
Mali,Maize,1994,12342,462.5,319.06,29.76
Nigeria,Plantains and others,2012,39493,1188.7,1455.45,25.5
France,Cassava,1999,39916,910.7,22793.21,12.32
Vietnam,Sorghum,1993,3429,2448.4,16416.94,26.58
"Congo, Democratic Republic of the",Wheat,2008,2726,1721.8,177.45,24.36
Peru,"Rice, paddy",2010,13254,2084.1,8373.35,19.88
Italy,Soybeans,2000,10119,1047.3,39298.43,14.63
Colombia,Cassava,1990,27258,2793.0,7110.07,26.15
Bangladesh,Soybeans,2008,4282,2274.9,11153.27,23.4
Panama,Sweet potatoes,1991,25831,3166.3,373.47,26.66
Colombia,Sorghum,2011,3253,2582.0,16145.56,23.38
South Africa,Maize,1992,36869,548.1,8056.63,20.39
Cambodia,Wheat,2002,2095,2269.1,376.08,25.01
Mozambique,Yams,2005,33584,1088.6,185.19,25.41
Malawi,Sweet potatoes,1991,47456,1394.4,0,22.61
Paraguay,Sweet potatoes,2001,94127,1461.6,1858.78,22.12
Rwanda,"Rice, paddy",2009,16091,1295.3,342.36,21.96
Burundi,Potatoes,1993,45024,1330.4,44.26,22.85
Sierra Leone,Sweet potatoes,2006,14131,2667.7,45.27,26.48
Czech Republic,Wheat,2010,8620,845.1,4215.19,8.2
Brazil,Yams,1992,50860,1919.0,25661.51,24.26
Iraq,Sorghum,2003,3962,237.3,1365.08,19.4
Ecuador,Yams,1996,14793,2381.0,2308.24,22.24
Zimbabwe,"Rice, paddy",2008,9416,555.1,1870.77,21.04
Belgium,Yams,1998,46096,751.1,2484.98,10.79
Nigeria,Sorghum,1995,5207,1231.0,1100.36,26.59
Niger,Sweet potatoes,1993,38755,287.1,53.32,24.36
South Korea,Maize,2004,17254,1172.0,17579.8,12.4
Ecuador,Wheat,1999,5381,1819.0,5738.23,21.81
Portugal,Wheat,1998,28951,1001.8,5017.32,14.18
United States of America,Wheat,2007,32402,1024.6,303059.58,12.87
Chile,Maize,2000,13718,526.3,11798.9,14.55
South Korea,Soybeans,1991,6128,1135.6,11538.27,9.41
Myanmar,Sorghum,2011,2381,2677.2,445.2,25.2
Guinea,Sorghum,2004,2790,1604.0,203.96,26.19
Kenya,"Rice, paddy",1994,11862,854.2,2219.23,22.54
Netherlands,Sorghum,1996,8035,788.0,5889.62,9.92
Guinea,Maize,2001,12197,1646.7,312.17,24.11
Ukraine,Maize,1992,10941,486.5,8060.72,7.9
Togo,Cassava,2008,43439,1051.2,97.05,27.74
"Tanzania, United Republic of",Yams,1995,36816,985.5,141.33,23.2
Belgium,Plantains and others,2002,25520,698.2,2209.11,7.94
Madagascar,Soybeans,1991,6409,1320.7,248.74,25.46
Guatemala,Wheat,1990,2935,1890.6,2277.79,22.77
Sri Lanka,Wheat,2005,1940,1858.3,2811.96,28.73
Guatemala,Yams,2003,38802,1450.8,158.69,22.55
"Congo, Democratic Republic of the",Sorghum,2006,2003,1827.9,131.44,23.35
Burundi,Plantains and others,2007,8408,1370.4,58.46,17.29
Angola,"Rice, paddy",1990,11162,925.9,288.83,22.48
Myanmar,Wheat,1997,2726,1948.6,1005.09,25.65
Mexico,Wheat,1991,23264,652.2,22309.18,19.74
Sierra Leone,Soybeans,2005,2647,1946.6,208.02,28.46
Kenya,Maize,2007,22876,757.5,2488.46,21.2
Ukraine,Maize,2000,14201,522.6,10791.05,8.28
Cambodia,Potatoes,2007,9020,2345.3,659.01,27.11
Venezuela,Yams,1990,19857,2208.6,0,27.61
Colombia,Sorghum,2012,5311,3382.4,15865.93,24.91
New Zealand,Soybeans,1995,4094,1763.7,2561.43,13.82
Burundi,Wheat,2009,9565,1286.7,72.17,15.82
Poland,Wheat,1990,6769,570.0,8583.66,6.85
United States of America,Soybeans,1992,11730,693.4,191691.47,14.94
Mozambique,Yams,2012,39561,969.8,404.56,25.14
Belgium,Yams,2010,41106,832.2,1765.93,10.53
Philippines,Cassava,1993,48074,2052.4,2604.37,25.44
Germany,Sorghum,2011,8954,771.6,15109.68,9.19
Paraguay,Maize,2009,20931,1699.1,14364.18,20.38
Burundi,Plantains and others,1999,18111,1224.3,63.45,21.95
Romania,Soybeans,1997,6267,746.8,6929.96,12.41
Brazil,Yams,2002,78914,1237.6,63955.75,27.06
Nicaragua,Soybeans,1992,3220,2721.5,662.91,27.65
Morocco,Soybeans,1996,10920,307.4,5649.31,18.73
Italy,Sorghum,1997,6680,642.3,22389.01,13.73
Bangladesh,"Rice, paddy",2001,10308,2717.7,9939.56,26.75
Laos,Maize,1991,12541,1660.2,264.84,26.66
Nigeria,Plantains and others,1991,27002,1192.7,538.9,24.64
Venezuela,Plantains and others,2006,38607,2027.0,6803.94,22.75
"Tanzania, United Republic of",Sweet potatoes,1992,68397,1065.7,402.89,24.91
Thailand,Yams,2001,83578,1391.5,6644.86,25.73
Malawi,Sweet potatoes,2011,71762,1245.9,156.38,23.63
Austria,Soybeans,2013,11789,1052.8,4612.69,7.54
Nigeria,Potatoes,2013,30750,1332.7,2037.83,26.47
Germany,Sorghum,1995,5154,826.9,10190.21,11.41
Haiti,Soybeans,2007,8713,1130.9,127.22,26.62
Egypt,Maize,1992,32238,66.0,6405.38,23.27
South Korea,Maize,2006,18401,1373.6,23514.83,11.75
India,Cassava,2002,88346,1227.4,15168.21,26.06
Brazil,Yams,1991,62760,1613.3,32276.33,22.54
Italy,Soybeans,1997,7217,1003.4,44694.21,12.89
Burundi,Yams,2012,12260,1032.4,47.87,16.87
Morocco,Potatoes,1997,154031,306.0,3588.63,18.57
Portugal,Wheat,2000,38225,793.1,4873.14,15.88
"Tanzania, United Republic of",Plantains and others,1991,24466,900.0,721.11,23.08
Israel,Plantains and others,1992,27768,560.2,301.11,19.5
Bangladesh,Plantains and others,2013,14309,2686.1,9602.17,26.37
Guatemala,Potatoes,2013,41092,1629.9,3706.55,23.58
Sri Lanka,Wheat,2000,2608,1871.9,3415.18,26.87
Iraq,Sorghum,2000,6365,178.9,1577.27,22.05
El Salvador,Plantains and others,2012,35103,2172.9,1873.8,22.11
Nepal,Soybeans,2009,8631,1475.5,175.98,22.78
Ghana,"Rice, paddy",1997,22967,915.9,2068.27,27.71
Kenya,Potatoes,1993,87378,898.8,786.3,21.85
United States of America,Plantains and others,1994,20006,879.4,171365.32,14.08
Russia,Maize,2008,11585,422.9,25351.76,4.12
Zimbabwe,Maize,1999,20723,862.6,1443.32,20.86
Togo,Cassava,2012,38370,950.1,120.44,27.68
Ghana,Cassava,2000,81524,1250.4,740.71,25.31
Ireland,Sweet potatoes,1992,31459,1547.5,551.68,10.09
Uzbekistan,Cassava,1997,12456,215.8,2112.67,16.26
Malaysia,Plantains and others,2006,28640,2556.9,14505.96,26.76
Argentina,Soybeans,1995,7714,475.6,132329.65,14.69
Burundi,Maize,2006,10255,1282.4,69.83,19.11
"Congo, Democratic Republic of the",Soybeans,1991,5668,1400.0,111.52,24.65
Mali,"Rice, paddy",2000,6466,265.7,351.73,25.38
Hungary,Potatoes,2001,224674,634.1,4543.87,13.67
Mexico,Maize,1990,22181,629.9,23162.32,18.17
Madagascar,Soybeans,2003,5635,1389.2,416.56,23.71
Israel,Sweet potatoes,2000,159613,443.4,1219.92,21.97
Iraq,Soybeans,1995,10534,169.4,1444.01,22.71
Paraguay,Wheat,2012,23531,1063.9,11858.45,19.42
Belgium,Sweet potatoes,1994,71856,820.6,2252.25,9.95
Argentina,Soybeans,2007,13192,456.7,173436.42,16.42
Togo,"Rice, paddy",2002,15873,1027.6,228.0,27.28
North Korea,Sweet potatoes,1994,17122,1039.6,169.71,11.92
North Korea,Sweet potatoes,1993,21092,1193.7,209.6,9.11
Belgium,Soybeans,1996,11755,757.3,5355.98,12.51
Portugal,Yams,1992,28216,861.7,2295.4,14.05
Afghanistan,Soybeans,1998,3892,294.5,141.09,16.3
Jamaica,Wheat,2010,3495,2205.8,605.1,25.2
Guinea,Maize,1996,6222,1947.3,229.72,25.22
Canada,Sweet potatoes,2007,63446,555.7,21822.44,5.8
Colombia,Cassava,2002,26197,3052.3,6264.08,21.87
Zimbabwe,Maize,2012,17271,552.3,2159.96,19.47
Cuba,Soybeans,2005,10883,1517.6,2750.06,25.63
Uzbekistan,Maize,2003,7207,184.6,6309.38,14.79
Malaysia,"Rice, paddy",2002,10311,2581.1,23630.45,26.42
Uganda,Soybeans,2009,10645,1257.2,414.05,24.49
Bangladesh,Plantains and others,1992,29522,2068.5,7451.51,27.3
Ireland,Potatoes,2003,175266,1265.5,1597.18,9.75
Egypt,Cassava,2012,28766,38.9,3962.59,26.91
Thailand,Plantains and others,1990,61316,1646.3,13108.29,27.4
Madagascar,Soybeans,1995,7041,1414.2,253.41,24.06
Cuba,Maize,1998,27952,1271.4,2984.79,27.45
Argentina,Potatoes,2000,179433,657.7,136965.82,15.71
Mali,Yams,2006,20382,360.3,148.68,30.33
Portugal,Maize,1992,17980,810.0,3121.41,16.18
Madagascar,Cassava,1994,32734,1526.8,46.09,22.7
Haiti,Yams,1998,19601,1548.2,37.84,23.27
Nigeria,Soybeans,1996,8780,967.7,1620.35,27.71
Costa Rica,Sorghum,2008,3883,2529.4,4136.07,22.99
Indonesia,Potatoes,2009,17552,2699.9,19579.45,26.03
Germany,Wheat,2004,22197,668.8,17530.44,9.82
Mozambique,Soybeans,2007,8662,1234.4,792.34,24.77
Ivory Coast,Potatoes,1998,21045,1651.4,1323.27,25.9
France,Wheat,1990,32344,791.1,38481.97,13.97
Uzbekistan,Sorghum,2002,3380,226.5,3839.77,13.28
Angola,Sweet potatoes,2011,49971,1129.7,67.14,23.71
Jamaica,Sorghum,2009,3437,2043.0,389.15,29.22
Laos,Sorghum,2009,1624,1742.0,84.22,26.17
Venezuela,Soybeans,1995,5269,2095.2,9570.79,26.36
Morocco,Plantains and others,1990,10465,343.0,4076.14,19.52
South Africa,Cassava,1994,25895,612.3,3814.94,16.43
Benin,Soybeans,2010,6818,721.6,449.24,30.15
Venezuela,Soybeans,1998,3546,2275.3,11319.29,25.47
Madagascar,Plantains and others,1994,22806,1389.3,213.48,24.86
China,Cassava,1994,30296,595.1,368448.91,13.73
Jamaica,Sweet potatoes,1997,26467,2031.1,264.27,23.66
Uzbekistan,Cassava,2007,11913,206.7,3778.51,14.57
Hungary,"Rice, paddy",1992,8027,466.3,9295.97,8.64
Mali,"Rice, paddy",2008,7858,330.7,539.75,28.77
Chad,Plantains and others,1995,9214,389.4,112.55,27.88
Jamaica,Soybeans,1996,5497,1774.7,449.79,26.68
Nigeria,Sweet potatoes,1997,51363,1264.0,690.01,26.28
"Tanzania, United Republic of",Plantains and others,2013,29067,942.5,959.05,21.57
Canada,Soybeans,2006,8253,423.6,65929.29,2.04
Thailand,Potatoes,1991,54977,1625.4,14341.18,25.17
United States of America,Yams,2012,31754,913.1,196907.65,10.5
South Korea,Maize,1995,17129,1103.4,16060.31,10.87
Pakistan,Potatoes,1991,56102,429.8,9170.24,25.85
Uzbekistan,Sorghum,2009,2504,211.1,2886.99,12.97
Australia,Yams,1998,67253,457.0,18082.4,22.16
Jamaica,"Rice, paddy",1999,14427,2336.7,859.28,26.8
Colombia,Potatoes,2001,16487,2473.4,14271.61,26.24
Thailand,Soybeans,2006,9817,1730.0,25557.29,28.31
Philippines,Sorghum,1994,3021,2259.8,2037.59,29.2
Kazakhstan,Potatoes,2007,36971,214.7,1966.72,7.76
Peru,Sweet potatoes,1999,63709,1576.2,2168.06,19.76
Saudi Arabia,Yams,2008,34634,43.0,1646.35,27.4
Madagascar,Soybeans,1999,5809,1374.0,267.6,25.03
Madagascar,Plantains and others,1991,24725,1442.8,201.04,24.54
France,Cassava,2013,51414,636.6,28255.91,12.16
Bolivia,Sweet potatoes,1996,59349,1072.7,597.02,21.23
Romania,Plantains and others,2003,13292,693.6,3592.7,10.21
Portugal,Cassava,2008,46814,838.8,2482.13,16.45
Cambodia,Plantains and others,1994,28093,1753.8,479.89,26.32
Cuba,Maize,2009,26585,1424.4,3815.83,23.78
Chad,Plantains and others,2009,9029,422.4,134.61,27.64
Egypt,Plantains and others,1998,11538,49.0,3810.39,20.41
Rwanda,Yams,1999,13912,1179.2,58.52,19.45
Malaysia,Plantains and others,2013,60673,2193.6,18986.48,27.19
Haiti,Yams,2013,36259,1014.0,47.86,28.27
Sudan,Yams,1998,16296,235.3,369.0,24.88
New Zealand,Sweet potatoes,1991,41769,1635.8,0,14.64
Angola,Yams,2005,14788,923.5,167.5,20.24
Indonesia,Sorghum,1996,4029,2700.3,9701.6,27.85
Iran,Sorghum,2009,6357,228.2,6954.72,19.02
Japan,Soybeans,1998,2916,1984.6,23138.08,14.82
Guinea,Sorghum,2011,2662,1562.7,176.21,27.22
Morocco,Soybeans,2000,8711,332.1,3792.01,17.39
Uganda,Soybeans,2012,9096,1337.3,489.79,22.76
Zimbabwe,Maize,1998,22734,678.8,1024.7,20.87
Guatemala,Wheat,2012,5502,2256.6,4632.97,22.78
Denmark,Sweet potatoes,1992,51109,663.6,780.96,6.96
Czech Republic,Sorghum,2004,6055,669.1,4039.06,9.08
Ireland,Potatoes,1995,123166,1261.7,1612.44,9.13
Argentina,"Rice, paddy",1994,13200,808.4,141343.1,18.21
Greece,Maize,1997,17153,444.5,9430.34,14.2
Nigeria,Potatoes,1994,46427,1157.1,986.94,24.89
Honduras,Sweet potatoes,2007,45266,1755.2,1192.51,27.26
Nigeria,Potatoes,2005,32610,1090.9,1703.05,27.49
Kenya,Yams,1995,35279,789.8,983.38,21.76
Zambia,Yams,2010,22996,1176.6,463.28,21.58
Indonesia,Potatoes,2004,23412,2244.0,14113.9,24.52
Bangladesh,Soybeans,2012,9148,1581.0,12368.2,27.87
Mozambique,Plantains and others,2011,22195,830.3,451.94,25.69
Costa Rica,Sorghum,1997,3703,2565.0,2558.96,24.66
Ireland,Sweet potatoes,2005,62222,1214.4,646.91,8.82
Russia,Maize,1997,9936,530.4,20657.08,3.93
Honduras,Yams,1998,24992,1678.7,871.18,22.73
United States of America,Wheat,1992,29528,892.6,200178.5,12.35
Angola,Sweet potatoes,1993,40714,1116.9,97.31,22.1
"Congo, Democratic Republic of the",Sorghum,1997,1420,2130.6,63.53,24.94
Sudan,Wheat,2001,5616,215.9,707.39,26.09
Honduras,Sorghum,2008,2288,2442.3,1297.73,22.78
France,Maize,2000,19727,733.3,57273.82,10.34
Cambodia,Plantains and others,1997,22631,2143.9,461.16,27.89
Australia,Yams,1997,50187,479.3,12137.73,20.3
Benin,Cassava,2010,50716,898.2,182.91,23.75
Niger,Cassava,2002,22333,245.6,89.59,26.93
El Salvador,Cassava,2000,65599,1425.9,920.5,24.37
Ethiopia,Maize,2013,22641,998.1,1894.16,22.17
Niger,Wheat,2005,2716,297.9,233.05,30.61
Czech Republic,Potatoes,1993,133307,699.4,2716.82,9.15
Kenya,Wheat,1999,11234,583.7,1594.8,23.17
Ecuador,Soybeans,2001,5190,2282.3,7957.6,23.93
Ireland,Maize,2010,25353,855.8,2998.14,8.79
Nicaragua,Soybeans,1990,3465,2195.7,1200.81,24.59
Belgium,Sweet potatoes,2008,69546,640.5,310.6,10.06
Bolivia,Sweet potatoes,2002,60022,1181.8,1635.06,20.22
Hungary,Yams,1993,24922,613.0,1651.85,9.21
Burundi,Wheat,2006,9234,1027.1,64.64,20.15
Mexico,Potatoes,2001,189843,737.7,24614.47,21.2
Netherlands,Potatoes,2003,230330,844.4,5432.57,11.05
Honduras,Sweet potatoes,1998,24617,2110.4,813.47,23.64
Bolivia,Cassava,1991,21948,1333.5,649.72,18.4
Togo,"Rice, paddy",2007,14105,1289.4,327.41,26.62
Cameroon,"Rice, paddy",2008,18855,1822.9,1694.0,23.45
Senegal,Cassava,2001,50684,877.4,322.86,26.69
Greece,Yams,2013,27933,640.6,5316.01,15.19
Iran,Soybeans,1993,6852,238.2,8291.6,16.01
Guatemala,Potatoes,1999,24004,2251.1,2448.9,23.32
Iran,"Rice, paddy",2006,3261,198.9,12814.53,15.91
Kenya,Maize,2013,27126,893.9,3233.19,24.6
"Tanzania, United Republic of",Maize,2010,27589,1302.5,1569.18,23.94
France,Cassava,1990,38055,852.9,6947.93,13.44
Senegal,Maize,2001,17607,729.3,467.08,28.68
Zimbabwe,Wheat,1997,17572,546.5,1034.51,22.28
Mali,Maize,2001,15191,308.0,294.58,28.12
Burkina Faso,Sweet potatoes,1998,58483,977.9,110.23,26.22
Ukraine,Soybeans,2001,6691,563.7,9028.87,10.36
Togo,Plantains and others,2003,20522,1093.9,181.01,27.52
Nicaragua,Sorghum,1993,2408,3357.2,612.36,26.12
Afghanistan,Yams,2005,9286,430.3,81.13,13.72
Greece,Yams,1996,23427,770.8,2858.77,16.21
South Africa,Potatoes,2006,172009,343.5,11578.0,20.05
Iran,Yams,2012,17543,249.6,1659.91,14.42
South Africa,Plantains and others,2002,19819,404.2,6165.83,20.12
Belgium,Maize,2013,23213,1025.2,7574.16,10.71
Costa Rica,Yams,2000,18993,2707.8,626.25,23.27
Paraguay,Plantains and others,1993,44790,1115.2,4800.92,22.63
China,Cassava,2011,52138,636.7,682425.89,15.87
El Salvador,Potatoes,2007,58860,1625.0,2615.99,23.31
Paraguay,Wheat,2013,24297,1084.9,11840.04,21.5
Ukraine,Sorghum,2012,5434,636.0,6593.97,7.52
Panama,"Rice, paddy",1992,8797,2910.7,1323.16,24.67
Thailand,Potatoes,2009,20422,1882.8,21731.33,27.77
Egypt,Maize,2009,33436,35.8,10297.43,25.72
Hungary,Potatoes,2009,255947,612.1,7050.12,12.29
Afghanistan,Wheat,1992,6936,280.7,77.23,13.78
Zimbabwe,Wheat,1999,13385,639.7,1053.78,24.33
Ghana,Sorghum,2003,6376,1254.4,944.15,26.83
Canada,Sorghum,2012,7449,565.5,44619.3,2.78
Guatemala,Sorghum,2000,1767,1906.3,1813.05,22.11
Israel,Plantains and others,1996,18856,437.6,1151.93,17.95
Italy,Sorghum,2006,7258,678.2,26264.83,13.98
Nigeria,Sweet potatoes,2002,61517,1304.3,376.22,25.75
Australia,"Rice, paddy",1997,17812,369.6,46831.97,22.34
Chile,"Rice, paddy",2001,9941,758.2,18857.73,13.56
Ireland,Yams,1997,31829,1346.4,497.32,7.99
Mexico,Cassava,2013,100351,718.0,14874.54,22.31
El Salvador,Maize,2008,15412,1849.6,3307.16,26.01
Nigeria,Plantains and others,1995,22342,1055.6,1057.44,30.04
Mozambique,"Rice, paddy",2003,12636,850.6,727.71,23.92
Brazil,Plantains and others,1992,72089,1581.7,98162.24,25.5
South Africa,Plantains and others,1996,27118,479.8,5777.79,20.26
El Salvador,Cassava,2003,38138,1990.0,936.24,25.99
Hungary,Plantains and others,2009,13768,482.0,7179.23,11.65
China,Soybeans,1995,14327,455.9,1281459.12,15.66
Rwanda,Soybeans,2004,6527,1401.9,197.29,19.19
Philippines,Maize,2013,12510,1953.4,8233.2,28.33
Brazil,Maize,2011,17537,2173.7,292696.56,24.02
Cambodia,Cassava,1997,48919,1676.1,265.72,25.85
India,Maize,2009,30082,1090.2,49372.17,27.07
France,Soybeans,1993,10074,781.4,34857.01,12.91
Bolivia,Yams,2007,21718,1288.0,654.25,19.73
Uzbekistan,"Rice, paddy",1991,2150,120.5,6680.6,15.76
Ethiopia,Maize,2012,26249,944.2,1852.19,23.75
Chile,Maize,2003,15063,746.7,15671.52,15.74
United Kingdom,Wheat,2004,23135,1081.2,13502.46,10.66
Afghanistan,Wheat,2012,10094,319.0,152.58,14.79
China,Soybeans,1999,7532,771.6,1265778.11,12.59
Guatemala,Sorghum,2007,2393,1726.1,2293.39,23.21
Cameroon,Sweet potatoes,2004,26555,1932.4,397.41,26.2
Ecuador,Maize,1993,7694,2144.6,4476.96,20.83
United Kingdom,Wheat,1992,16653,952.5,4316.95,9.72
Morocco,Potatoes,2000,182700,216.6,3234.77,18.5
Uzbekistan,Sorghum,2010,2641,215.0,2428.88,14.8
North Korea,Soybeans,1995,3055,1049.6,479.09,10.53
Peru,Plantains and others,2011,36154,1325.6,4318.27,19.44
South Korea,Wheat,1996,23050,1038.4,8389.76,12.78
Cuba,Yams,1991,58974,1037.2,816.04,28.06
Czech Republic,Wheat,2001,12588,559.8,4882.79,8.7
Cambodia,Soybeans,1996,3529,1830.2,468.25,27.77
France,Maize,1995,20477,1005.3,52105.92,11.42
El Salvador,Potatoes,2000,34285,1493.2,1512.37,25.84
Iraq,Sorghum,1995,5658,221.5,784.32,20.95
South Africa,Soybeans,1993,16943,386.9,6456.3,22.62
Afghanistan,Yams,2000,5873,307.0,4.36,14.89
Ireland,Maize,1990,14222,1449.3,1672.96,9.54
Peru,Wheat,2005,8727,1722.2,5604.32,18.83
Turkey,Cassava,2012,28724,659.2,19117.11,13.74
Mali,"Rice, paddy",2005,7679,328.8,432.72,29.56
Argentina,Potatoes,2008,212912,592.4,121271.76,18.59
"Tanzania, United Republic of","Rice, paddy",2010,19560,1460.9,2121.27,24.64
Portugal,Maize,2012,22159,1143.4,8443.74,16.35
Dominican Republic,Plantains and others,2002,38667,1348.6,1263.92,24.08
Sri Lanka,"Rice, paddy",1998,24815,1916.8,3475.43,26.49
Morocco,"Rice, paddy",2013,5697,394.3,10382.56,16.04
Mali,"Rice, paddy",2011,9314,355.7,548.8,25.6
France,Yams,1995,35115,950.2,9687.01,11.39
Philippines,Cassava,2000,24891,2842.2,2257.95,25.1
Dominican Republic,Soybeans,2002,11859,1492.8,2035.2,24.71
El Salvador,Sweet potatoes,2006,47173,1820.9,1355.77,26.58
Belgium,"Rice, paddy",2010,16256,759.1,6698.52,9.9
Senegal,Maize,2003,17094,509.4,581.97,27.71
China,Cassava,2005,37013,775.1,380603.58,12.63
Morocco,Potatoes,2012,119894,313.9,5731.11,17.33
Bolivia,Yams,1997,27808,1363.2,496.65,20.84
El Salvador,Maize,2012,20392,1485.3,4096.65,25.03
Myanmar,"Rice, paddy",1998,21321,1907.5,1280.07,25.57
Iran,"Rice, paddy",1997,3550,247.9,11951.67,18.79
"Congo, Democratic Republic of the",Wheat,1998,5364,1416.3,138.57,22.86
India,Maize,2003,24475,1174.0,33577.21,26.28
United States of America,Yams,2002,30001,602.5,149282.76,8.97
Portugal,Wheat,2002,32285,876.1,5122.48,15.78
Peru,Wheat,1995,8730,1689.5,2680.18,18.9
Rwanda,Sorghum,1992,2064,1138.3,95.35,18.12
Australia,Yams,2012,59635,460.6,23034.8,20.57
El Salvador,Sweet potatoes,1990,43792,1650.0,896.27,24.6
Ireland,Maize,1994,19900,775.2,2024.01,9.69
Guinea,Soybeans,1993,1982,2483.9,278.37,26.86
Afghanistan,Wheat,2003,9879,339.0,91.25,15.24
Ghana,Soybeans,1996,7591,1509.0,2002.07,27.38
Costa Rica,Soybeans,2002,5300,3414.7,5193.36,23.71
Malawi,Potatoes,2013,70448,1123.3,375.42,22.45
Romania,Soybeans,2007,6577,734.6,6399.11,10.81
Chile,"Rice, paddy",2011,12366,754.4,24082.06,11.57
El Salvador,Maize,1993,8810,2219.0,2559.09,26.51
Nigeria,Potatoes,1993,30739,1177.9,1119.03,25.96
Laos,Soybeans,2002,4573,1680.1,255.75,26.25
Ireland,Sorghum,2007,5580,1352.0,1819.92,11.71
Bangladesh,Plantains and others,1997,18736,2552.8,4736.01,26.01
Zimbabwe,"Rice, paddy",2001,9459,734.5,1583.07,21.08
Laos,Sorghum,2005,2370,1627.5,154.42,26.83
Afghanistan,Yams,2002,6557,364.4,79.25,13.7
Indonesia,Sweet potatoes,1992,24323,2305.6,3073.21,29.58
Panama,Yams,2007,14953,2906.7,980.91,27.96
Mali,Yams,2009,26086,427.9,138.39,30.71
Egypt,Wheat,2013,26559,55.0,9777.96,22.81
Indonesia,Plantains and others,2006,16855,2878.7,13765.9,29.24
Nigeria,Plantains and others,2002,32713,1257.4,1131.45,24.44
United States of America,Yams,1993,30516,829.7,54879.07,13.56
Czech Republic,Potatoes,2000,150268,644.1,4334.11,9.9
Netherlands,Soybeans,2007,13982,950.7,8052.74,9.93
Ghana,Sorghum,2012,5751,1419.7,1170.35,27.15
Burkina Faso,Wheat,2009,4053,629.1,502.1,28.18
Mali,"Rice, paddy",2012,9273,428.5,525.8,28.73
Iran,Yams,1999,24960,315.6,5357.26,19.93
North Korea,"Rice, paddy",2006,5889,1277.5,1019.14,6.93
Germany,Maize,1995,24020,857.0,20831.84,5.88
Venezuela,Maize,2000,8173,2393.3,9637.12,22.24
Zimbabwe,"Rice, paddy",2009,13454,697.6,1965.56,20.98
Egypt,"Rice, paddy",1997,7200,51.4,6185.86,22.8
Laos,Sorghum,1995,1944,1468.8,125.73,22.59
Laos,Soybeans,1992,4649,1764.1,207.24,26.26
Uganda,Yams,2010,39767,1152.9,189.14,22.81
Iran,Soybeans,1996,10331,218.9,7665.24,18.01
Bangladesh,Plantains and others,1995,33786,2059.6,7904.51,25.4
Niger,"Rice, paddy",2003,4928,260.4,236.19,24.24
Spain,Potatoes,2004,238944,558.3,23806.97,14.39
Kazakhstan,Sorghum,2011,3063,266.1,1713.1,3.87
"Tanzania, United Republic of",Yams,2007,49178,986.2,739.92,26.19
Philippines,Maize,1997,10110,2011.5,4768.84,24.97
Ireland,Sweet potatoes,2012,64105,1448.8,1071.97,9.76
Mozambique,Potatoes,1996,26575,954.4,495.54,25.81
Laos,Sorghum,1999,2671,1622.0,101.19,27.32
Turkey,Wheat,2006,24397,785.6,39454.7,12.99
Guinea,Cassava,1995,38505,1757.0,120.28,24.31
Uzbekistan,Soybeans,2011,3745,229.1,7358.84,12.84
Angola,Sweet potatoes,2007,57582,924.6,105.87,22.46
Peru,Sorghum,1993,1763,1964.4,2345.71,19.6
Nicaragua,Sorghum,1997,2669,2139.6,596.61,27.27
South Africa,Maize,2006,35399,592.1,12271.38,19.87
Japan,Wheat,2004,31103,1568.5,38763.93,16.19
Iraq,Sorghum,2013,6158,195.3,1464.95,20.8
Mexico,Sweet potatoes,1995,105578,856.4,1580.7,20.09
Morocco,Potatoes,2001,177541,339.9,3860.78,17.76
Japan,Sweet potatoes,2011,53464,1604.9,9175.06,14.13
Panama,Cassava,1990,25281,3145.0,459.1,24.04
Cuba,Cassava,2004,90291,1101.5,1463.12,25.85
"Congo, Democratic Republic of the",Sorghum,2007,2750,1491.6,96.07,25.68
Algeria,Potatoes,1997,69379,89.2,2157.8,19.45
Kenya,Yams,2008,39653,661.3,1056.15,24.17
Ireland,Maize,2006,21491,1083.1,2279.55,10.66
Sierra Leone,"Rice, paddy",1990,6676,2383.6,136.87,26.31
Jamaica,Sweet potatoes,2007,52915,1576.3,114.9,26.76
Nigeria,Sorghum,2008,6737,1156.9,672.2,28.21
Colombia,Sorghum,2005,4807,2053.8,14072.55,26.93
China,Yams,1995,26384,579.3,527686.72,14.96
Saudi Arabia,"Rice, paddy",1998,10084,58.6,3770.33,25.88
Ghana,Sweet potatoes,2011,83301,990.2,1095.05,25.46
Russia,Sweet potatoes,2004,34457,458.6,8341.8,2.41
France,Wheat,2007,39522,643.6,47091.27,13.43
Israel,Yams,1995,42941,425.3,298.2,19.81
Sierra Leone,Wheat,1993,2240,2660.6,99.55,24.57
Guatemala,Wheat,2004,2272,2002.6,3519.56,26.3
Niger,Sweet potatoes,2008,34139,377.3,90.2,27.02
Argentina,Sorghum,1993,5829,542.5,47724.25,15.1
South Korea,Wheat,1995,23731,1348.2,19248.56,13.44
Iraq,Plantains and others,1990,9369,219.6,1039.4,22.05
Ethiopia,Potatoes,2001,68759,852.7,1261.61,22.99
Benin,Cassava,2002,47175,1034.5,271.84,28.5
Czech Republic,Sweet potatoes,2010,61003,673.5,1574.24,12.72
Peru,Sweet potatoes,1998,36090,2029.1,979.72,22.06
Egypt,Cassava,1991,33093,52.8,0,22.76
Italy,Sorghum,1999,6492,811.8,24061.71,14.12
"Tanzania, United Republic of","Rice, paddy",1993,14823,898.2,900.91,22.71
Zambia,Yams,2007,36867,925.9,334.41,23.01
Uganda,Yams,2007,24108,1661.7,203.38,20.24
Zimbabwe,Sorghum,1990,6071,516.7,837.87,22.91
Hungary,Cassava,2013,34226,552.4,5309.97,11.96
Cuba,Sweet potatoes,1997,49819,1523.1,837.24,28.47
Bolivia,Sweet potatoes,2003,82295,1053.1,559.56,21.97
Nicaragua,Soybeans,1996,2521,2344.4,1382.89,29.27
Algeria,Potatoes,2001,111378,83.3,3038.85,18.46
Honduras,Sweet potatoes,2005,24933,2285.7,921.81,22.65
Mexico,"Rice, paddy",2009,20196,778.3,59486.28,20.75
Australia,Yams,1990,45504,458.0,6037.49,21.11
Malaysia,Cassava,1999,31123,2973.7,6813.5,26.83
Belgium,"Rice, paddy",1995,18533,939.3,4732.08,9.36
Chad,Wheat,2007,4912,437.1,129.68,24.44
"Tanzania, United Republic of",Maize,2011,24201,1186.3,2124.56,24.01
Iran,"Rice, paddy",1990,2981,250.0,7176.15,17.65
Zimbabwe,Sorghum,2012,5251,681.3,866.13,21.47
Angola,Sweet potatoes,1999,36136,651.6,92.25,22.24
Philippines,Cassava,1990,21154,2497.5,1392.31,24.74
Jamaica,Plantains and others,1990,30495,1523.9,189.61,28.69
El Salvador,Plantains and others,2009,27872,2140.6,2117.99,24.42
India,Cassava,2005,72757,1185.6,16423.44,22.3
Belgium,Potatoes,2013,250783,780.3,5038.18,10.11
Brazil,Maize,2012,33441,1761.8,425857.36,23.71
Turkey,Cassava,1996,36369,734.9,7025.14,14.33
New Zealand,Soybeans,1996,3260,1904.9,3029.38,10.8
Greece,Cassava,1990,27258,720.1,1487.59,14.78
Italy,"Rice, paddy",2008,16772,909.6,74615.96,12.73
France,Cassava,1994,36681,832.8,17892.04,11.74
Saudi Arabia,Plantains and others,1994,13222,71.2,957.92,28.35
Niger,Sweet potatoes,2010,33064,249.6,55.95,27.33
Niger,Maize,2002,12922,285.8,228.41,28.42
Cuba,Plantains and others,1992,37025,1343.5,752.63,27.52
Zimbabwe,Maize,1997,17468,716.9,1185.51,19.48
Guatemala,Potatoes,2000,21855,1771.6,1409.01,25.04
Venezuela,Yams,2004,51638,1840.9,5586.84,26.48
Ivory Coast,Sorghum,2008,5393,1421.7,1620.66,24.53
Canada,Sweet potatoes,2008,54421,596.2,17479.46,4.7
Russia,Wheat,2005,8458,335.2,18005.48,5.11
Venezuela,Cassava,1994,52310,1846.7,3467.91,28.49
Mozambique,Plantains and others,1990,21335,1161.3,214.72,24.58
Mozambique,Sorghum,1993,4394,939.5,185.36,23.97
El Salvador,Cassava,1994,33118,1979.4,990.06,24.26
Hungary,Plantains and others,1992,10153,508.3,4865.23,9.51
Mozambique,Sorghum,2009,4490,1029.3,348.53,24.47
Italy,Wheat,1990,32258,814.4,17233.97,14.06
Brazil,Sweet potatoes,1998,68866,1928.1,28022.78,23.37
Saudi Arabia,Plantains and others,2002,18754,65.0,2963.62,29.03
Egypt,Maize,2004,28185,43.5,8284.97,21.59
Ireland,Sorghum,2005,5904,1100.4,1213.71,11.73
Haiti,Plantains and others,2011,25409,1047.4,125.76,26.46
Ghana,Cassava,1995,77282,1056.4,726.17,27.69
Ethiopia,Sorghum,1993,6086,942.7,655.76,24.41
Cameroon,Sorghum,2010,2133,1971.6,578.9,22.26
Senegal,Plantains and others,1997,13301,442.6,174.87,26.61
Australia,Plantains and others,1992,24616,443.2,8458.31,21.61
United Kingdom,Sweet potatoes,2009,74153,1351.7,6369.42,13.65
Netherlands,Plantains and others,1990,22510,773.0,3775.26,10.05
Laos,Sorghum,2006,3451,1510.0,168.64,24.74
Norway,Soybeans,2003,7346,1597.2,786.47,7.94
Uzbekistan,"Rice, paddy",2011,2518,186.5,9009.62,15.03
Togo,Soybeans,1993,6051,1307.6,127.4,28.43
Niger,Sweet potatoes,1997,38350,317.4,25.86,24.57
Myanmar,Soybeans,2006,3540,2831.1,1070.36,27.35
Vietnam,Maize,2000,15408,2141.8,25024.34,26.12
Brazil,Sweet potatoes,2003,112038,1743.3,94979.35,24.26
El Salvador,Yams,2000,44917,1467.1,811.23,24.62
United States of America,Plantains and others,1999,21952,905.2,184848.76,14.37
Angola,Potatoes,1992,49325,883.2,208.29,21.79
Chad,"Rice, paddy",2011,6914,351.0,263.48,27.69
Russia,Wheat,1990,7213,433.8,10074.34,5.09
Malaysia,Sorghum,1998,4231,2918.4,11209.38,26.41
Egypt,Plantains and others,2005,18166,49.4,6121.52,23.0
Chad,Wheat,1998,2479,459.7,99.93,28.16
Colombia,Potatoes,2010,42258,2533.4,30119.84,23.98
Mozambique,Soybeans,2001,8139,909.3,548.95,24.1
Spain,Wheat,1991,36456,664.7,14375.7,15.72
Pakistan,Maize,2010,35950,474.2,27120.84,22.54
Madagascar,Cassava,2007,42374,1423.0,218.11,22.23
Afghanistan,Sorghum,2013,1454,337.6,96.52,13.76
Mali,Sweet potatoes,2013,31659,357.0,131.07,29.15
Sri Lanka,Wheat,2003,2063,1736.2,2782.69,27.88
Sudan,Yams,2012,24855,246.9,674.38,26.61
Ireland,Sorghum,2012,7065,1160.9,1645.51,9.53
India,Sorghum,2000,9779,1125.7,23682.24,26.74
Turkey,Wheat,1990,20541,662.3,23186.15,12.05
France,Cassava,2011,66521,782.7,31189.71,9.89
France,Soybeans,1995,9630,727.2,34042.9,11.65
Ukraine,Soybeans,1998,5270,293.3,9124.93,7.79
Ireland,Cassava,2001,53372,1018.8,333.85,8.91
Jamaica,Plantains and others,1993,32190,1714.3,409.48,24.54
Morocco,Cassava,2013,32097,365.6,2689.2,18.83
Senegal,Yams,1993,30716,653.4,176.56,28.31
Ukraine,Sorghum,2003,4588,517.9,5054.73,8.42
Zimbabwe,Wheat,1998,12420,531.5,1042.48,23.37
Turkey,Potatoes,1992,162646,561.0,22242.91,12.53
Benin,Plantains and others,1996,22926,1071.3,239.33,25.21
Japan,Sweet potatoes,2008,57543,1769.1,25323.88,15.08
Malawi,Sorghum,1990,4363,1281.5,65.7,23.0
Angola,Cassava,1996,28132,1256.2,204.29,21.31
Mozambique,Sorghum,2006,4905,1152.4,352.53,27.82
Argentina,Soybeans,1990,14634,515.5,140364.95,17.01
Panama,Wheat,2000,1887,3106.3,1417.01,27.58
Iran,Soybeans,2010,13968,272.7,12216.47,18.88
Argentina,Potatoes,1990,207905,439.3,60670.64,15.88
Guatemala,Sorghum,1995,2384,1809.5,1986.35,25.15
Kenya,Plantains and others,2008,21658,557.8,1405.07,23.8
Ghana,Sweet potatoes,2006,85266,1025.7,774.75,25.42
Guinea,Maize,2002,14425,1503.1,253.76,25.12
Netherlands,Potatoes,2009,258249,715.2,5602.21,10.73
Turkey,Potatoes,1993,135165,507.1,21038.74,11.58
Spain,Soybeans,1994,11857,731.1,22346.22,15.32
Guatemala,Sorghum,1994,2573,1658.0,1111.91,24.99
India,Maize,2011,39624,949.8,42507.16,25.67
Ukraine,Maize,2002,17215,619.3,11772.34,6.74
Colombia,Cassava,2011,31540,2552.0,13027.35,23.13
Nicaragua,Sorghum,2012,2413,1947.3,901.23,26.25
Angola,"Rice, paddy",2002,8579,1214.2,470.23,21.14
Brazil,Maize,1995,33246,1524.6,282277.49,24.65
Uzbekistan,"Rice, paddy",2000,2467,176.1,7674.45,14.78
Spain,Maize,1994,18612,484.7,21352.04,14.63
Cuba,Cassava,2013,90629,1488.4,1416.07,26.78
South Korea,Plantains and others,2002,28788,1392.9,12318.04,15.36
Laos,Maize,1998,6798,1952.4,194.7,26.64
Nepal,Sweet potatoes,2005,48694,1661.6,60.22,22.66
Madagascar,Cassava,1991,31391,1821.6,107.25,24.22
Myanmar,Yams,1993,24610,1726.1,432.36,25.15
Argentina,Wheat,1997,35364,596.5,105272.13,14.04
Nigeria,Sweet potatoes,1995,49274,1116.6,934.3,29.7
Malawi,Maize,1999,21322,1024.5,255.34,22.59
South Korea,Plantains and others,2013,29816,1365.2,11543.22,12.72
Niger,"Rice, paddy",1998,6171,321.6,268.03,27.09
Russia,Potatoes,2012,58485,506.5,20930.89,4.67
Burundi,Potatoes,2012,60800,1278.5,74.67,21.19
Czech Republic,Wheat,2007,12563,672.6,4674.19,6.0
United Kingdom,Wheat,1997,29892,1073.2,10851.66,11.97
Mali,Wheat,1994,3057,338.4,244.19,29.76
Burkina Faso,Sweet potatoes,1992,34414,726.6,193.7,29.61
Israel,Yams,1992,60060,369.7,466.74,20.42
Denmark,Sweet potatoes,2009,68712,642.2,918.18,10.35
Sierra Leone,Soybeans,1994,2316,2317.8,134.72,25.73
Jamaica,"Rice, paddy",2003,17974,2190.7,945.43,27.19
Malaysia,Sweet potatoes,2012,39288,2480.9,8118.28,26.7
Uganda,Soybeans,2005,8506,1302.6,449.35,23.35
Canada,Sorghum,1992,4191,722.1,28285.5,4.0
Cameroon,Sorghum,1997,4236,1342.9,309.77,25.14
Colombia,Yams,2000,13000,3535.3,9002.82,21.02
Kazakhstan,Soybeans,2005,3439,283.1,2676.7,6.4
Saudi Arabia,Soybeans,2007,13530,57.7,4076.47,24.93
Ireland,Cassava,1999,52719,1057.8,692.6,11.87
Guatemala,Soybeans,2002,4485,1980.4,3301.7,25.58
Colombia,Plantains and others,1997,15201,2890.3,7057.23,25.98
Zimbabwe,"Rice, paddy",2004,14742,700.2,1777.38,23.18
Cambodia,"Rice, paddy",1996,20837,1611.3,889.54,25.44
Bolivia,"Rice, paddy",1994,14475,1129.0,1825.75,21.13
Burundi,Soybeans,1999,6602,1245.3,52.93,18.18
Niger,Maize,1994,11785,255.9,130.81,27.65
Burundi,Sorghum,2006,1982,1453.8,28.7,19.58
Malaysia,Sweet potatoes,2003,32901,2493.5,8713.95,26.37
Guatemala,Yams,1998,9852,2540.6,687.03,24.69
New Zealand,Wheat,1994,9356,2002.5,2082.03,11.68
Hungary,Yams,1996,30208,809.2,1381.03,13.4
Ecuador,Yams,1998,23136,2128.9,3910.08,23.03
Kenya,Yams,2012,39941,607.3,1377.11,22.33
Iran,Yams,2007,12998,206.6,6327.72,17.03
Thailand,Cassava,1993,103634,1553.2,6338.59,26.38
Ethiopia,Maize,1994,18097,902.8,1043.3,19.25
Bangladesh,Plantains and others,2006,18276,2634.0,6704.86,25.85
Paraguay,Maize,1994,30829,1460.5,9819.7,24.82
Russia,Maize,2005,9335,309.2,26395.65,5.3
Burundi,Sorghum,2013,1840,1301.6,58.96,18.53
Ivory Coast,Sorghum,2010,4365,1382.1,1051.67,24.26
Benin,Soybeans,2008,8713,927.8,552.35,25.25
Niger,"Rice, paddy",2010,5886,293.7,330.12,29.28
Honduras,Plantains and others,2012,36867,2082.2,1759.93,23.39
Egypt,Plantains and others,2001,17603,52.4,4976.68,25.08
Jamaica,Soybeans,1993,7245,1580.6,524.93,24.79
Panama,Cassava,2007,24603,3099.9,1586.64,28.31
Guinea,Yams,2007,33838,1425.2,112.55,26.64
Dominican Republic,Sorghum,1994,3562,1576.0,314.79,22.81
Brazil,Maize,1992,34376,1441.1,176055.41,26.88
Paraguay,Cassava,1994,104524,1428.2,0,24.56
Dominican Republic,Plantains and others,2008,47862,1529.1,2037.6,24.14
Ghana,Sweet potatoes,2003,66982,1224.6,692.41,26.6
Paraguay,Sweet potatoes,1994,106219,1372.5,3231.05,21.51
Japan,Soybeans,1991,6005,1810.8,27507.44,15.36
Mexico,Cassava,2004,84722,971.4,25866.93,21.09
Sri Lanka,"Rice, paddy",2001,32863,1722.2,4171.21,26.1
"Tanzania, United Republic of",Yams,2003,31722,1057.2,524.96,21.69
North Korea,Soybeans,1997,4353,1114.8,454.65,12.94
Thailand,Sorghum,2009,5401,1689.8,17742.95,27.56
Ghana,Plantains and others,2001,41759,1205.9,978.02,26.11
El Salvador,Plantains and others,1991,37718,1662.4,1761.81,26.08
Indonesia,Sweet potatoes,2005,27841,2835.1,6611.92,27.31
Ghana,"Rice, paddy",2011,22004,1125.0,2902.08,29.33
Uruguay,Sweet potatoes,1992,33868,1461.2,3593.0,14.81
Sierra Leone,"Rice, paddy",2004,12559,1926.0,209.11,28.8
Morocco,Maize,1998,21842,281.8,5967.97,19.11
Chile,Wheat,1994,21444,761.3,13419.94,15.44
Niger,Yams,2000,14244,300.6,81.68,28.24
Netherlands,Cassava,1992,55780,796.9,1340.52,9.49
Iran,Yams,2001,11846,205.8,2457.86,17.34
India,Potatoes,2010,131326,1251.2,42438.22,22.85
Belgium,"Rice, paddy",2013,17619,697.8,9655.05,12.04
Uruguay,Yams,1990,26185,1034.7,2708.26,16.62
Bolivia,"Rice, paddy",1992,8481,1124.9,2313.76,20.32
Peru,Maize,2004,8084,1948.6,6047.03,21.09
Poland,Sorghum,2008,5683,714.9,8359.33,8.89
Brazil,Sorghum,1990,5795,2097.3,102286.67,25.04
Peru,Sweet potatoes,2008,63521,1780.2,2542.7,20.76
Zambia,Plantains and others,2007,27473,968.0,303.42,24.12
Sierra Leone,"Rice, paddy",2007,5940,2516.5,201.53,28.16
Germany,Maize,2010,22747,723.2,30507.94,10.01
Nepal,Sweet potatoes,1996,36425,1549.7,1.85,19.51
Chad,Plantains and others,2005,7700,330.4,119.61,25.65
Australia,Plantains and others,1993,33541,540.3,13776.79,21.32
Senegal,Plantains and others,1992,16850,620.9,151.66,26.42
Zimbabwe,Sorghum,1995,6308,742.3,574.75,23.52
Mexico,Cassava,1997,98112,936.9,12761.01,22.11
Ecuador,Soybeans,1992,4769,2307.7,4206.53,20.6
Niger,Wheat,1995,3655,206.1,141.42,26.26
Indonesia,Sorghum,2003,4492,2078.8,10142.95,28.93
France,Yams,1997,34113,827.7,30815.86,11.39
Panama,"Rice, paddy",1991,8780,3665.7,1743.69,26.28
Dominican Republic,Soybeans,1991,10443,1216.4,1329.4,26.54
Afghanistan,Plantains and others,2011,2748,239.4,105.2,14.75
Italy,Cassava,2008,53834,750.9,25182.05,15.83
Argentina,Wheat,2012,41053,473.2,138124.64,16.28
Argentina,Sweet potatoes,2001,104564,575.5,43147.33,17.07
India,Sorghum,2006,10862,864.4,22135.83,24.51
Kenya,Potatoes,2007,102242,796.2,1891.27,22.12
Mexico,Cassava,1992,78557,911.3,13431.5,21.53
Burundi,Potatoes,2001,53213,1204.7,56.68,20.98
Czech Republic,Sorghum,1999,4928,598.6,2098.57,7.77
Argentina,Sweet potatoes,2013,141510,710.7,40398.48,17.9
Burkina Faso,Sweet potatoes,2011,40932,1005.3,160.71,28.51
Haiti,Potatoes,1995,15598,1670.9,88.8,25.71
Peru,Sweet potatoes,1990,59806,1832.8,1246.07,22.47
Brazil,Sorghum,1995,4104,1970.4,99311.07,24.69
Belgium,Yams,2009,47348,848.0,3048.04,10.63
Guatemala,Potatoes,1993,62498,1504.2,1585.59,20.94
Niger,Wheat,2000,3556,220.7,113.6,27.1
Malaysia,Sweet potatoes,1998,50634,2029.4,7906.79,25.93
Bolivia,Potatoes,1992,38002,1459.0,810.56,24.09
Ecuador,Plantains and others,2002,16639,2702.1,3308.0,22.61
Dominican Republic,"Rice, paddy",1990,21883,1541.3,1779.23,28.75
Niger,Yams,1994,19692,320.8,56.57,25.02
Haiti,Soybeans,1990,4359,1539.1,91.85,26.29
Paraguay,Maize,1997,29227,1133.7,7159.24,24.0
Haiti,Soybeans,2012,6977,1546.5,187.11,24.92
Turkey,Cassava,2011,39477,667.0,17685.23,13.66
South Korea,"Rice, paddy",2006,14699,1357.1,25409.31,13.81
Ireland,Wheat,1996,15282,1194.7,1264.26,9.82
Jamaica,Soybeans,2001,4737,1850.4,705.23,27.65
Ghana,Yams,2013,66321,1315.9,985.17,28.4
Senegal,Sorghum,2010,7110,693.4,215.33,28.05
Zimbabwe,Maize,2008,28145,654.8,1792.13,21.83
Netherlands,Soybeans,1990,8432,884.7,4959.71,10.84
France,Soybeans,2012,12458,702.5,66258.62,13.72
New Zealand,Soybeans,1997,3743,1854.5,2231.22,10.81
Turkey,Wheat,1992,25432,550.0,20687.2,14.79
Cuba,Yams,1997,48505,1334.7,948.19,23.1
Egypt,"Rice, paddy",1998,9081,42.4,8581.08,25.89
United States of America,Sorghum,2010,6190,913.8,181501.85,11.71
Togo,Yams,2000,41760,1305.0,42.38,27.81
Niger,Yams,2008,19796,248.5,154.61,27.14
Indonesia,Plantains and others,1998,42254,2210.8,11153.01,25.36
Bangladesh,Sweet potatoes,2006,27411,2479.0,3184.75,25.58
Peru,Wheat,1991,7141,1785.1,2688.87,19.92
Greece,Yams,2007,26384,699.5,2294.9,17.48
Burkina Faso,Sorghum,2013,6618,611.8,357.62,25.75
Thailand,"Rice, paddy",1998,41591,1174.7,22134.18,27.83
Thailand,Yams,2010,84005,1659.3,13332.34,29.95
Thailand,"Rice, paddy",1996,37692,1621.4,25972.82,31.2
Indonesia,Sorghum,1997,4208,3039.1,9418.31,25.48
Rwanda,Soybeans,2009,5684,1199.4,263.28,19.29
Cambodia,Plantains and others,2005,32849,2079.8,488.7,26.03
Honduras,Plantains and others,1991,33929,1857.5,1667.64,25.32
Saudi Arabia,"Rice, paddy",1992,9081,59.8,3044.05,25.47
Sudan,Yams,2007,20989,267.9,197.75,25.88
Italy,Wheat,1992,36234,829.6,27498.63,14.1
Uruguay,Sweet potatoes,1993,125628,1191.3,1865.71,21.7
Burkina Faso,Sorghum,2002,6539,554.7,254.11,27.83
Zimbabwe,"Rice, paddy",1998,7386,898.8,1651.71,18.93
Uzbekistan,"Rice, paddy",1993,2537,169.8,5022.18,14.24
Nepal,Soybeans,1996,5266,1475.5,95.24,20.96
Guinea,Soybeans,1997,4957,1615.1,207.34,23.85
Turkey,Wheat,2004,21614,684.6,28148.86,14.32
South Korea,Yams,1998,36326,1029.6,5484.74,11.44
Iraq,Sorghum,1991,5709,212.3,450.87,21.43
France,Cassava,1991,45454,888.5,10044.83,10.48
Nepal,Sweet potatoes,1995,28823,1709.5,17.31,19.96
"Tanzania, United Republic of",Potatoes,2010,79622,842.2,1776.64,23.42
Rwanda,"Rice, paddy",2012,5266,1155.3,381.85,17.22
Nicaragua,Maize,2000,7378,2238.8,1306.44,26.73
Angola,Soybeans,1998,7933,1089.7,321.71,22.54
Niger,Cassava,1995,18323,234.6,89.79,26.18
Cambodia,Cassava,2011,50768,1884.4,318.68,26.99
Iraq,Cassava,2001,25998,222.1,1060.71,21.02
Hungary,Potatoes,1994,204297,809.0,5061.76,11.87
Costa Rica,Sweet potatoes,1990,30056,3019.8,2231.27,23.66
"Tanzania, United Republic of",Maize,1995,17202,983.3,958.44,25.53
Algeria,Potatoes,1999,85703,87.1,2857.08,18.27
South Korea,Yams,2005,32972,1641.7,7811.49,13.37
"Congo, Democratic Republic of the",Maize,2007,16261,1321.0,249.87,24.94
Israel,Potatoes,2003,237719,358.4,1470.38,21.29
Cambodia,Yams,2002,17991,2204.5,89.93,29.52
Nicaragua,Plantains and others,2012,31296,1988.1,1330.36,29.3
Madagascar,Cassava,2011,44074,1343.6,205.76,21.44
Burkina Faso,Sorghum,2004,5772,928.4,414.74,28.3
Panama,"Rice, paddy",2006,8765,2850.7,3244.44,25.48
Ireland,Sorghum,2001,3938,1328.1,1074.44,8.64
Egypt,Soybeans,2010,12481,53.7,8190.81,23.83
Israel,Cassava,2010,124163,450.0,1449.57,21.93
South Africa,Sweet potatoes,2009,73750,511.2,2713.96,16.66
Burundi,Soybeans,1997,7006,1194.6,53.72,20.14
Costa Rica,Sorghum,2006,4035,3233.1,3200.38,24.0
El Salvador,"Rice, paddy",2011,22548,1984.0,5444.51,26.33
Venezuela,Soybeans,2006,10094,1728.5,11373.84,24.29
Haiti,Maize,1991,13761,1133.0,136.56,25.01
Dominican Republic,Sorghum,1992,7204,1238.4,646.75,26.45
Burkina Faso,Wheat,1991,3927,913.4,110.11,26.74
Uzbekistan,Maize,2001,6108,157.1,4943.88,14.16
Sweden,Soybeans,2011,9149,732.9,2622.97,6.69
Egypt,"Rice, paddy",1990,9303,44.8,4719.65,22.95
Germany,Maize,2007,25348,588.3,35168.48,4.84
Poland,Sorghum,2013,5565,659.5,9529.12,6.67
Czech Republic,Sweet potatoes,1994,55858,852.3,1459.58,8.95
India,Plantains and others,1990,40106,1153.6,17050.4,24.32
Thailand,Yams,1994,55703,1625.5,7395.49,25.98
Jamaica,"Rice, paddy",2011,20162,1949.6,1100.45,24.48
Mali,Yams,1990,24098,417.9,88.95,29.97
Pakistan,Potatoes,2012,85048,384.9,13788.14,23.13
North Korea,Soybeans,2005,3603,1035.8,752.96,13.12
Cambodia,Plantains and others,1991,28745,1718.0,220.43,25.9
Belgium,Maize,1995,18514,716.2,3992.18,9.2
Canada,Soybeans,2005,9682,524.2,46972.17,7.06
Senegal,Yams,2002,31882,735.4,187.65,25.42
Myanmar,"Rice, paddy",2001,9919,2232.7,1291.57,22.74
Madagascar,Cassava,2000,47903,1563.0,162.45,23.62
Haiti,Potatoes,1990,35070,1275.0,87.83,24.45
Germany,Wheat,2009,14995,611.5,23479.89,8.99
Ethiopia,Maize,2001,15678,932.9,1481.98,21.36
Jamaica,Wheat,1992,6243,1584.3,267.14,24.73
Afghanistan,Cassava,2002,6045,294.8,72.35,14.79
Burkina Faso,Sweet potatoes,2009,45326,973.2,296.38,26.88
Togo,Potatoes,1993,17712,922.5,120.22,27.42
Philippines,Maize,2004,9020,2797.5,7010.68,29.0
Ukraine,Sorghum,1994,4167,643.1,3272.51,9.02
Mexico,Wheat,2012,26136,730.6,37255.24,22.36
Ghana,Plantains and others,1999,36659,1046.7,1035.87,25.62
North Korea,Sweet potatoes,1992,23893,1047.9,195.89,10.36
Angola,Yams,2006,22275,919.4,107.44,22.63
Ivory Coast,Sweet potatoes,1999,76453,1119.7,851.14,26.88
Kenya,"Rice, paddy",1996,10602,513.5,2345.03,24.55
Ghana,Sweet potatoes,1994,64126,1210.7,279.59,24.97
Portugal,Potatoes,1992,152743,927.4,3299.24,15.22
Iraq,Maize,2012,25844,275.5,3158.35,23.16
Ivory Coast,Sweet potatoes,1992,59899,1383.9,872.06,28.21
China,Soybeans,1990,7717,748.2,469245.23,12.29
Niger,Yams,2009,17851,261.9,77.87,27.1
Mexico,"Rice, paddy",1992,20980,914.2,26488.59,23.65
Senegal,Yams,1997,29844,622.7,244.14,26.87
Haiti,Cassava,2002,45998,1545.6,66.48,26.74
Jamaica,Plantains and others,2003,23958,2371.9,527.86,27.64
Peru,"Rice, paddy",2011,9701,1760.4,8279.04,17.81
Ethiopia,Maize,1997,17193,772.3,1618.94,20.46
"Congo, Democratic Republic of the",Wheat,2003,3118,1512.0,161.02,25.43
Chile,Wheat,2001,26769,681.2,12091.56,14.62
Rwanda,Soybeans,2002,7052,1067.4,209.73,19.33
Malaysia,"Rice, paddy",2010,11255,2930.6,36524.38,28.3
Nicaragua,Yams,2012,39542,1853.6,698.7,27.78
"Congo, Democratic Republic of the",Wheat,2007,2934,1691.6,206.22,23.8
Nicaragua,"Rice, paddy",2003,15555,2124.0,1787.1,24.9
Morocco,Potatoes,2010,146606,371.1,5961.73,18.13
Canada,Sweet potatoes,1992,55076,584.7,20161.5,4.83
Belgium,Soybeans,2013,10443,998.4,5982.84,6.75
Austria,Soybeans,1995,8694,1027.1,2467.8,7.61
Afghanistan,Sweet potatoes,1992,7815,396.6,25.78,14.74
France,Maize,2008,23109,527.9,73091.76,10.93
Chile,"Rice, paddy",1992,6018,514.9,13396.12,13.02
Turkey,Potatoes,2009,241280,795.4,41259.67,13.84
El Salvador,Potatoes,1990,12694,1816.1,1319.14,26.79
Thailand,Potatoes,1990,41573,1424.9,13044.9,26.49
Zambia,Soybeans,1994,8932,1061.2,457.65,23.28
New Zealand,Soybeans,2007,7272,1303.3,3540.23,13.63
Cameroon,Sorghum,1990,1782,1763.8,493.31,27.81
Hungary,Sorghum,2012,7788,518.6,4021.09,11.09
Greece,Cassava,1994,33812,746.7,1546.92,15.95
Mozambique,Sorghum,2010,5828,1015.7,383.05,25.62
"Congo, Democratic Republic of the",Cassava,2010,45423,1302.8,115.67,23.25
Argentina,Wheat,2004,42267,584.1,109392.23,17.71
Guatemala,Plantains and others,2003,28279,2190.9,1646.27,21.46
China,Sorghum,1997,4817,505.6,500083.04,15.17
Japan,Sweet potatoes,2002,90285,1361.4,17034.12,15.5
Spain,Potatoes,1997,214123,745.2,17012.35,15.93
Rwanda,Sorghum,2011,2444,1183.6,132.76,18.96
Netherlands,Plantains and others,1997,29231,749.0,4030.53,12.54
Sri Lanka,"Rice, paddy",2005,28469,1428.8,4832.63,30.67
Mali,Potatoes,2009,22558,286.5,329.56,29.4
Laos,Sweet potatoes,2004,25416,1971.2,44.86,24.0
Israel,Plantains and others,2005,49749,482.5,1138.41,21.82
Burkina Faso,Plantains and others,2011,18578,765.1,439.88,25.13
Cuba,Cassava,2009,93565,1589.7,1531.87,28.54
Austria,Wheat,2006,10713,1281.4,3324.14,7.01
Sri Lanka,Potatoes,1990,9198,1910.9,1991.79,26.35
Spain,Soybeans,1992,7459,470.9,16102.6,14.53
Iran,Sorghum,1999,5487,233.8,5669.15,19.22
Nigeria,Plantains and others,2011,35879,979.9,1801.3,27.02
Thailand,Wheat,2004,3559,1706.0,20966.25,29.37
Uganda,Plantains and others,2001,32026,1177.6,214.27,25.44
Sri Lanka,Wheat,1990,2103,1749.7,1830.32,28.38
Chile,Soybeans,2012,10251,699.2,14989.95,13.82
Netherlands,Sorghum,2011,9247,719.1,3953.56,10.29
"Congo, Democratic Republic of the",Sorghum,2008,5214,1109.9,147.34,28.15
Ghana,Cassava,2011,66432,1275.8,1025.62,28.49
Benin,Sorghum,1996,5794,903.6,190.43,28.44
Indonesia,Plantains and others,2010,17498,3030.9,17763.89,24.55
United States of America,Wheat,2002,36718,816.9,233473.64,11.3
Ukraine,Soybeans,2011,7931,575.0,13779.02,6.59
Venezuela,Yams,2002,17316,2278.2,2906.25,25.15
Angola,Potatoes,2000,77810,945.9,154.62,21.21
Nicaragua,Maize,1998,7312,2850.0,1652.33,25.9
Mexico,Potatoes,2012,126490,622.6,29394.53,23.04
China,Soybeans,1994,9614,656.2,1030020.56,15.32
India,Cassava,2013,109464,1071.1,17699.25,26.07
Netherlands,Cassava,2005,49004,660.4,3215.95,8.42
Burkina Faso,Maize,2000,14574,868.1,490.94,27.13
Myanmar,Cassava,2002,43633,2105.7,415.29,28.57
Morocco,"Rice, paddy",1994,5334,380.5,6402.41,14.74
Zambia,Yams,2009,35204,766.2,374.13,23.07
Israel,Sweet potatoes,2012,164085,455.9,1118.68,19.32
Nigeria,Plantains and others,2000,33318,1427.5,1316.39,29.56
Belgium,Yams,1991,41604,801.2,1228.67,10.68
Romania,Soybeans,1996,6609,534.3,5618.47,10.52
Belgium,"Rice, paddy",1998,17917,981.3,5169.84,7.58
"Congo, Democratic Republic of the",Wheat,2002,1146,1777.7,135.49,26.79
Rwanda,Maize,1995,12519,1147.3,185.87,18.26
Argentina,Wheat,2013,48616,596.4,115864.11,16.7
Angola,"Rice, paddy",2003,14278,1058.8,529.03,22.46
Ireland,Sweet potatoes,1999,58596,1171.0,360.65,9.6
Czech Republic,Potatoes,2005,88670,640.6,5024.89,8.09
Ecuador,Cassava,1990,50136,1850.8,1935.95,23.19
Mali,Potatoes,1991,20508,499.9,164.36,28.94
Uzbekistan,Cassava,2001,12544,202.9,1702.18,15.9
Ghana,"Rice, paddy",2009,36124,1373.4,2084.79,27.5
Spain,Sweet potatoes,1995,92174,722.6,5033.18,15.94
Israel,Plantains and others,1990,28785,478.0,312.21,21.33
Egypt,Maize,2011,35405,54.0,10430.76,25.17
Iran,Yams,1996,12456,232.6,4796.68,17.1
Ukraine,Sorghum,2010,3505,611.5,3958.93,9.88
South Korea,Soybeans,2004,8353,1196.7,19447.95,10.5
Italy,"Rice, paddy",1996,15222,836.6,34266.59,13.92
Zambia,Plantains and others,1995,25979,1051.3,406.38,21.76
Sierra Leone,Sweet potatoes,1991,11878,3082.3,34.36,26.57
Dominican Republic,Sorghum,1991,2885,1748.6,968.86,25.88
Mexico,Plantains and others,2013,32744,683.0,36447.91,20.35
Brazil,Wheat,2004,9112,1703.2,134932.0,24.87
Hungary,"Rice, paddy",2007,10839,592.7,11307.02,11.21
Saudi Arabia,Soybeans,2012,17514,71.4,3428.87,26.93
Panama,Potatoes,1995,12341,3026.4,1455.98,26.73
Rwanda,Yams,1990,25704,1137.1,23.66,22.24
"Congo, Democratic Republic of the",Cassava,2007,50969,1471.6,38.75,25.84
Ivory Coast,Sorghum,1991,4078,1426.3,666.11,28.43
Mexico,Maize,2010,35405,704.4,40972.73,18.71
Cuba,Sweet potatoes,1996,81517,1372.0,46.13,27.18
Uzbekistan,Soybeans,1994,3676,192.6,5173.06,14.1
Chad,Wheat,1991,6411,378.6,89.99,24.36
Sri Lanka,"Rice, paddy",1999,31449,1362.1,4846.4,26.9
Peru,Wheat,2008,14279,1497.7,5853.65,17.75
Jamaica,Cassava,1998,54531,1880.0,200.63,26.02
"Congo, Democratic Republic of the",Maize,2000,13714,1422.1,257.22,26.07
Nigeria,Soybeans,2003,7345,1068.4,1886.05,29.75
Panama,Wheat,2002,2810,2989.8,1934.4,26.67
Venezuela,Plantains and others,1993,43570,1788.4,3317.9,23.87
Mali,Cassava,1993,26759,417.0,58.13,27.18
Philippines,Plantains and others,2012,28853,2478.3,4652.81,25.47
Chile,Plantains and others,2004,22257,977.3,7508.87,12.08
Brazil,Plantains and others,2007,82908,1692.3,199985.26,26.88
Hungary,Sweet potatoes,2003,35801,604.1,2224.01,9.77
Rwanda,Soybeans,2000,4911,1310.0,202.59,18.36
Chad,"Rice, paddy",2012,10406,555.5,261.6,29.37
Burkina Faso,Sorghum,1992,4570,683.5,254.67,28.27
Burundi,Wheat,1998,9388,845.9,44.78,16.18
Bangladesh,Plantains and others,1994,11105,2694.1,5402.74,26.99
Benin,Soybeans,1999,6112,1238.5,374.26,29.67
Japan,Sorghum,1997,1952,1932.6,14696.93,14.03
Venezuela,Soybeans,2013,5491,2376.4,12435.48,27.23
Mozambique,Sorghum,1999,6485,684.0,274.57,25.63
South Africa,Soybeans,2001,17553,469.0,11397.15,19.7
Jamaica,Sorghum,2008,2303,2030.3,482.52,23.71
Pakistan,Yams,1992,34878,425.3,2056.76,24.57
India,Maize,2005,27464,1092.7,42676.19,24.52
Belgium,Yams,2008,54112,947.6,1815.36,11.22
Ethiopia,Maize,1990,15257,774.6,931.24,19.52
Philippines,Maize,2011,13632,1941.9,8474.9,25.74
Costa Rica,Soybeans,2008,5084,3652.5,6442.9,21.71
Guatemala,Potatoes,2010,17647,2331.0,2582.2,25.38
Israel,Soybeans,2002,29151,527.3,3539.59,19.92
India,Maize,1992,28062,1323.0,32106.79,26.46
Sudan,"Rice, paddy",1990,4145,197.0,576.08,29.48
Iran,Cassava,2005,26190,233.6,6879.08,19.3
Hungary,Maize,2003,18639,505.3,10721.67,10.95
Rwanda,Soybeans,2005,8053,1050.5,205.99,18.5
Denmark,Sweet potatoes,1993,55086,717.6,492.37,6.8
"Tanzania, United Republic of",Potatoes,2009,47597,1468.1,1322.87,22.39
Uzbekistan,Sorghum,2004,2679,191.0,2447.06,16.42
Peru,Maize,2001,8971,1970.3,5371.46,20.87
Italy,Cassava,2004,51466,912.9,25704.37,16.04
Burundi,"Rice, paddy",2008,9498,1376.4,94.03,20.35
Denmark,Sweet potatoes,2001,51207,446.1,783.98,9.5
New Zealand,Cassava,2009,44540,1772.7,1966.31,13.14
Haiti,Maize,1998,8958,1825.8,163.63,25.22
Niger,Wheat,2007,5180,276.6,207.39,25.65
Nicaragua,Soybeans,2007,4374,3017.9,1591.91,24.82
Russia,Maize,1994,10568,534.1,22163.97,4.77
Kazakhstan,Potatoes,2006,34875,218.6,1852.36,4.36
Costa Rica,Soybeans,1997,6034,3165.6,4999.61,24.17
Thailand,Sorghum,2010,6631,1505.6,14801.89,27.13
Nigeria,Potatoes,1990,56388,1173.4,668.18,23.88
"Tanzania, United Republic of",Maize,2008,23346,1006.2,1868.63,23.7
Madagascar,"Rice, paddy",1998,15464,1373.9,427.12,25.43
Cambodia,Yams,2005,22925,2131.0,480.19,28.45
Laos,Maize,1995,5698,1978.5,253.43,24.97
Ghana,Sorghum,1995,8222,1019.0,824.05,26.81
United States of America,Soybeans,2011,11871,952.0,344567.19,10.41
Panama,Sorghum,2003,3926,2698.0,717.58,24.93
Australia,Yams,2003,104743,463.6,18203.55,25.01
Thailand,Wheat,1999,9047,1301.8,17682.87,27.13
El Salvador,Sweet potatoes,1995,25615,2071.1,522.32,26.02
Haiti,Cassava,1997,30015,1962.6,70.82,29.25
Ireland,Sweet potatoes,2001,55979,1089.2,196.56,11.75
Kenya,Yams,2010,30685,527.7,1131.04,21.81
Ecuador,Maize,2001,9737,2030.0,6820.32,23.27
Jamaica,Sorghum,1996,2038,1932.9,263.28,23.54
Saudi Arabia,Plantains and others,1997,14129,52.7,2290.83,27.78
Kazakhstan,Sweet potatoes,2002,22071,263.7,1138.96,6.91
Burkina Faso,Maize,2001,20273,742.9,618.05,27.79
Kenya,Cassava,1997,44423,807.7,937.96,20.99
Indonesia,Potatoes,1999,22931,3043.4,13248.55,24.88
Indonesia,Cassava,2008,35123,2672.0,9116.78,29.57
Belgium,Yams,1992,29930,608.3,1511.46,9.14
Sri Lanka,Potatoes,1996,18762,1761.5,2919.6,25.93
Hungary,Yams,2006,24697,550.9,1531.86,12.24
Guinea,Maize,1998,14677,1324.9,210.44,25.48
Italy,Potatoes,1995,219812,978.3,33780.33,17.89
Czech Republic,Sorghum,2010,7037,515.9,3199.91,13.07
New Zealand,Sweet potatoes,2001,44794,1655.6,1589.42,11.44
Thailand,Cassava,2009,101914,1592.8,13491.68,27.77
Romania,Yams,1995,21500,532.2,3332.44,9.77
Zimbabwe,Wheat,2005,14544,734.7,1372.29,23.86
Romania,Plantains and others,2001,9315,591.2,4044.19,10.86
Peru,Maize,1995,20161,1640.9,4827.17,19.09
Venezuela,Soybeans,1997,5023,1861.4,8579.02,27.52
United States of America,Wheat,2011,43821,757.9,316541.53,13.79
Mexico,Sweet potatoes,2010,134999,806.3,11212.43,21.71
Laos,Sorghum,2000,1819,1655.9,107.45,25.74
Saudi Arabia,Cassava,2000,34867,43.3,1400.71,24.35
El Salvador,Sweet potatoes,1991,46327,1753.6,775.72,26.22
Chile,Wheat,1993,25504,829.8,11934.95,13.64
United Kingdom,Plantains and others,2010,31854,1381.8,13136.05,6.58
Ghana,Sweet potatoes,1998,65709,1246.6,520.81,28.25
Turkey,Plantains and others,2010,13366,561.6,24011.11,15.87
Hungary,Plantains and others,2012,20308,587.6,6463.52,9.36
Australia,Plantains and others,1998,44878,553.9,23288.7,21.35
Cambodia,Soybeans,1999,6458,1457.6,493.84,28.89
Nigeria,Soybeans,1997,11333,1220.7,2345.15,25.85
China,Yams,1992,23687,537.1,190365.0,11.77
Thailand,Yams,2003,51417,2010.6,10077.86,25.82
Belgium,Sweet potatoes,1996,75702,847.6,1379.83,9.39
Malawi,Potatoes,1991,57826,1195.5,167.64,23.17
Morocco,Wheat,2005,29260,397.9,4419.01,17.06
Cambodia,Potatoes,2013,27951,1821.0,690.7,24.06
Togo,Plantains and others,2009,22481,952.7,203.23,27.66
Niger,Potatoes,2013,19366,291.6,263.57,27.86
Israel,Potatoes,2001,316137,405.5,2266.64,20.62
Mali,Wheat,2001,3275,268.5,207.05,27.63
Panama,Cassava,2002,23038,3198.8,772.1,27.86
Benin,Soybeans,2009,7709,981.3,489.25,28.56
Paraguay,Wheat,2011,28420,1117.8,10978.47,22.61
Brazil,Yams,1994,80756,1629.7,33318.86,26.24
Uruguay,Sweet potatoes,2006,108156,1135.7,3633.45,17.47
Saudi Arabia,Yams,2002,31692,56.2,1859.17,26.43
Hungary,Wheat,2012,31524,489.1,7700.3,12.75
Mexico,Cassava,2001,53229,923.5,19401.53,19.06
North Korea,"Rice, paddy",1997,4967,836.1,787.27,11.48
Thailand,Wheat,2001,15747,1020.2,15894.64,25.44
Bolivia,Yams,1998,21291,1058.0,1039.22,20.38
Chile,Plantains and others,1997,16516,721.8,5285.74,14.81
Nicaragua,Maize,2010,11492,1786.4,1772.44,26.54
Kenya,Sorghum,2005,8049,505.9,1019.96,23.03
Turkey,Cassava,2008,38738,782.7,13859.81,13.32
Norway,Soybeans,1993,6168,1467.3,455.92,4.9
Panama,Potatoes,2012,28769,3400.9,2253.57,24.79
Italy,Potatoes,1994,254195,785.4,17349.69,15.17
Germany,Wheat,1997,24786,828.8,17964.95,10.51
China,Yams,2002,32434,728.7,479563.37,12.26
India,Potatoes,2001,97243,1196.2,28604.09,22.86
United Kingdom,Plantains and others,1998,27277,974.5,10684.46,9.52
Venezuela,Cassava,1993,70765,1724.0,3298.2,27.34
Chad,Maize,2004,14936,435.9,188.96,28.03
Morocco,Maize,2009,31012,285.4,7747.27,19.4
Ivory Coast,Sweet potatoes,2004,60445,1347.1,982.09,28.53
Haiti,Cassava,2000,45349,1388.4,46.82,26.65
Hungary,Sweet potatoes,1996,47133,786.0,2857.58,13.69
Niger,Sweet potatoes,2003,30622,327.3,47.35,28.3
Ethiopia,Sorghum,1991,2683,1103.9,566.94,20.11
El Salvador,Sorghum,1995,3181,1649.0,1432.76,23.25
Saudi Arabia,Yams,2013,37189,57.1,1830.49,27.77
Haiti,Soybeans,1998,5998,1547.9,131.14,27.16
Kenya,Potatoes,2000,85597,915.3,924.78,22.58
Morocco,Potatoes,1993,124629,294.4,2258.84,16.32
Iraq,Maize,2005,23809,216.8,2500.44,24.23
Colombia,Soybeans,2004,6027,2698.5,24454.42,24.97
Mozambique,Yams,1990,19460,1095.8,26.45,22.86
El Salvador,Sorghum,2012,2932,1782.2,1799.87,23.53
Sudan,Yams,1996,18757,265.8,145.92,27.29
Jamaica,Wheat,1994,1581,2000.4,623.67,29.25
Ecuador,Yams,1997,35205,1780.1,1823.09,23.57
Sri Lanka,"Rice, paddy",1995,25159,1899.2,4576.88,28.24
Nicaragua,Soybeans,2013,2959,2272.2,1781.43,26.57
"Congo, Democratic Republic of the",Maize,2001,10609,1378.3,215.44,21.28
Thailand,Cassava,2012,131898,1452.5,9324.6,25.78
North Korea,Soybeans,1990,3607,1007.8,528.01,10.95
Turkey,Sorghum,1990,5047,527.6,8790.48,13.48
Venezuela,Cassava,1992,41581,2157.5,890.38,26.88
Dominican Republic,"Rice, paddy",2003,32589,1370.8,2881.54,28.49
Peru,"Rice, paddy",1991,7936,1435.1,5891.26,17.01
Thailand,Yams,1991,63923,1672.8,8519.74,26.89
Colombia,Sorghum,1991,3893,2663.8,7360.48,24.54
Haiti,Soybeans,1994,3911,1745.1,86.57,24.68
Brazil,Maize,2003,27013,1678.4,291835.43,26.66
Iran,Cassava,1996,15205,216.5,3726.02,16.36
Algeria,Maize,1990,12942,66.4,2489.62,19.3
Mali,Wheat,2010,4287,272.7,336.38,28.36
Nigeria,Potatoes,1998,30395,1263.6,1780.91,28.23
Panama,Potatoes,2009,26601,2828.9,2231.99,24.15
Bolivia,Sweet potatoes,1993,45812,1044.2,798.32,20.49
North Korea,"Rice, paddy",1992,4893,1435.5,808.61,7.41
Nicaragua,Maize,2003,6839,2457.1,1373.49,27.74
Niger,Potatoes,2005,22075,274.6,190.35,27.29
Philippines,Plantains and others,1997,18939,2549.9,4443.41,27.78
Pakistan,"Rice, paddy",2006,14518,428.6,22791.45,22.46
Algeria,Sorghum,2007,3771,86.1,1874.06,18.07
Germany,Sorghum,2013,8695,435.3,22696.23,10.89
Cambodia,Cassava,2003,57749,1268.0,237.02,28.03
Kazakhstan,Potatoes,2008,48049,263.7,1812.15,7.38
Angola,Yams,1990,22396,1014.0,94.03,23.51
Norway,Soybeans,2005,10174,1166.1,608.43,3.4
Rwanda,Sorghum,2005,2456,1465.3,144.12,20.05
Jamaica,Soybeans,2008,3460,2097.8,878.56,26.93
Guinea,"Rice, paddy",2002,13796,1315.5,308.53,23.02
Uruguay,Sorghum,2001,2478,1680.5,4237.25,18.93
Thailand,Sorghum,1991,7545,1403.5,7306.45,25.82
Malawi,Sorghum,1991,3922,1240.0,161.15,23.98
Uruguay,Yams,1999,28809,1064.5,2697.41,17.11
China,Soybeans,1998,8518,641.9,701142.54,13.26
Ghana,Yams,1990,38511,1288.6,492.74,28.24
Angola,Soybeans,2010,7607,738.3,441.53,21.88
Iran,Soybeans,2011,14708,210.1,14390.13,19.5
Malawi,Maize,1994,20379,961.0,345.22,22.54
Chile,Maize,2010,19306,774.0,16734.99,11.56
Canada,Soybeans,1994,8228,570.4,38713.28,4.44
Iraq,Cassava,1991,23595,260.6,724.09,23.03
Netherlands,Sorghum,2003,7481,711.8,4886.17,10.33
Ghana,Sweet potatoes,2009,80932,964.2,571.53,26.85
Turkey,Cassava,2005,31434,650.9,21562.86,15.89
Ghana,Plantains and others,2013,38518,1522.7,1446.94,26.86
Peru,"Rice, paddy",2000,17604,1903.8,6357.53,20.46
China,Yams,2008,29258,674.0,195520.05,13.68
Kenya,Yams,2000,33309,615.9,1460.83,23.76
Cuba,Sweet potatoes,1999,92648,1413.5,760.57,26.76
Pakistan,Potatoes,2007,121804,499.0,21391.92,20.58
Mozambique,Potatoes,1994,40522,1017.2,439.72,24.42
Greece,Maize,1991,26199,817.4,9761.97,17.91
Benin,Sweet potatoes,2010,53654,923.5,197.07,28.82
Madagascar,Soybeans,2005,8234,1179.6,285.4,24.32
France,Cassava,2002,52046,979.6,21665.27,11.85
Uzbekistan,Maize,1996,5980,218.0,4439.69,12.79
"Congo, Democratic Republic of the",Wheat,1994,4908,1402.7,147.12,23.65
Algeria,Sorghum,2009,7015,89.9,2587.95,21.28
Senegal,Sweet potatoes,1994,54458,745.1,169.43,27.21
Russia,Wheat,2013,8054,570.0,21965.89,5.17
Denmark,Sweet potatoes,2008,58749,612.1,1592.83,7.05
Senegal,Cassava,1996,44514,470.1,190.05,26.65
Pakistan,Yams,1994,45723,454.5,7485.74,26.65
Honduras,Plantains and others,2006,25252,2234.3,1424.74,23.92
Costa Rica,Plantains and others,2005,17666,2971.5,4115.95,24.44
Mozambique,Sorghum,2005,4323,1078.6,271.39,23.25
Indonesia,Soybeans,1995,5785,2986.5,16153.9,26.23
Austria,Wheat,2002,9122,1424.2,2863.61,8.28
China,Yams,1991,24359,624.0,318221.16,11.32
Bolivia,Sorghum,2007,2330,1158.7,1649.85,17.34
Afghanistan,Sorghum,2000,1660,276.3,56.82,16.54
Nigeria,Potatoes,2007,32893,820.9,1548.21,29.65
Poland,Potatoes,1999,71406,504.2,11037.12,7.64
North Korea,Sweet potatoes,1996,20227,1256.2,288.38,9.37
Mozambique,"Rice, paddy",2006,17408,1027.8,760.91,25.98
Senegal,Plantains and others,2008,23728,761.7,276.74,28.01
"Congo, Democratic Republic of the",Sweet potatoes,2003,20914,1892.7,75.54,25.56
Argentina,Potatoes,2001,234596,554.3,137625.99,15.71
Ethiopia,Maize,1991,23222,941.2,1194.7,23.84
New Zealand,Potatoes,1991,82889,1824.9,1579.66,11.09
Netherlands,Soybeans,1996,13317,941.1,7079.11,9.8
China,Soybeans,2013,11023,684.7,1515242.33,12.51
South Africa,Wheat,2011,28035,540.7,13625.2,14.58
Cuba,Yams,1995,50810,1349.9,1151.33,24.84
India,Cassava,1996,74181,1044.3,12555.59,22.91
Togo,Yams,1991,32176,1006.1,46.59,29.16
Sudan,"Rice, paddy",2013,4919,249.9,1845.6,28.28
Brazil,Sweet potatoes,1991,65978,1938.4,53045.67,24.49
India,Potatoes,1993,66325,1248.1,13225.84,23.32
Cambodia,Soybeans,1990,2031,1930.3,402.57,30.18
Mozambique,Sorghum,2004,6018,1084.9,312.35,25.39
India,Plantains and others,2005,49576,1241.8,16619.72,27.34
Nigeria,Maize,1995,17675,1138.1,2098.59,30.43
Iran,Cassava,1999,33309,265.1,4769.47,20.34
Sri Lanka,Potatoes,2003,13985,2066.4,3514.18,25.95
Panama,Wheat,1996,2564,2409.9,1839.46,27.23
Togo,Cassava,2002,47985,848.8,58.16,25.17
Angola,Cassava,2004,38031,1080.4,175.28,23.47
Niger,Cassava,2008,31314,272.0,68.18,28.81
Nigeria,Maize,2000,24545,1113.5,2048.38,25.08
Peru,Wheat,2009,7172,1963.1,6036.56,20.25
Rwanda,Maize,1990,16332,1074.7,112.22,20.03
Sri Lanka,Soybeans,2011,4988,1686.2,4592.86,31.06
Israel,Plantains and others,2010,40841,433.7,2570.94,20.98
Kenya,Sorghum,2001,7852,508.0,716.84,23.79
El Salvador,"Rice, paddy",2005,19648,1819.7,3510.13,25.11
Denmark,Maize,1995,14545,671.6,2484.52,8.02
Iraq,Yams,2002,23883,253.9,536.87,22.96
Thailand,Plantains and others,2002,78353,1539.5,8714.45,29.04
Belgium,Plantains and others,2009,27922,883.2,3418.36,11.14
Ethiopia,Plantains and others,2005,23304,971.7,865.12,22.42
Haiti,Cassava,1996,45464,1318.8,44.31,25.68
Romania,"Rice, paddy",1999,10652,706.9,8315.93,9.94
Italy,Cassava,2012,51886,580.4,29221.62,14.89
Burundi,Sorghum,2003,2607,1226.2,34.75,20.98
North Korea,Sweet potatoes,2001,22943,1163.6,240.39,11.88
Philippines,Cassava,1991,22369,2808.0,1746.13,26.41
Mali,Plantains and others,1992,6303,306.8,227.24,26.9
Turkey,Cassava,1990,29859,794.6,11439.01,13.36
Romania,Yams,1999,21468,706.2,1248.78,8.38
Thailand,Plantains and others,2001,69078,1373.9,10584.19,28.09
Mozambique,Yams,1995,29563,1291.0,134.3,24.72
Uganda,Soybeans,1992,9742,1193.6,244.06,22.35
Burkina Faso,Maize,2011,13090,688.5,895.36,30.77
Senegal,Sorghum,1994,5774,795.8,209.11,27.3
Ukraine,Sorghum,1995,3876,444.2,4039.63,8.19
Cameroon,Soybeans,2005,9477,1451.7,1166.94,22.78
Kazakhstan,Soybeans,1991,3349,275.5,1603.74,4.9
El Salvador,Maize,2002,23125,1461.0,4096.39,24.05
Ghana,Yams,2009,56805,911.1,1137.41,27.9
Burkina Faso,Wheat,2006,4248,853.6,394.68,26.55
Ecuador,Sorghum,2001,2931,1991.5,4774.84,20.47
Panama,Yams,2013,19680,2905.4,1573.21,26.73
Myanmar,Yams,1990,10816,2471.3,128.35,24.45
Dominican Republic,Sorghum,2009,6913,1305.4,1383.82,26.7
Togo,"Rice, paddy",1993,15164,1383.9,153.18,27.36
El Salvador,Yams,2012,54863,1572.7,1383.35,23.94
United States of America,Plantains and others,2000,21903,644.3,147958.41,12.68
Colombia,Cassava,1996,41239,2196.9,5346.11,23.65
United Kingdom,Plantains and others,1995,31500,1405.3,7940.8,10.86
Malaysia,"Rice, paddy",2006,12192,2976.9,28387.72,29.14
Bangladesh,"Rice, paddy",2004,9477,2623.0,14000.92,24.58
Cameroon,Cassava,1999,64136,1378.0,306.35,25.42
Uzbekistan,Soybeans,1993,3723,150.0,4242.57,12.82
Zambia,Soybeans,1999,7478,1040.4,518.12,20.5
Angola,Sweet potatoes,1991,50754,1018.6,1.06,23.0
Romania,Yams,1993,35298,765.8,2242.94,8.78
Burundi,"Rice, paddy",2012,10344,1213.3,99.52,21.57
Romania,Yams,2005,19933,632.3,3710.57,11.69
Spain,Sweet potatoes,1992,56348,618.2,10180.61,15.05
Laos,Soybeans,2003,3253,2007.0,325.35,24.37
Nepal,Sweet potatoes,1998,29911,1741.7,57.64,19.6
Indonesia,Sorghum,2008,3962,2763.8,8472.02,29.39
Guinea,Sorghum,2003,2278,1779.2,174.52,26.77
Nigeria,Maize,2002,27864,913.3,1967.2,26.05
Haiti,Soybeans,1999,6737,1417.3,144.93,27.01
Israel,Potatoes,2009,227404,398.1,2227.06,20.56
Laos,Sweet potatoes,2005,33040,1871.5,62.09,25.2
Chile,Soybeans,1990,7748,654.2,2327.73,12.09
Netherlands,Cassava,2007,70023,731.7,3078.41,11.1
Sierra Leone,Soybeans,2006,2242,2337.5,143.01,26.94
South Africa,Wheat,1992,26946,533.6,8013.03,18.83
Italy,Sorghum,2001,5064,944.1,17295.5,13.3
Guatemala,Sorghum,1999,2835,2746.0,1254.94,22.41
Australia,"Rice, paddy",1994,24936,446.2,37055.46,23.79
Nigeria,Sorghum,1992,4879,1171.2,399.49,27.68
Niger,"Rice, paddy",2002,4823,267.5,270.87,27.28
Rwanda,Sorghum,1996,1448,1237.9,120.32,17.66
Indonesia,Cassava,2004,34670,3182.4,9626.38,27.92
Panama,Sweet potatoes,2000,23623,2504.5,393.82,28.17
Jamaica,Plantains and others,2004,33950,1770.8,598.69,27.18
Chile,"Rice, paddy",2010,14433,930.9,22276.82,14.11
Afghanistan,Yams,2007,7118,266.2,66.64,13.91
Iran,"Rice, paddy",1998,4351,277.8,13583.42,17.84
Cambodia,Wheat,2003,1331,2304.0,686.41,27.53
Guatemala,Wheat,2011,2880,2082.9,4135.36,25.97
Kenya,Potatoes,2010,69930,674.4,1716.35,23.45
South Africa,Sweet potatoes,2006,66689,524.3,5287.63,16.34
Mozambique,"Rice, paddy",1999,10913,629.6,706.93,25.26
El Salvador,Yams,1991,32421,1577.3,1175.0,24.38
Ukraine,Maize,2009,12987,571.8,11094.38,8.22
Afghanistan,Wheat,2010,6264,374.9,179.64,13.04
Ivory Coast,Sweet potatoes,1993,49741,1333.8,1029.84,29.0
Costa Rica,Plantains and others,1991,21810,2552.4,2154.48,23.67
Egypt,Maize,1993,27487,42.2,6917.03,23.06
Sierra Leone,Soybeans,2010,2719,2539.6,210.21,25.11
Kenya,Sorghum,1993,6305,700.7,863.41,22.92
Ireland,Wheat,2012,12876,1519.2,2154.56,10.53
Paraguay,Maize,1995,37369,774.7,8080.69,23.46
Mali,Cassava,1996,29362,419.1,202.71,26.37
El Salvador,Sorghum,1998,2656,2123.5,1587.85,26.38
Senegal,Plantains and others,2003,23560,790.4,353.16,25.72
Colombia,Plantains and others,1999,17024,3031.3,9024.58,24.57
Dominican Republic,"Rice, paddy",1994,27901,1385.9,2152.74,25.09
Dominican Republic,"Rice, paddy",1996,28704,1269.3,2487.38,26.22
Uganda,Plantains and others,2004,30355,1334.2,254.27,24.3
Angola,Cassava,1991,36936,1170.6,172.21,22.53
Thailand,Plantains and others,2006,75836,1884.0,15325.87,25.69
Ukraine,Sorghum,2002,3993,436.3,6369.89,9.35
South Africa,Sweet potatoes,2012,69103,473.3,5332.68,17.16
Bangladesh,Sweet potatoes,2008,29196,2777.4,4236.02,27.23
Cameroon,Sorghum,1994,3775,1420.9,279.92,22.73
Saudi Arabia,Yams,1998,35671,61.9,1089.66,26.91
India,Cassava,2010,84304,987.5,20923.66,22.6
Indonesia,Plantains and others,2007,14775,2807.2,13791.61,28.22
Nigeria,Maize,1997,25206,1084.2,2459.03,27.52
Philippines,Sorghum,1996,2131,2429.3,3884.08,27.56
Pakistan,Yams,2008,35085,350.8,11676.28,22.91
Malawi,Maize,2011,18953,890.7,459.53,21.57
Madagascar,Plantains and others,2012,32255,1571.9,261.12,26.46
Myanmar,"Rice, paddy",2008,9024,2771.9,1350.08,26.4
Belgium,Yams,1997,34113,1039.3,1073.28,8.2
Myanmar,Cassava,1992,19326,2615.2,447.01,26.31
Mali,Potatoes,2000,19438,296.4,271.08,27.14
Iraq,"Rice, paddy",1991,5469,214.3,2307.7,23.01
Italy,"Rice, paddy",1991,13334,751.5,48045.39,11.87
Haiti,Cassava,1998,35687,1700.8,52.2,27.24
Bolivia,Cassava,2001,52704,1245.5,1020.6,21.22
Morocco,Maize,2013,24342,320.9,8456.32,19.0
Nepal,Sweet potatoes,2003,61930,932.8,52.6,22.26
United Kingdom,Sweet potatoes,2012,76716,924.2,9747.15,7.28
Hungary,Sorghum,1998,5396,701.7,4794.92,13.41
Uruguay,Sorghum,1999,8218,1215.6,5512.51,19.96
Guatemala,Plantains and others,2008,41012,2047.7,1807.84,26.65
Uruguay,Sorghum,2012,3609,1256.2,3731.4,14.53
Egypt,Plantains and others,1999,15459,46.4,5793.88,24.42
Ghana,"Rice, paddy",2012,30527,1052.6,3270.81,27.08
Kenya,"Rice, paddy",1990,11330,729.3,1956.62,22.51
Cambodia,Yams,1990,14285,2221.9,255.29,26.11
Cuba,Cassava,1995,76635,1498.3,1126.78,26.25
Spain,Soybeans,1999,8842,640.1,34786.78,15.96
Cuba,Maize,1994,7751,1976.4,2119.77,24.69
Afghanistan,Wheat,1997,7225,320.4,110.62,12.95
Angola,Wheat,2000,8303,1146.3,327.57,21.02
Colombia,Plantains and others,2004,18814,2701.7,11571.03,24.0
Ecuador,Sorghum,1998,3103,2058.9,2433.61,22.38
South Korea,Maize,1997,15323,1308.3,14158.31,15.17
Netherlands,Potatoes,2010,164413,761.0,5700.88,7.82
Laos,Soybeans,1991,2534,2080.2,212.23,25.02
Zambia,Soybeans,2012,10945,980.4,857.15,22.72
Zimbabwe,"Rice, paddy",1995,4762,579.7,1319.77,18.47
Morocco,Wheat,1995,20258,344.8,2790.25,20.85
Thailand,Potatoes,1992,55452,1333.4,10316.36,26.19
Morocco,"Rice, paddy",2005,4457,431.9,7280.48,18.51
Hungary,Yams,1994,28427,594.3,2468.44,11.45
Bangladesh,Sweet potatoes,2005,25499,2378.5,4459.98,25.91
Japan,Soybeans,2008,7585,1465.3,43192.35,12.69
Mali,Cassava,1990,23665,283.9,28.56,28.15
Egypt,Soybeans,1996,14560,60.1,4435.95,21.07
Cuba,Maize,1997,25135,1358.3,2638.38,27.61
Portugal,Plantains and others,2010,17150,801.6,4270.07,15.23
Iraq,"Rice, paddy",1992,4892,237.6,2153.9,23.29
Senegal,Maize,1991,10824,633.6,336.8,31.36
Russia,Sweet potatoes,2010,32963,320.1,6838.52,1.6
Romania,Plantains and others,1992,12483,681.1,2678.34,9.71
Nicaragua,Soybeans,2008,3246,2634.8,1630.92,26.18
Belgium,Plantains and others,2004,22354,747.8,4550.51,10.13
Madagascar,Plantains and others,1996,24098,1453.5,136.57,21.45
Peru,Sorghum,1997,1775,1591.9,2085.01,18.14
Togo,"Rice, paddy",2011,17238,1042.9,342.41,27.41
Malaysia,"Rice, paddy",1991,10817,2937.5,23115.45,25.06
Iran,Soybeans,1992,11577,309.4,7153.04,19.25
Germany,Sorghum,2002,7528,590.1,16163.56,6.93
Laos,"Rice, paddy",2011,21042,1739.5,448.6,27.09
Indonesia,Sorghum,1992,4145,2444.7,9587.94,24.38
Kazakhstan,Sorghum,2002,3296,242.0,944.25,8.75
"Congo, Democratic Republic of the",Cassava,2011,36310,1433.0,114.3,22.7
Denmark,Sweet potatoes,2013,65779,784.8,437.13,6.01
Kenya,Cassava,2008,49065,517.3,1570.37,22.14
Denmark,Maize,2000,16113,715.9,2410.8,7.21
Rwanda,Sorghum,1993,2589,1168.1,154.24,19.58
Kenya,Cassava,1995,36317,758.1,711.7,21.85
Iran,"Rice, paddy",2012,4289,249.7,17978.92,15.92
Cuba,Yams,1999,64796,1326.3,1468.29,26.93
Morocco,Soybeans,1991,8854,328.4,3595.94,17.29
Togo,Potatoes,2002,20208,1324.5,230.49,28.54
Jamaica,Cassava,2001,42941,2075.2,273.83,25.16
Costa Rica,Sweet potatoes,2013,32733,2366.2,2468.88,25.29
Ethiopia,Sorghum,2011,4917,924.7,1196.01,22.3
Iraq,Sorghum,2005,5130,204.8,1277.87,20.75
New Zealand,Sorghum,2010,4569,1313.1,1743.82,14.89
Belgium,Maize,2000,24744,826.1,5408.78,12.76
Netherlands,Plantains and others,2000,32094,964.8,5497.45,10.89
Bolivia,Yams,2005,14267,1178.9,1457.08,18.46
Cameroon,Sorghum,2009,1887,1660.7,542.0,23.46
Nicaragua,"Rice, paddy",2001,12044,2446.4,1880.04,28.26
Burkina Faso,Plantains and others,2004,14096,564.3,395.79,27.08
Sierra Leone,Soybeans,2002,2982,1887.3,116.02,25.37
Rwanda,Maize,1998,9212,1201.8,179.91,17.71
Cameroon,Sweet potatoes,1998,41341,1630.2,434.5,25.53
Saudi Arabia,Plantains and others,1998,16954,47.7,1569.18,24.23
Hungary,Sweet potatoes,2006,56398,665.8,1495.34,13.18
Mexico,"Rice, paddy",2001,10345,717.1,39411.3,18.27
Ukraine,Soybeans,1997,6650,516.2,8611.64,8.02
China,Yams,1993,31442,713.6,271091.81,15.93
Kenya,Plantains and others,2009,21175,591.5,1822.74,21.64
Philippines,Cassava,1994,23571,2524.2,2554.17,27.37
Kenya,Wheat,1990,11188,637.2,981.72,23.81
Bolivia,Potatoes,2003,97625,1151.1,1865.52,20.61
Brazil,Yams,1993,37006,2192.5,3490.51,28.45
Brazil,Wheat,1995,9446,1639.7,205031.48,24.68
Burundi,Soybeans,1991,3854,1399.9,23.71,20.01
Venezuela,Plantains and others,1999,13957,2652.5,3626.17,26.49
Togo,Plantains and others,2001,22351,1016.7,176.4,27.75
Colombia,Soybeans,2007,5554,2766.4,27403.97,23.21
Myanmar,"Rice, paddy",2006,12915,2371.1,1662.59,26.46
Peru,Maize,1992,10235,2020.1,4389.71,22.3
Portugal,Maize,1991,19188,666.4,5269.19,16.07
Italy,Wheat,1995,28237,860.7,13709.75,13.8
Guatemala,Yams,1992,33681,1942.5,807.6,25.12
Mali,Cassava,2008,29641,325.7,223.62,29.19
Guatemala,Yams,2010,20388,2213.8,1234.22,27.65
Chad,Maize,2012,15521,524.7,154.94,25.54
Ghana,Maize,2001,28104,1337.2,2128.73,26.6
Guatemala,Yams,2007,38853,1808.6,784.09,24.23
Hungary,Wheat,2004,19850,578.2,8269.89,9.59
United Kingdom,Sweet potatoes,2004,55258,1270.4,6939.71,9.95
Chile,Sorghum,2009,5662,738.3,9104.12,15.52
United States of America,Yams,2003,29747,627.4,134003.24,11.66
Burundi,Sorghum,2011,2933,1218.0,59.88,19.52
Finland,Sweet potatoes,1998,34454,427.1,360.91,0.94
Hungary,"Rice, paddy",2002,9219,534.8,10924.11,10.5
Saudi Arabia,Soybeans,1994,14444,52.8,3091.05,24.22
Nicaragua,"Rice, paddy",2004,14301,2261.4,2027.51,25.34
Malawi,Potatoes,1996,26357,1100.7,190.53,25.99
Norway,Sweet potatoes,2005,51329,1251.3,330.49,6.09
Honduras,Yams,1991,39602,1602.7,851.25,24.23
Uruguay,Sorghum,1998,2761,1468.6,3952.47,16.19
Turkey,Wheat,1998,25792,414.3,27386.96,13.82
El Salvador,Potatoes,2006,11423,1833.3,2555.86,27.49
Ecuador,Yams,2010,48356,1744.3,3256.35,22.21
Ghana,"Rice, paddy",1993,26367,1400.6,1609.02,27.77
Myanmar,Soybeans,2003,4159,2372.6,1163.01,26.29
Panama,Yams,1992,16896,2733.0,977.79,27.83
Guinea,Wheat,2002,1298,1784.7,215.59,26.41
Benin,Sweet potatoes,2009,53725,1072.2,156.09,27.54
Nigeria,Sorghum,1999,8976,969.5,1117.24,27.03
Nepal,Soybeans,1992,5999,1288.5,97.38,20.61
Burundi,Soybeans,2008,5425,1417.7,78.45,17.45
Jamaica,Sweet potatoes,1994,19763,2211.0,160.73,27.51
Germany,Wheat,2000,12767,822.9,22524.18,6.05
Argentina,Sorghum,2001,7506,700.4,69006.17,17.83
Afghanistan,Sweet potatoes,1997,11687,388.9,46.04,13.9
India,Plantains and others,2010,46692,1173.1,29880.87,21.72
Thailand,Potatoes,1996,17477,1966.0,7122.84,26.62
"Congo, Democratic Republic of the",Cassava,2006,39414,1612.3,80.73,27.89
Myanmar,"Rice, paddy",2003,7016,2668.4,1349.88,26.35
United States of America,Sorghum,1992,7145,783.1,24494.54,11.58
Belgium,Soybeans,2012,12089,766.9,5908.87,11.01
Greece,Cassava,2003,43915,624.9,5665.18,18.17
"Congo, Democratic Republic of the",Maize,2003,10082,1440.8,241.23,25.94
Poland,Potatoes,2006,186737,754.2,8972.38,10.33
Morocco,Maize,2006,16634,369.1,4913.02,17.18
Paraguay,Plantains and others,2010,61596,1314.2,8887.1,23.51
Mexico,Plantains and others,2004,39612,682.1,22015.2,22.49
Senegal,Potatoes,1995,22917,435.3,279.48,27.33
Mali,Sweet potatoes,2005,48803,408.9,103.9,25.88
South Africa,Wheat,2006,29423,510.0,8725.03,15.51
Angola,Sorghum,1990,3574,1113.8,98.52,23.03
Thailand,Cassava,2004,115115,1370.7,8839.88,27.92
Cameroon,Yams,1997,19829,1722.8,220.1,24.13
Netherlands,Soybeans,2000,11829,776.2,6131.48,8.68
Thailand,Cassava,2008,103899,1858.1,8563.84,30.75
Thailand,Yams,2013,58121,1690.4,9821.02,27.46
Honduras,Sorghum,1992,1860,1767.1,869.18,24.28
Burundi,Yams,2007,12997,1105.8,44.33,18.42
Honduras,Sorghum,2005,2596,1672.9,1427.65,24.38
Ecuador,Soybeans,1998,4451,2054.6,4476.46,19.89
Ghana,Cassava,2005,84094,1282.1,1081.51,26.33
Sudan,Wheat,2006,3056,285.4,716.7,29.93
Israel,Yams,2007,70168,537.8,1581.27,20.74
Guatemala,Potatoes,2011,30999,1805.2,3564.25,24.38
Nicaragua,Plantains and others,2002,26559,2402.6,788.41,24.64
Benin,Soybeans,1994,4738,1143.7,325.64,30.62
Ethiopia,Sorghum,2000,6237,633.0,601.01,23.51
Canada,Soybeans,1997,8869,543.5,41196.01,3.57
Angola,Yams,2009,13991,1061.5,149.41,19.5
Jamaica,Soybeans,2003,4336,1999.2,691.03,26.15
Mexico,Cassava,2005,79433,824.7,14952.16,20.78
Haiti,Yams,1994,29820,1379.6,13.51,27.37
India,Potatoes,2000,87056,1029.3,33243.15,24.44
South Africa,Soybeans,2010,26057,558.8,12678.26,20.1
Argentina,"Rice, paddy",1992,10681,516.7,119110.35,15.57
Bolivia,Soybeans,1995,13242,1134.6,1660.8,23.6
"Tanzania, United Republic of","Rice, paddy",2003,11816,896.7,1838.32,22.61
Peru,Sweet potatoes,2004,68602,1645.2,3115.51,18.87
Argentina,"Rice, paddy",1991,10871,687.9,103981.35,16.46
China,Soybeans,1992,16032,670.6,1033081.77,17.36
Egypt,Soybeans,1997,17046,47.1,5054.57,23.59
Angola,Soybeans,2009,8314,1130.5,408.76,20.42
Ivory Coast,Potatoes,1995,20750,1616.9,1300.37,26.53
Saudi Arabia,"Rice, paddy",2008,12402,66.2,5949.73,25.54
Ghana,Yams,2007,42930,1647.1,899.23,25.84
United Kingdom,Plantains and others,2001,26160,1183.5,11856.13,10.33
Israel,Yams,2010,48534,500.6,746.41,19.65
Nicaragua,Soybeans,1991,3900,2030.3,1208.05,26.15
Israel,Cassava,2011,69813,506.7,1778.52,18.45
Kazakhstan,Sweet potatoes,1992,17437,257.2,118.32,5.8
Ghana,Plantains and others,2011,39316,1175.0,1377.55,29.35
Kenya,Yams,2001,32317,890.1,1401.54,22.07
Finland,Soybeans,2003,7219,540.7,1727.25,4.94
Paraguay,Maize,2010,29430,1605.9,14008.09,24.38
Algeria,Maize,1992,16046,83.0,2681.47,21.0
Ecuador,Wheat,2008,7578,1669.6,9564.87,23.21
Sri Lanka,Potatoes,2000,29000,1219.4,2124.22,27.02
Venezuela,Sweet potatoes,2000,29979,2179.7,4609.62,25.06
South Korea,Plantains and others,1999,32403,1330.9,12664.14,12.46
Belgium,Sweet potatoes,2004,69074,730.9,1821.77,11.15
Venezuela,Plantains and others,1990,33233,2083.5,5781.12,24.94
New Zealand,Sorghum,2008,3100,1488.5,2618.16,12.5
New Zealand,Wheat,2007,8520,2275.5,3615.98,11.89
Bolivia,"Rice, paddy",1995,6211,1073.6,2409.43,16.34
Guinea,Soybeans,2003,5169,1686.1,265.14,28.1
United Kingdom,Sweet potatoes,1993,52282,1172.6,6574.42,10.85
Peru,Wheat,1990,14137,1272.9,4340.53,19.44
Morocco,Maize,1993,16294,388.3,3559.78,17.82
Ghana,"Rice, paddy",2007,28822,1382.8,3025.91,27.31
Rwanda,Maize,2007,16661,1409.2,302.13,20.96
Burundi,"Rice, paddy",1999,8790,989.4,84.93,20.54
Cuba,Soybeans,2013,18482,1175.9,3293.42,26.65
Togo,"Rice, paddy",1991,15437,1018.8,202.37,26.89
Jamaica,Maize,1997,8183,1978.3,660.92,25.84
Turkey,Wheat,2008,26689,539.8,29809.44,12.53
Chile,Sorghum,2007,6233,637.9,10529.04,12.35
"Tanzania, United Republic of",Maize,2009,18755,888.4,1775.02,26.37
Guinea,"Rice, paddy",1999,16042,1834.6,309.83,26.26
Poland,Wheat,2006,10273,705.1,14804.28,6.81
Italy,Soybeans,2012,10731,829.2,48081.5,14.15
Argentina,Maize,1994,34854,504.5,112624.35,18.87
Benin,Sweet potatoes,1999,45602,994.9,67.77,28.01
Madagascar,Plantains and others,2013,21980,1510.5,274.34,22.77
Thailand,Soybeans,1998,17889,1247.2,20578.22,24.16
"Congo, Democratic Republic of the",Soybeans,2010,5792,1536.9,298.47,24.98
Nicaragua,Yams,1994,19066,2074.8,421.26,26.15
Uzbekistan,Soybeans,2010,6043,212.7,6599.15,15.26
Laos,Soybeans,2008,6389,1675.8,280.12,25.88
Ireland,Potatoes,2007,133103,1460.2,1580.75,9.48
Togo,Cassava,1992,41748,1044.3,61.73,28.01
Mali,Sweet potatoes,1995,35570,307.7,151.7,27.56
Malaysia,Cassava,2001,34271,2799.3,12888.64,24.62
India,Potatoes,1999,45243,956.4,43108.12,26.01
Angola,Sweet potatoes,2013,65579,1124.5,109.02,23.91
Venezuela,Cassava,2011,52556,2069.0,8501.07,25.41
Thailand,Yams,1995,48980,2010.6,2980.18,26.13
Cuba,Plantains and others,1994,38495,1131.6,1183.42,25.47
Portugal,Wheat,2013,25659,1071.6,5971.7,16.25
Hungary,Sorghum,2003,6339,719.2,3887.06,8.85
Argentina,Maize,2012,41640,574.2,205129.81,17.94
Togo,Cassava,1998,47416,904.1,79.78,28.99
Colombia,Soybeans,2002,6417,3472.6,18477.83,23.78
Netherlands,Plantains and others,2007,30343,864.5,6456.36,9.93
Israel,Cassava,1990,28721,409.6,305.89,17.6
Spain,Maize,1991,19881,801.9,23613.75,15.98
Argentina,Sorghum,2008,6162,755.7,104994.43,18.04
Pakistan,Potatoes,1995,40934,543.7,13482.25,25.69
Bolivia,Sorghum,1994,2738,1492.1,1258.62,20.83
France,Soybeans,2013,12625,746.5,57170.78,10.66
Ukraine,Sorghum,2009,3967,513.6,6158.73,6.2
Egypt,Plantains and others,1994,16393,43.3,2810.1,23.91
Ukraine,Sorghum,1999,4011,547.3,4308.63,7.48
Italy,Potatoes,2001,267625,762.1,38119.78,16.27
Bolivia,Sorghum,1993,4299,1129.8,1215.31,22.88
Colombia,Sorghum,2007,4781,2584.6,15323.71,24.3
Spain,Soybeans,2003,10303,895.3,36974.34,14.13
"Tanzania, United Republic of",Plantains and others,1992,31176,1058.0,752.56,24.88
Sierra Leone,Wheat,2009,1742,2471.8,149.16,26.3
Rwanda,Maize,2011,14469,931.4,276.19,19.02
Iraq,"Rice, paddy",2011,7329,250.9,2920.43,22.24
Mozambique,Yams,2006,24794,1088.4,417.16,22.92
Jamaica,Sweet potatoes,2003,24976,2113.7,218.93,24.9
North Korea,Sweet potatoes,1991,22348,1123.9,198.91,10.74
Argentina,Sorghum,1996,5146,454.2,66978.87,15.23
Colombia,Potatoes,2009,29326,2827.5,21706.11,24.6
Hungary,Sweet potatoes,2012,46008,622.4,6232.53,12.32
Saudi Arabia,Plantains and others,1991,13017,56.5,1182.46,30.51
Sudan,Wheat,2005,3427,299.4,1045.63,28.35
Cameroon,Cassava,1994,46718,1563.1,457.08,25.22
Germany,Wheat,2008,17931,716.4,20321.25,8.23
Cuba,Sweet potatoes,2000,74018,1120.2,497.58,25.27
Chad,Cassava,2001,25952,420.9,61.36,27.93
Bangladesh,Soybeans,2010,5147,2701.0,12790.58,24.88
Morocco,Potatoes,2003,133102,411.0,4746.64,18.89
Colombia,Yams,2007,52814,1970.7,5468.15,24.73
Romania,Plantains and others,1998,12656,824.8,5262.57,10.2
Chad,Wheat,2000,3936,393.0,92.1,26.71
Senegal,Cassava,2008,58006,801.3,145.89,28.21
China,Cassava,1991,34861,644.1,550040.16,12.9
Kazakhstan,Sorghum,2003,2609,281.2,1254.74,3.86
Morocco,Wheat,1993,21311,357.7,3343.9,19.16
"Tanzania, United Republic of",Yams,1991,33749,790.9,319.11,25.29
Ecuador,Sorghum,2003,2560,2122.2,3373.95,21.64
Burkina Faso,Sorghum,1999,6321,736.4,263.31,28.53
Israel,Yams,2004,29576,422.2,1398.09,18.99
Chile,Plantains and others,2010,17825,643.9,11926.92,14.04
Iran,Soybeans,1999,9734,235.1,9974.99,18.13
Argentina,Sweet potatoes,1992,81691,769.0,33595.83,17.08
New Zealand,Soybeans,2006,5153,1745.6,3855.43,13.12
Iraq,Sorghum,2001,5224,222.1,1181.06,19.61
Nicaragua,Plantains and others,2005,10672,2849.4,1057.97,27.25
Cambodia,Soybeans,2002,4749,1717.5,757.87,28.82
Kazakhstan,Sweet potatoes,1994,22353,271.1,778.67,7.33
Laos,"Rice, paddy",2001,15569,1777.6,374.58,25.07
Jamaica,"Rice, paddy",1995,14514,2011.5,893.9,25.47
Egypt,Cassava,2002,30881,61.7,5075.27,24.04
Argentina,"Rice, paddy",1995,11007,685.8,160121.62,17.03
Burundi,Sorghum,2010,2345,1426.1,54.46,20.18
Poland,Wheat,2003,8359,608.9,13699.34,7.66
Guinea,Cassava,2012,36208,1805.8,94.95,23.45
"Congo, Democratic Republic of the",Soybeans,2011,2691,1882.3,293.59,23.32
Uruguay,Sweet potatoes,2010,88548,1122.0,3468.1,16.43
Ivory Coast,Sorghum,2006,7039,1244.0,1341.76,26.57
South Korea,Wheat,1990,28001,1308.1,12494.78,13.43
China,Cassava,1990,35170,672.1,418716.99,12.67
Dominican Republic,Plantains and others,1993,40984,1728.1,886.49,25.58
Kenya,Yams,1992,29993,675.8,809.12,23.62
Saudi Arabia,"Rice, paddy",1999,10193,52.7,3937.52,26.2
Bangladesh,Soybeans,2013,4808,2493.1,13076.06,25.5
Germany,Wheat,1992,15735,726.6,15869.88,8.67
El Salvador,Potatoes,2013,27972,1489.5,2315.6,26.6
Paraguay,Cassava,1991,91119,1126.0,2070.71,22.22
Venezuela,Plantains and others,2004,34610,2278.7,10513.1,27.04
Ghana,Sorghum,1999,6203,1343.1,1185.38,26.49
Czech Republic,Sweet potatoes,2002,57260,834.6,3554.1,8.2
"Tanzania, United Republic of","Rice, paddy",2000,18516,760.0,1875.37,26.58
Saudi Arabia,"Rice, paddy",2002,13045,64.3,4176.42,28.3
North Korea,Plantains and others,2006,11652,1274.1,607.93,11.37
Nepal,Soybeans,2007,3275,1714.8,141.01,17.43
Japan,Sorghum,2011,4409,1790.0,31521.79,19.5
Chile,Maize,2013,16236,503.0,19435.13,11.94
Venezuela,Soybeans,1994,4344,2627.3,6206.53,25.66
Angola,Cassava,1998,28597,1079.2,182.99,21.14
Germany,Sorghum,1990,8285,498.5,7231.21,8.96
Morocco,Cassava,2003,29679,392.1,2417.23,18.78
Japan,Soybeans,2007,21352,1368.5,46138.09,17.42
Burkina Faso,Sweet potatoes,2004,34496,694.8,215.46,29.42
Uganda,Soybeans,2007,10361,1207.1,405.58,23.07
Canada,Sorghum,1990,5470,502.3,29460.17,4.23
Israel,Yams,2005,66785,474.7,977.78,21.7
Haiti,Maize,2004,11238,1462.0,179.85,27.1
Belgium,"Rice, paddy",2005,19098,797.8,6853.14,10.34
Philippines,Yams,2003,17721,2507.4,2094.32,27.8
Haiti,Potatoes,2005,21531,1361.9,126.95,26.8
Honduras,Maize,1992,7184,2042.0,1913.5,26.45
Paraguay,Maize,2011,29884,1511.5,15962.16,20.07
Venezuela,Soybeans,2003,4378,2551.7,10747.74,26.75
Mali,Yams,2002,25491,296.2,130.92,26.49
Guatemala,Cassava,1995,50823,1632.3,1003.64,21.65
Algeria,Sorghum,2011,4366,72.4,2393.24,18.78
United States of America,Yams,2004,35406,646.8,82015.6,13.98
Zimbabwe,Maize,1990,18649,523.5,1153.71,21.02
Uzbekistan,Cassava,2002,10880,192.3,1434.55,13.63
Mozambique,Soybeans,2010,10423,869.4,619.91,26.36
Iran,Soybeans,2009,9534,231.4,11565.86,17.07
New Zealand,Sorghum,1999,1968,1727.2,1559.88,10.09
Malawi,Potatoes,2012,60131,1110.0,393.56,23.15
Benin,Sweet potatoes,1998,35116,798.8,119.35,30.41
Venezuela,Maize,1993,7742,2327.6,7765.8,24.88
United States of America,Wheat,2006,36675,788.9,258680.66,12.05
Chile,Soybeans,1996,6126,850.2,15749.1,12.99
China,Potatoes,2000,222032,428.3,1007374.46,16.29
Uganda,Plantains and others,2006,24334,1239.2,196.44,22.6
Sudan,Cassava,2009,31860,260.0,751.45,27.83
Costa Rica,Yams,2008,20646,3865.2,1210.65,26.68
France,Cassava,1996,29134,602.6,4096.48,10.99
Denmark,Sweet potatoes,2005,70617,702.8,1514.2,8.23
Mozambique,Soybeans,2004,4400,1035.0,575.34,30.17
Portugal,Maize,1994,13892,838.1,3946.84,14.21
Philippines,Maize,2000,7535,2930.8,6908.5,30.26
Colombia,Sorghum,1993,3650,2732.8,9158.1,23.79
Mali,"Rice, paddy",2003,8194,420.6,434.04,27.95
Togo,Soybeans,2007,8763,963.3,197.78,28.13
Ghana,Sorghum,2005,5966,1415.2,1136.4,27.08
Angola,Yams,2004,29978,927.6,37.47,21.95
Iraq,Cassava,2013,30364,179.5,1678.86,23.88
Iraq,Sorghum,2007,6154,213.2,1603.06,20.74
Rwanda,Soybeans,1992,6328,1169.9,178.45,18.2
Sierra Leone,Soybeans,1991,1966,2358.6,107.67,28.76
Senegal,Plantains and others,2012,18826,643.6,377.03,28.22
Argentina,Maize,1995,25535,556.7,147562.61,17.18
Niger,Cassava,1991,17058,244.4,44.63,30.32
Angola,Soybeans,2013,10189,1275.7,543.79,23.11
Ireland,Cassava,2013,58517,1277.3,1368.68,12.6
Bolivia,Soybeans,2002,12369,951.8,2458.25,22.18
Japan,Soybeans,2004,2877,2203.9,33646.16,13.91
Iran,"Rice, paddy",2010,3382,209.2,16199.72,17.37
Bangladesh,Sweet potatoes,2009,33845,2705.1,5241.41,25.52
Greece,Maize,2004,33221,653.0,11551.18,19.04
Nicaragua,Maize,2002,6585,3012.8,1521.04,25.79
Iran,Sorghum,1995,7430,221.8,5734.84,20.23
Germany,Wheat,2011,19446,638.8,23835.68,8.12
Senegal,Sorghum,1999,6566,610.2,240.17,28.04
Haiti,Potatoes,2009,23215,1373.5,139.73,28.17
Iran,Yams,1990,16996,305.8,3484.29,16.61
El Salvador,Yams,1996,26688,1748.6,480.82,22.87
Cambodia,Sorghum,2001,2361,1937.7,441.18,29.95
Morocco,Plantains and others,2013,9284,394.4,5733.77,17.39
Pakistan,Plantains and others,2010,15822,319.9,11787.05,24.25
Malawi,Sorghum,2001,2480,1305.8,214.41,19.62
Saudi Arabia,"Rice, paddy",2009,13382,60.6,6150.44,26.69
Costa Rica,Soybeans,2013,5938,2977.6,7630.32,24.98
South Korea,Yams,2002,42469,1329.8,5166.12,13.01
Algeria,Potatoes,2004,104637,101.5,3008.62,20.65
Ecuador,Maize,1995,8085,2504.0,6982.85,20.25
Algeria,Plantains and others,1992,3862,109.4,2097.64,17.88
Guinea,Sorghum,2009,2165,1682.5,123.54,27.19
Bolivia,Potatoes,2004,95867,1044.3,1281.81,21.3
Italy,Wheat,2004,45330,819.7,36547.32,15.28
Ghana,"Rice, paddy",2005,27276,1109.9,2804.29,25.86
Ireland,Sweet potatoes,2011,65490,1271.8,694.39,10.72
Guinea,"Rice, paddy",2003,14524,1457.3,321.24,23.18
Philippines,Yams,2000,22211,2634.1,1454.32,28.06
Israel,Potatoes,1993,196161,379.0,1349.26,20.01
Burundi,Maize,2005,16022,1052.3,69.34,21.94
Portugal,Cassava,1992,34316,858.1,2150.59,15.88
Russia,Potatoes,2011,57512,412.8,22627.92,3.51
Burkina Faso,Maize,1998,16739,789.6,678.11,28.32
Italy,Potatoes,2006,340609,750.4,38748.04,14.39
Nigeria,Maize,2013,25177,1010.6,2936.75,27.45
Greece,Maize,2003,16369,659.8,7525.31,15.87
Togo,Plantains and others,1998,22230,1120.8,143.25,27.27
Poland,Potatoes,1995,59840,630.8,7614.86,7.22
Czech Republic,Sorghum,2012,5898,551.3,4934.75,10.17
Argentina,Soybeans,2012,21210,719.6,158746.38,18.01
Italy,Maize,2012,21308,747.0,55928.57,14.72
Egypt,Maize,2008,29827,47.3,8804.48,24.01
Hungary,Sorghum,1999,5763,669.5,1162.49,10.61
South Korea,Maize,2001,16933,1342.9,14495.45,14.99
Israel,Potatoes,2013,282972,468.3,3074.53,20.82
Iran,Sorghum,1993,3398,200.0,2782.51,18.06
Italy,Potatoes,1991,282425,821.6,28751.9,14.29
Belgium,Potatoes,1990,140046,953.6,2478.5,9.32
Cuba,Maize,1996,23629,807.2,2485.09,25.48
Czech Republic,Potatoes,2013,228742,782.5,4809.11,11.56
Netherlands,Wheat,1995,16347,853.2,6749.82,9.3
Ghana,"Rice, paddy",1999,25265,1256.4,1897.06,26.22
Thailand,Wheat,2008,2711,1826.9,23382.68,29.0
Saudi Arabia,Yams,2011,40999,63.8,1713.38,25.71
Mexico,Sweet potatoes,2009,113751,874.2,5275.34,19.88
New Zealand,Potatoes,2001,116304,1803.1,2663.76,11.86
North Korea,Soybeans,2004,3890,1096.0,799.98,7.59
"Tanzania, United Republic of",Plantains and others,2012,24211,859.8,858.74,25.54
North Korea,Soybeans,1996,4320,1079.0,470.72,11.08
Myanmar,Wheat,2004,2958,2525.0,1042.11,25.16
Honduras,Yams,2012,17386,2026.2,1179.06,21.59
Rwanda,Potatoes,1997,85349,1107.1,135.45,17.99
Bolivia,Sweet potatoes,2006,68740,1309.4,179.99,21.62
Saudi Arabia,Cassava,2012,43613,54.5,2698.47,25.76
Afghanistan,Soybeans,1991,3378,323.3,96.31,18.25
Austria,Wheat,1998,12123,1027.8,3524.31,6.4
El Salvador,Cassava,1999,45641,1965.3,507.15,24.56
Sierra Leone,Wheat,1991,1979,2647.1,105.98,24.67
Nigeria,Maize,1991,23481,1486.3,1177.41,25.78
China,Yams,2010,31926,534.0,676101.13,14.48
Kenya,"Rice, paddy",2002,12355,575.4,3137.27,22.39
Panama,Sorghum,2000,3011,2967.4,1107.06,24.95
Saudi Arabia,Soybeans,2000,13519,57.2,3075.44,25.09
Guatemala,Cassava,2013,35258,2320.0,2832.37,24.08
Saudi Arabia,Cassava,2007,37106,42.8,2179.62,28.23
Israel,Yams,2011,80888,529.6,730.89,20.74
Uganda,Yams,2012,39595,959.2,134.36,22.41
Thailand,Sorghum,1992,5323,1575.3,9160.18,25.04
Brazil,Wheat,1997,5401,2058.9,171951.02,25.56
Panama,Yams,1994,14830,2708.4,8.33,27.62
Nicaragua,Sorghum,2000,2086,2421.9,977.74,24.26
Haiti,Maize,2008,17504,1372.3,184.52,23.76
"Congo, Democratic Republic of the",Sweet potatoes,1994,27061,1823.9,87.47,24.03
Sudan,Yams,2009,23747,212.1,439.88,28.4
Costa Rica,Soybeans,1996,6307,2229.3,5339.64,22.06
France,Wheat,2013,48528,816.6,59984.2,12.82
China,Potatoes,2009,246224,672.5,1153182.63,12.88
Iran,Yams,1993,10492,212.2,4921.07,15.82
South Korea,Plantains and others,2011,27175,1214.0,8309.62,13.01
South Africa,Potatoes,2002,196307,485.1,6378.97,18.39
Guatemala,Sorghum,1992,1943,1745.2,1377.0,20.76
Madagascar,"Rice, paddy",2001,13125,1690.8,448.83,22.26
Dominican Republic,Sorghum,1995,6256,1319.2,920.74,25.85
Ghana,Soybeans,1993,12038,765.5,1247.8,26.88
Austria,Soybeans,2005,10659,1104.1,3700.34,6.19
Netherlands,Soybeans,2006,11492,910.1,7179.72,8.02
Israel,Potatoes,2000,306612,400.4,1880.71,19.49
Nicaragua,Maize,2006,9198,2276.5,1827.05,25.77
Bolivia,Cassava,1998,45908,1302.1,1066.54,20.79
Jamaica,Sorghum,2011,2975,2068.8,490.29,23.17
Ghana,Yams,2010,53121,1251.9,903.92,25.71
Jamaica,Cassava,1999,49360,1910.5,170.64,26.15
Philippines,Sorghum,2006,4090,1997.3,2386.13,27.52
Israel,Yams,1997,44456,527.5,269.15,19.34
Romania,"Rice, paddy",2008,12097,625.4,9913.86,9.27
Haiti,Potatoes,2000,24173,1011.6,118.54,26.15
Niger,"Rice, paddy",1994,5896,323.5,197.31,26.52
Ireland,Potatoes,2011,192537,1204.8,2015.26,11.52
North Korea,Plantains and others,1993,9339,1058.9,380.64,10.51
Australia,Plantains and others,1999,31558,353.1,24833.68,23.62
Australia,"Rice, paddy",2007,10902,419.3,56817.39,18.35
Iraq,Soybeans,2012,12246,318.8,2086.46,21.71
Cameroon,Soybeans,1993,5481,1709.6,597.94,24.56
Vietnam,Maize,2012,14300,2022.0,38484.56,24.29
Iraq,Sorghum,1992,5354,199.7,388.04,22.28
Nicaragua,Plantains and others,2013,28957,2227.5,1204.25,27.03
Ghana,Yams,2008,58739,958.1,891.2,25.92
Nigeria,Maize,1990,18110,984.0,1517.04,28.48
Honduras,Yams,2007,39488,1795.2,414.41,24.06
Cuba,Plantains and others,2012,40506,1612.4,2514.56,26.68
Ethiopia,Maize,2005,12394,990.6,1554.09,19.28
Mali,Wheat,2009,5031,375.5,389.47,26.19
Egypt,Cassava,1995,21844,51.7,1319.21,24.56
Thailand,Cassava,1996,114446,1590.1,4890.7,24.65
United States of America,Wheat,2013,41957,803.4,369077.66,13.36
Morocco,Wheat,2001,23367,282.5,4339.76,19.82
Dominican Republic,Plantains and others,2013,46502,1598.3,1506.26,25.29
Australia,"Rice, paddy",2001,19639,475.3,41480.63,21.75
Argentina,"Rice, paddy",1996,9569,621.8,137791.48,15.21
Saudi Arabia,Plantains and others,2008,17403,57.2,3343.06,29.71
Burundi,Sorghum,2012,2423,1475.7,41.29,20.36
Czech Republic,Sweet potatoes,2009,61233,727.7,1090.82,8.04
Iraq,Sweet potatoes,1993,56119,232.1,921.94,21.24
Israel,Sweet potatoes,2007,155692,553.2,1293.72,21.16
Paraguay,Wheat,2001,7980,1307.4,11029.27,26.22
Benin,Soybeans,2003,7514,989.5,444.99,28.07
Rwanda,"Rice, paddy",1995,5539,1277.1,219.05,17.82
Madagascar,"Rice, paddy",1994,9420,1658.6,340.81,20.87
Malaysia,Cassava,2012,30390,3155.2,10277.66,26.91
Zimbabwe,"Rice, paddy",2013,6524,616.0,2689.97,19.44
Algeria,Plantains and others,1996,7143,85.6,1914.61,18.73
Israel,Plantains and others,2013,18618,470.8,2607.81,16.68
El Salvador,Plantains and others,1998,37414,1641.9,1167.04,24.83
El Salvador,Sorghum,2007,5717,1489.5,2128.33,25.24
Costa Rica,Sorghum,2011,2952,2893.7,2843.97,20.85
"Congo, Democratic Republic of the",Sweet potatoes,1991,34191,1569.1,85.23,24.52
Ghana,Plantains and others,2009,38768,1139.4,1362.13,30.63
Burundi,Plantains and others,1991,12994,779.4,42.34,21.15
Guinea,Maize,2008,16236,1427.2,383.44,25.47
Belgium,Potatoes,1993,94617,857.4,1805.89,7.52
Japan,Soybeans,2011,8876,1691.4,42000.98,15.05
Panama,Potatoes,2001,15867,3212.0,2114.97,27.82
Saudi Arabia,Soybeans,2002,11111,54.4,3250.7,28.62
Laos,Soybeans,1995,4549,1658.0,219.1,26.17
France,Wheat,1997,33760,903.9,52706.68,13.69
Hungary,Plantains and others,2004,14222,626.0,4530.47,8.22
Japan,Sorghum,1999,4234,1465.2,22763.34,15.11
Senegal,Maize,1992,19298,798.0,339.85,28.56
Chad,Plantains and others,1991,5921,296.6,64.41,26.24
Zimbabwe,Maize,2002,14380,665.2,1812.97,19.11
Mali,Sweet potatoes,2009,31184,400.2,166.05,28.89
Uzbekistan,Soybeans,2007,4073,235.2,6135.13,15.17
Angola,Cassava,2007,40024,737.3,75.11,23.73
Ivory Coast,Sorghum,1999,4541,1505.0,1137.68,26.92
Greece,Cassava,2012,39841,566.3,3482.73,17.11
Guinea,Yams,1996,19991,1541.6,55.54,25.68
Nigeria,Soybeans,2006,10143,1373.6,2539.81,27.64
Portugal,Plantains and others,1993,14110,861.1,2340.99,14.5
Finland,Sweet potatoes,1995,39302,496.4,418.5,4.41
Germany,Maize,1994,19627,667.9,21426.43,9.48
Mexico,Potatoes,2004,131355,738.5,20014.77,22.91
Zambia,Soybeans,2009,8730,1053.5,827.47,20.94
Mexico,Cassava,2011,94549,775.8,12108.03,21.85
Thailand,Sorghum,1996,6243,1564.4,10000.9,24.45
North Korea,Sweet potatoes,2007,27187,957.7,252.13,9.67
United States of America,Sorghum,2005,5039,1024.0,225481.58,11.67
India,Sorghum,1993,5457,1355.0,4873.55,21.99
Iran,Soybeans,2006,9405,247.9,9301.32,17.43
Kazakhstan,Sweet potatoes,2000,22036,223.1,871.36,7.39
Chile,Wheat,1997,28126,655.5,8059.59,13.72
Rwanda,"Rice, paddy",2011,7101,1432.1,366.44,19.1
Bolivia,Sorghum,1998,4880,1168.6,1103.52,21.35
France,Soybeans,2011,8266,893.4,61133.58,13.19
South Korea,Yams,2012,37107,1566.2,8466.38,13.48
Ghana,Sweet potatoes,2010,60035,1019.0,435.58,30.66
Kenya,Plantains and others,2003,22889,758.6,1199.67,24.06
Sri Lanka,Sorghum,1994,4384,1538.1,2574.77,27.14
Venezuela,Yams,2011,57581,1682.9,2880.2,26.12
Egypt,"Rice, paddy",2001,8283,54.7,8599.54,24.15
Niger,Cassava,2001,22370,294.9,83.69,27.65
Mali,"Rice, paddy",1994,7582,359.2,347.39,26.38
Nigeria,Maize,2005,23527,1139.6,2908.75,26.87
Panama,Cassava,1993,20129,2851.9,730.44,27.33
Sierra Leone,Soybeans,2011,2119,3449.7,182.58,27.44
Guatemala,Potatoes,2006,22152,2540.2,3419.61,24.75
Spain,Sweet potatoes,1991,101329,678.1,8801.04,17.21
Argentina,Sweet potatoes,2003,91344,624.5,57144.82,15.92
India,"Rice, paddy",2007,35054,1108.4,55980.83,24.66
Spain,Wheat,2012,38057,540.1,29387.97,16.18
Philippines,Maize,2002,11204,1940.0,5130.52,23.08
Italy,Maize,2009,21819,763.9,53308.05,14.34
Nicaragua,Soybeans,2006,2705,1888.1,1463.16,29.09
Peru,Plantains and others,2001,42833,1560.5,4139.97,22.03
Kazakhstan,Soybeans,2008,3634,269.0,2179.58,8.93
Myanmar,Soybeans,2004,3142,2707.7,988.89,23.32
Sudan,"Rice, paddy",1997,4526,244.5,1035.35,25.73
Egypt,Plantains and others,1995,15558,32.2,3594.87,26.12
Rwanda,Potatoes,1998,76203,1122.4,179.75,20.28
Sudan,"Rice, paddy",2008,5335,246.1,1546.94,27.21
Cambodia,Plantains and others,2012,33234,1762.8,467.65,24.06
Haiti,Cassava,1995,32507,1604.4,55.85,30.82
Myanmar,Cassava,1995,16001,2507.8,378.43,27.17
Colombia,Yams,2009,18211,2558.2,3241.7,22.98
Cambodia,"Rice, paddy",2002,14216,2205.2,902.15,28.47
Mozambique,Yams,2011,24556,866.2,269.56,23.67
Chile,Wheat,2002,25690,799.9,13501.21,13.31
Cuba,Cassava,1994,70135,1266.3,784.87,26.94
Niger,Potatoes,2008,21408,291.5,166.66,28.72
Hungary,Plantains and others,2000,9730,447.8,5422.27,10.91
Austria,Wheat,1993,11101,1145.8,2358.69,4.9
Myanmar,Wheat,2001,2491,2365.9,741.28,26.02
Argentina,"Rice, paddy",1990,10432,572.2,111641.12,16.77
Ivory Coast,Potatoes,2006,28274,1396.1,1674.62,26.82
South Korea,Soybeans,1990,5070,1511.2,11769.34,12.9
Guinea,Sorghum,2006,1718,1992.7,126.61,24.88
Cameroon,Yams,1998,23918,2071.5,517.8,26.55
Laos,Soybeans,2010,6131,1587.3,307.94,28.48
Germany,Maize,1990,20767,738.2,20311.49,9.75
Senegal,Potatoes,2001,26035,602.7,335.74,30.3
Austria,Wheat,2010,12825,1121.4,3413.87,7.39
Bolivia,Soybeans,2010,12628,965.1,2614.8,22.08
Ivory Coast,Sweet potatoes,1997,45666,1481.6,494.65,28.44
Cuba,Sweet potatoes,1991,84584,917.6,339.0,26.12
Zimbabwe,Sorghum,1991,2241,702.9,616.2,17.69
China,Soybeans,1991,7919,609.9,879401.82,14.2
Afghanistan,Sorghum,1997,1508,358.5,91.55,15.23
Benin,Plantains and others,2011,25266,1025.1,417.79,28.76
Egypt,Cassava,2010,35470,47.7,3630.19,22.49
China,Sorghum,2010,7612,594.9,841299.15,14.26
Ukraine,Sorghum,2005,4712,481.7,4299.84,8.22
Sudan,Wheat,1994,2618,288.2,779.03,28.05
Honduras,Sorghum,1996,2334,2062.8,628.95,25.81
Guatemala,Sorghum,1990,2483,2042.6,1510.84,24.8
Russia,Sweet potatoes,1999,35175,482.0,8351.82,6.81
Ecuador,Maize,2012,19877,1786.8,8812.51,20.83
Paraguay,Maize,1999,31745,1506.8,10929.79,23.33
Pakistan,Potatoes,1999,81574,460.6,14656.23,24.12
Saudi Arabia,Cassava,1994,36521,64.4,1080.38,26.16
Uruguay,Sorghum,2013,4455,1257.7,4197.16,17.0
Portugal,Maize,2010,19684,765.6,7226.16,13.48
Thailand,Plantains and others,1997,57614,1615.6,6159.63,26.62
Bolivia,Soybeans,2013,11747,1123.2,2586.38,20.67
Bolivia,Cassava,2012,29400,988.9,1578.21,18.3
Laos,Sweet potatoes,2002,29519,1849.0,130.32,23.82
"Tanzania, United Republic of",Potatoes,2000,43036,1149.9,903.78,25.42
United States of America,Plantains and others,1998,20377,603.2,154320.55,13.8
Uzbekistan,Cassava,1995,11908,202.2,720.29,13.58
Saudi Arabia,Yams,1999,30546,51.0,1663.17,25.44
Panama,Wheat,2005,1875,2931.8,1757.79,27.67
Laos,Sweet potatoes,1990,14794,2089.2,41.02,26.82
Niger,Sweet potatoes,2000,25426,284.6,52.77,30.17
Uzbekistan,Maize,2004,7809,206.8,6575.41,15.31
El Salvador,Plantains and others,1994,32847,1874.8,1380.39,28.11
Costa Rica,Yams,1999,20282,2689.1,2728.65,23.56
Laos,"Rice, paddy",2009,14738,1766.2,451.0,22.42
"Tanzania, United Republic of","Rice, paddy",2004,17561,1227.5,1937.4,24.02
Costa Rica,Yams,2004,21940,2441.1,2870.6,23.87
Mali,Plantains and others,2008,10935,350.7,292.8,29.14
Canada,Sweet potatoes,2005,65596,501.9,27017.81,4.43
Iraq,Maize,1995,21717,236.0,2103.93,25.97
Austria,Potatoes,1990,68557,808.3,2250.05,5.69
Bolivia,"Rice, paddy",2007,13005,1073.0,2638.8,21.6
Saudi Arabia,Plantains and others,2000,13378,57.9,1397.23,27.48
Ireland,Cassava,2012,64720,1471.7,1142.66,7.92
Pakistan,Yams,2003,38884,540.6,6922.84,24.06
Japan,Soybeans,2009,8002,1713.0,43153.5,14.81
Cuba,Soybeans,2000,14566,1013.9,1999.91,23.98
Uganda,Soybeans,2008,9267,1193.6,429.75,23.48
Israel,Potatoes,2004,311601,386.0,3045.84,20.64
Ivory Coast,Sweet potatoes,1991,55125,1165.0,0,28.46
Benin,Cassava,2001,35836,889.3,182.83,30.04
Iraq,Soybeans,1996,7455,193.4,2092.14,21.59
France,Soybeans,2006,11075,760.9,63245.46,13.6
Uzbekistan,Soybeans,1997,3518,249.0,4472.74,13.0
Ireland,Cassava,2003,63164,1333.8,986.31,11.17
Afghanistan,Cassava,2012,8120,310.0,91.69,17.43
Angola,Sweet potatoes,1998,34838,1164.9,39.08,19.35
Brazil,Yams,2011,56579,1949.6,142170.68,23.39
Guatemala,Soybeans,2000,3843,2015.7,2943.78,22.0
Mozambique,Sorghum,1991,4920,1035.3,229.27,24.22
Chad,Soybeans,1990,5610,484.3,87.53,25.56
Australia,Yams,2000,95580,488.8,17916.96,23.09
Cambodia,Sorghum,2009,2925,1948.2,548.97,26.14
Madagascar,Cassava,1998,49520,1390.0,146.9,26.51
South Korea,Soybeans,2002,7531,1473.5,17214.13,11.3
Ethiopia,Maize,2008,15836,1036.2,1870.68,20.34
Russia,Sweet potatoes,2006,33763,385.0,7657.72,3.17
Madagascar,Soybeans,1996,7815,1292.3,231.49,22.29
Venezuela,Soybeans,1992,7342,1640.0,5567.84,25.49
"Congo, Democratic Republic of the",Soybeans,1993,3519,1658.9,126.23,24.29
Costa Rica,Yams,1994,17924,3215.2,822.25,21.77
Niger,Yams,2002,16058,272.9,118.91,27.35
Bangladesh,Soybeans,1990,3708,2405.5,4466.49,27.09
Guinea,Maize,1997,10995,1683.0,246.35,27.13
Dominican Republic,Sorghum,1997,7414,1191.5,434.14,24.94
Peru,Sorghum,2003,2836,1587.7,2664.48,19.6
Cuba,Soybeans,2001,12142,1359.7,3006.95,25.86
Hungary,Cassava,2000,30353,722.5,4965.57,11.28
Malawi,Sweet potatoes,1992,44278,1152.9,28.63,21.61
Madagascar,"Rice, paddy",1995,11713,1881.8,409.31,23.93
Uganda,Soybeans,2003,8988,1275.1,388.49,23.22
Brazil,Sweet potatoes,2012,49983,2041.7,79784.64,23.39
Argentina,"Rice, paddy",2000,11908,662.5,157123.28,16.51
South Africa,Sweet potatoes,1995,91334,390.1,1403.53,19.03
Uruguay,Sweet potatoes,1998,47341,1282.9,2758.12,14.75
Guinea,Wheat,2007,1041,1792.2,280.57,28.15
Venezuela,Maize,1991,8381,1977.3,8479.18,23.17
Burundi,Wheat,1996,7185,1374.0,46.74,19.74
Haiti,Soybeans,2011,4620,1799.1,160.25,26.65
Kenya,Cassava,1998,59394,595.1,1172.62,25.06
Malaysia,Sweet potatoes,1996,33870,2887.6,10729.16,29.3
Ecuador,Plantains and others,1996,42623,1827.6,4424.13,22.03
Vietnam,Sorghum,2012,5162,1700.3,17546.41,26.57
Ukraine,Sorghum,1993,4740,483.3,6014.8,5.98
Brazil,Plantains and others,2003,58130,1651.0,135203.13,28.52
Cuba,Maize,2007,28849,1153.1,3323.4,25.93
United States of America,Plantains and others,2007,21477,719.5,208099.67,10.98
United Kingdom,Plantains and others,2002,40662,1482.0,12121.18,10.28
Dominican Republic,Plantains and others,1990,37120,1448.2,1105.19,26.55
"Tanzania, United Republic of",Yams,2011,42475,951.3,289.23,27.57
Ireland,Yams,2007,44562,1150.1,922.0,8.71
South Africa,Soybeans,1996,14646,348.8,9570.04,17.74
Italy,Cassava,2013,58544,991.6,33264.03,14.25
Malawi,Sorghum,1993,3704,1296.5,140.36,21.83
"Congo, Democratic Republic of the",Maize,2008,11464,1665.1,267.63,26.0
Iraq,Cassava,2006,32980,275.9,703.47,21.31
New Zealand,Potatoes,2000,79682,1862.2,1896.12,13.37
Burkina Faso,Soybeans,1997,8397,811.3,519.41,26.89
Guatemala,Sorghum,2010,3368,2182.1,3272.14,28.12
United States of America,Wheat,1997,31271,587.3,103897.84,12.85
Morocco,Wheat,1991,20309,401.9,4890.47,15.05
Uruguay,Sorghum,1991,6515,1027.5,3233.72,18.75
Kazakhstan,Soybeans,1997,3568,186.5,2032.45,5.8
Iraq,Cassava,2005,26398,197.3,1205.98,22.16
Niger,"Rice, paddy",1991,4317,273.3,186.11,25.59
Madagascar,Plantains and others,1997,19979,1505.3,182.05,22.62
Panama,"Rice, paddy",2001,6872,2793.6,2465.82,26.43
Saudi Arabia,Yams,2007,30800,43.4,670.61,32.64
Peru,Sorghum,2006,2086,1856.9,4490.38,19.16
Jamaica,Sweet potatoes,2013,43642,1869.9,407.75,28.38
Myanmar,Cassava,1991,33627,2107.5,365.89,24.53
New Zealand,Sorghum,2005,2471,1905.1,2084.97,10.32
South Africa,Soybeans,2009,18564,368.5,12620.54,18.28
Cuba,Yams,2011,57774,1373.4,1771.69,26.33
Israel,Sweet potatoes,2009,164306,453.7,1689.25,19.04
Uganda,Plantains and others,2002,27217,1001.1,171.4,22.79
Sri Lanka,Potatoes,1999,10779,2427.4,2504.37,26.4
Chad,Plantains and others,1993,5131,305.0,58.25,29.1
Morocco,Yams,2012,12715,275.5,2979.71,18.14
Senegal,Plantains and others,2000,19617,758.7,358.23,28.69
Cameroon,Sweet potatoes,2005,44311,1823.1,662.01,25.21
Ethiopia,Sorghum,2010,4270,738.7,982.03,19.81
Netherlands,Potatoes,2006,202541,589.4,6033.48,10.26
Uruguay,Yams,2011,28685,1251.3,3819.16,18.41
Cambodia,Plantains and others,1998,25768,2160.6,501.52,29.36
Burundi,Plantains and others,2003,16179,1307.4,37.85,19.36
Ireland,Sweet potatoes,1991,54776,1306.7,602.09,9.08
Portugal,Cassava,2007,44961,832.1,2481.99,16.76
Pakistan,Yams,2000,51334,421.8,9375.94,25.11
Burundi,Potatoes,1991,34746,1188.2,47.07,22.36
United Kingdom,Sweet potatoes,1990,48275,1136.1,6405.26,11.76
Morocco,"Rice, paddy",1996,3601,266.0,5555.3,16.32
Germany,Wheat,2003,35753,620.7,17766.41,11.63
South Africa,Maize,2008,25253,374.8,13146.73,17.56
Belgium,Yams,2013,46250,852.6,3001.96,12.21
Belgium,"Rice, paddy",1996,13029,982.4,5575.45,11.48
Portugal,Maize,1993,11486,927.6,4909.36,15.49
Colombia,Plantains and others,1995,12597,3200.7,12669.17,24.6
Angola,Sorghum,2009,3371,1033.5,192.96,20.89
Laos,"Rice, paddy",1993,13766,1800.6,289.59,26.71
Greece,Yams,2009,28307,879.2,6387.71,14.14
Senegal,Maize,2005,13797,921.3,517.67,30.45
Bangladesh,Soybeans,1994,4001,2450.2,5699.11,26.45
Uganda,Yams,1990,28594,1039.1,112.93,21.77
Costa Rica,Sorghum,2005,3226,3705.0,2831.5,24.04
Honduras,Maize,1996,6457,1999.4,1924.28,26.02
Paraguay,Wheat,1993,12313,1347.4,8010.18,22.6
Nepal,Soybeans,1997,4862,1653.4,110.3,20.32
"Tanzania, United Republic of",Potatoes,1994,47740,1098.0,842.59,24.37
South Korea,Plantains and others,1991,22857,1292.3,9694.89,13.78
Angola,"Rice, paddy",1999,6853,894.4,393.47,20.82
"Congo, Democratic Republic of the",Sweet potatoes,2006,23157,1926.4,82.7,26.57
Cambodia,Soybeans,1995,2825,1961.3,470.1,28.17
Cameroon,Sorghum,2000,5179,1322.6,361.07,26.59
Niger,Yams,2010,19913,263.8,69.06,28.37
Russia,Sweet potatoes,1995,31800,447.1,10313.82,4.46
Poland,Potatoes,2003,74085,516.5,14124.12,4.81
Colombia,Soybeans,1995,6091,2686.1,13328.39,22.77
Japan,Soybeans,2012,6236,1993.4,60431.96,15.5
Afghanistan,Plantains and others,1999,2216,274.1,112.0,15.98
Ghana,Soybeans,2005,8666,1568.6,1470.35,26.82
Mozambique,"Rice, paddy",2011,11091,996.7,859.09,22.94
Italy,Wheat,1997,21824,1080.1,37584.96,10.32
"Congo, Democratic Republic of the",Soybeans,2012,2666,1805.0,300.27,24.64
South Africa,Soybeans,2002,18899,404.9,12842.52,19.17
Peru,Sweet potatoes,1992,21390,1946.3,1021.29,17.72
Cuba,Yams,1996,56667,1295.6,579.64,26.1
Ecuador,Maize,1994,9522,1937.7,4540.92,20.62
Malawi,Sorghum,1995,4284,1244.7,182.7,22.78
Colombia,Sorghum,2001,3507,1901.5,13554.21,21.32
Zimbabwe,Sorghum,2008,6442,586.1,868.0,21.07
Belgium,Plantains and others,1994,22465,859.7,2930.58,10.92
Chile,Soybeans,1993,7754,784.2,10421.82,15.26
Brazil,Maize,2006,36140,1338.7,357818.69,24.52
Sierra Leone,Sweet potatoes,2008,10332,3290.0,70.33,28.0
Finland,Soybeans,2010,9880,577.3,1601.69,2.39
Iraq,Soybeans,1998,7708,263.6,2156.3,20.93
Mali,Potatoes,1996,16448,339.6,292.05,26.79
Canada,Sorghum,2002,7957,484.4,34492.16,6.49
Spain,Maize,2009,18508,514.3,41690.33,13.6
Pakistan,Plantains and others,2001,26077,571.3,11595.33,22.35
Netherlands,Wheat,2008,48782,807.3,7113.41,14.48
Uruguay,Yams,1996,28287,1168.6,3394.29,15.2
Cambodia,Soybeans,2001,4263,1818.3,501.19,28.86
South Africa,Soybeans,1994,5538,525.4,7933.94,14.98
Algeria,Sorghum,2002,5032,70.0,2461.8,19.87
South Africa,Cassava,2012,44174,502.7,7735.2,18.03
Iraq,Maize,1996,17488,215.9,1837.96,20.28
New Zealand,Potatoes,1998,107087,1689.2,1884.85,10.23
Cambodia,Cassava,2001,33390,2096.2,334.4,30.18
Sierra Leone,Wheat,1996,1000,2454.9,97.97,28.12
Guinea,Wheat,1991,1887,1847.3,210.45,25.0
Togo,Cassava,2007,49751,1023.1,119.53,28.79
Russia,Maize,2002,12635,463.0,19555.57,6.45
Senegal,Plantains and others,2005,23094,722.7,319.7,25.86
Uzbekistan,Maize,1992,5734,212.7,3610.85,14.83
Brazil,Wheat,1991,13290,1643.1,80376.69,22.17
Japan,Sweet potatoes,2013,78050,1691.5,20161.44,15.75
"Tanzania, United Republic of",Wheat,2000,11380,988.5,1230.16,22.52
Saudi Arabia,Yams,2005,29973,53.6,1674.08,26.51
Cameroon,Yams,1994,29823,1697.0,0,25.87
Pakistan,"Rice, paddy",1994,12807,357.5,18354.44,24.82
Malawi,Sorghum,2012,5561,1236.3,280.37,23.65
Nepal,Sweet potatoes,2011,39765,1627.5,91.53,20.07
Nicaragua,Sorghum,1994,2319,1947.1,654.81,27.37
France,Sorghum,1994,5765,901.9,19487.57,11.67
Greece,Maize,2011,17394,652.3,12835.05,15.55
China,Soybeans,2011,10402,662.1,1682613.66,14.65
Pakistan,Maize,2000,27871,432.9,17632.96,26.01
Nicaragua,Plantains and others,1995,17228,2478.0,591.41,25.57
Mali,Yams,1992,24428,413.9,69.8,28.5
Kazakhstan,Sorghum,2010,2921,277.0,1276.07,5.05
Zambia,Plantains and others,2001,20379,951.3,489.08,20.81
Thailand,Soybeans,2005,12919,1592.6,27186.51,27.55
El Salvador,Plantains and others,2001,39702,1498.3,1329.32,25.95
Senegal,Potatoes,1991,23526,635.8,214.48,31.05
Thailand,Sorghum,2000,6369,1573.6,8036.79,25.56
Peru,"Rice, paddy",2003,20551,1554.4,7116.04,20.62
Senegal,Sorghum,2006,8514,821.6,168.45,27.85
Sri Lanka,Sorghum,2002,2866,1936.7,2447.52,25.62
Myanmar,Wheat,1999,5146,1480.6,732.62,25.22
Rwanda,Maize,2001,13336,956.5,235.12,17.65
New Zealand,Sorghum,1993,4325,1272.1,1763.27,8.41
Malaysia,Sweet potatoes,2013,32649,3062.1,12917.47,29.75
Burundi,Soybeans,2005,9151,1131.1,76.64,22.43
Senegal,Yams,2003,35068,458.6,211.18,27.91
Angola,Potatoes,2005,46452,967.0,270.84,24.43
India,Potatoes,2011,109449,1069.4,36922.17,24.14
Ethiopia,Cassava,2000,36654,666.5,339.3,22.02
Guatemala,Soybeans,2005,3678,2230.8,3606.49,26.93
New Zealand,Sweet potatoes,2007,61055,1389.2,1634.67,11.98
Netherlands,Plantains and others,2012,28180,771.3,5854.32,7.01
Cambodia,Yams,2013,27360,2019.4,246.02,28.52
Mexico,Maize,1997,31568,759.4,26336.19,20.68
Colombia,Potatoes,2004,28134,2019.1,20783.16,25.01
Ghana,Yams,2004,52162,1018.8,840.01,27.56
Costa Rica,Yams,1992,18203,2733.9,905.12,22.77
Ecuador,Soybeans,2002,5613,2331.6,5016.05,21.46
Panama,"Rice, paddy",1990,6099,2719.7,1742.93,23.52
Togo,"Rice, paddy",2012,15709,1155.4,337.16,27.86
Togo,Cassava,2000,42650,951.1,67.86,26.92
Venezuela,Cassava,2000,27233,2605.5,2902.6,27.72
Ireland,Cassava,1993,55703,1408.8,874.25,12.47
Togo,Cassava,1995,35936,1206.2,78.33,29.04
Mozambique,Potatoes,2006,40268,1003.6,306.54,24.41
Portugal,Wheat,1996,29428,861.9,3998.06,13.6
Greece,Yams,2002,25856,595.9,4306.57,16.8
Burundi,Wheat,2005,9651,1014.7,72.11,18.71
Philippines,Cassava,1996,37053,2207.0,1944.01,28.01
Malawi,Potatoes,1995,43814,1099.1,200.59,24.36
Benin,Cassava,2005,44056,969.4,194.19,28.74
Hungary,Sweet potatoes,1995,37792,548.1,1403.67,12.19
Cuba,Plantains and others,2006,45418,1702.0,2072.12,25.82
India,Potatoes,2004,99883,1382.7,25286.39,23.89
Burkina Faso,Sweet potatoes,2012,34648,840.0,368.72,29.19
Iran,Soybeans,1995,11605,234.2,7731.13,19.65
Madagascar,Plantains and others,2010,22652,1514.1,278.03,20.69
Israel,Sweet potatoes,1997,132642,424.3,537.88,20.46
Paraguay,Cassava,2000,87302,1417.9,2092.16,21.87
South Korea,Soybeans,1993,6347,1502.6,17798.54,12.76
Sudan,"Rice, paddy",2012,5554,229.5,1435.63,28.58
Ecuador,Wheat,2002,6440,1819.7,5436.34,21.99
Cambodia,Plantains and others,2006,36250,1613.1,564.18,25.85
Czech Republic,Wheat,1997,16803,612.2,2447.87,9.91
New Zealand,Sweet potatoes,1995,15812,2148.6,922.46,10.94
United States of America,Wheat,2012,36809,861.8,323991.21,13.63
Vietnam,Maize,2002,25813,1591.2,33806.5,26.93
Hungary,"Rice, paddy",2011,14090,684.3,13061.8,11.54
Nigeria,Sorghum,2004,6447,897.0,798.51,27.13
Egypt,"Rice, paddy",2012,9359,45.8,12318.46,22.0
El Salvador,Sweet potatoes,1998,67215,1454.8,1831.26,25.58
Chile,Maize,2008,18914,799.6,13652.04,12.38
India,"Rice, paddy",1998,33772,1227.6,44962.64,25.71
Canada,Sweet potatoes,1999,54562,551.6,9829.39,2.91
Mozambique,Soybeans,1994,8935,903.2,409.18,25.3
Ghana,Sorghum,2002,4902,1365.8,811.77,27.42
Ireland,Maize,2004,18502,1244.8,1963.2,7.56
Cuba,Cassava,2010,69624,1596.7,1278.74,25.44
Cameroon,Sorghum,2005,2186,1896.2,580.31,25.2
Kenya,Cassava,2004,52916,609.5,1091.24,23.73
Argentina,Sweet potatoes,1997,126842,587.3,76737.84,18.37
Bolivia,Yams,1993,31192,1389.5,878.57,21.33
Bolivia,Potatoes,1998,85483,935.0,1363.41,21.23
Peru,Plantains and others,1991,14597,2022.7,2241.48,17.76
Guinea,Cassava,1991,29948,1166.7,83.74,27.54
Honduras,Maize,1991,18375,1483.7,1462.16,23.95
Nicaragua,"Rice, paddy",2002,9819,2418.5,1795.49,28.13
Laos,"Rice, paddy",2013,21094,1950.1,497.81,25.91
Ghana,Maize,2009,24126,1387.8,2279.15,26.8
Pakistan,Yams,2011,52204,385.0,8574.64,25.69
Mozambique,Plantains and others,2008,27292,983.2,498.63,27.64
Haiti,Potatoes,2013,25621,1207.6,120.86,29.12
Philippines,Sorghum,2010,3512,2039.6,3792.39,24.5
Myanmar,Cassava,1996,17261,3086.2,244.13,24.42
Austria,Potatoes,1999,155256,1118.4,2147.36,9.37
Bangladesh,"Rice, paddy",2005,9221,3003.4,14245.51,27.0
Benin,Plantains and others,2008,20410,726.8,255.61,26.81
Russia,Potatoes,2001,51943,451.2,13283.34,4.05
Morocco,"Rice, paddy",2002,5415,376.2,5969.01,18.39
Sudan,Wheat,1996,3237,241.9,707.61,29.12
New Zealand,Sweet potatoes,1998,19504,2009.6,1029.74,11.92
"Tanzania, United Republic of",Yams,2001,47028,1103.6,605.68,24.25
Paraguay,Plantains and others,1992,54154,1238.4,6790.21,23.26
South Korea,Plantains and others,2010,29457,1448.3,12404.06,13.19
Cameroon,Sorghum,2006,2509,1854.5,485.4,25.28
Angola,Cassava,2003,44092,941.6,120.17,22.48
Ghana,Yams,1999,44743,1266.8,335.98,23.56
Malaysia,"Rice, paddy",1993,24572,2224.2,23775.71,26.87
Austria,Soybeans,2007,11805,929.3,3350.5,8.19
Argentina,Wheat,2002,32214,646.3,111776.69,14.52
Czech Republic,Sorghum,2009,4897,611.9,4584.31,10.76
Laos,Sorghum,1994,1823,2265.8,186.64,24.48
South Africa,Maize,1998,19785,469.1,9180.17,18.21
Jamaica,Soybeans,2005,4210,2283.6,790.67,25.38
Panama,"Rice, paddy",1996,8321,3482.5,2554.32,27.37
Austria,Wheat,1996,10367,928.7,1692.22,6.53
Denmark,Maize,2002,23898,722.5,3230.54,8.7
India,Cassava,2004,117152,981.9,15678.46,27.42
Haiti,Maize,2010,16095,1458.0,215.07,24.93
China,Yams,1998,28576,748.4,433929.83,15.28
Afghanistan,Sorghum,2005,1692,379.8,36.49,13.34
Israel,Sweet potatoes,1990,120329,347.1,0,21.43
Rwanda,Yams,1991,18909,1626.1,94.85,20.79
Ireland,Wheat,2000,25114,1050.5,1121.92,10.43
Guinea,Wheat,2012,2951,1522.8,240.03,26.77
Turkey,Potatoes,1991,162251,435.9,13691.35,14.9
Iraq,Plantains and others,2004,9301,219.3,1325.16,20.72
Argentina,Sorghum,2011,5893,664.9,105914.65,14.76
Burundi,Potatoes,2013,65883,1381.9,83.5,20.91
Ukraine,Soybeans,2007,6946,670.4,10213.5,7.05
Austria,Potatoes,2012,95550,1033.4,4038.8,8.07
Costa Rica,Plantains and others,1997,17566,3186.2,2769.6,23.88
Chile,Soybeans,1995,5968,758.1,10958.55,13.76
"Tanzania, United Republic of",Maize,2004,23667,727.3,1432.26,22.48
Belgium,Maize,1993,18259,684.5,3671.1,11.24
New Zealand,Soybeans,2005,4493,1796.9,2885.1,11.36
Ecuador,Plantains and others,1997,31652,2162.8,5024.58,23.44
Guatemala,Wheat,2005,5121,2414.0,2830.21,22.6
Turkey,Soybeans,1999,7138,616.1,32837.57,11.4
Austria,Soybeans,2010,11288,871.1,3389.83,6.47
United Kingdom,Sweet potatoes,1996,49032,1437.6,5828.63,12.38
Indonesia,Cassava,1999,62874,2047.4,6136.77,26.99
Kazakhstan,Sweet potatoes,2001,23041,241.4,320.57,9.57
Belgium,Yams,2011,55976,914.9,2767.71,7.49
Germany,Wheat,2005,21975,775.0,17283.02,10.03
United Kingdom,Wheat,2010,22185,1561.5,20554.87,11.59
Burundi,Maize,1997,10105,1094.3,73.45,18.05
New Zealand,Wheat,1998,7826,2487.4,1709.09,11.6
Burundi,Maize,2013,10480,1449.2,100.78,19.06
Thailand,Sorghum,2006,11151,1140.1,8551.63,28.29
Haiti,Yams,1999,37876,1049.0,63.63,25.48
Mozambique,"Rice, paddy",2012,13679,1004.7,934.57,22.65
Russia,Wheat,1999,7825,494.4,16793.49,4.88
El Salvador,"Rice, paddy",2010,25294,1951.5,3974.87,25.22
Burundi,Sorghum,1994,1924,1391.6,39.54,19.44
Kazakhstan,Sweet potatoes,1990,17572,257.0,368.78,3.89
Bangladesh,"Rice, paddy",1998,15465,2367.2,9109.47,23.66
Paraguay,Plantains and others,2008,42901,1144.3,7544.6,21.77
Iraq,Yams,2000,16148,206.0,366.77,20.32
Costa Rica,Plantains and others,1990,15727,3620.4,2740.18,23.9
China,Soybeans,2008,10473,568.9,1221324.83,12.66
Honduras,Plantains and others,1996,40836,1842.7,1658.62,26.01
Peru,Plantains and others,2013,18166,1894.2,4752.47,16.77
Venezuela,Plantains and others,1994,43111,1726.9,4672.54,26.39
India,Cassava,1991,83538,1059.1,6135.68,24.61
Peru,Plantains and others,2012,57533,1619.3,3848.89,22.42
El Salvador,Cassava,2010,59974,1635.2,1640.15,24.94
China,Potatoes,1997,211488,591.9,711865.31,12.87
Vietnam,Sorghum,2003,8445,1403.2,11504.44,23.58
South Africa,Soybeans,2004,15764,549.3,9934.79,17.84
Laos,"Rice, paddy",2007,12548,1873.8,319.02,24.33
South Africa,Plantains and others,1991,11315,553.6,5485.77,17.34
Argentina,Potatoes,2010,274473,576.7,118395.67,14.97
Indonesia,Cassava,1992,84640,1547.0,9755.04,26.5
Iran,Yams,2005,15122,245.2,207.31,18.37
Turkey,Sorghum,2012,4467,608.8,22248.19,15.73
Egypt,"Rice, paddy",1993,7780,57.3,6978.48,22.74
Germany,Wheat,2002,25616,792.4,20219.91,10.17
Portugal,Maize,2005,22873,882.3,6109.99,16.46
"Tanzania, United Republic of",Wheat,2001,5399,943.5,1309.45,26.65
Afghanistan,Cassava,2003,8847,355.0,58.36,17.34
El Salvador,Sweet potatoes,1996,67167,1479.9,907.27,24.58
Thailand,Plantains and others,1991,52792,1558.9,8648.07,28.45
Finland,Sweet potatoes,2012,60253,600.8,386.08,-0.25
Uruguay,Yams,1993,26599,1341.3,1686.41,17.41
Paraguay,Maize,1993,34512,1344.4,6802.88,23.47
"Congo, Democratic Republic of the",Cassava,2004,40144,1513.1,97.98,23.56
"Tanzania, United Republic of",Wheat,2004,13043,1030.0,1436.2,21.16
France,Yams,2012,41311,844.2,23432.49,13.52
Belgium,Plantains and others,2008,26779,772.9,4352.27,10.55
Poland,Sorghum,2004,5466,336.9,5070.62,5.96
Thailand,"Rice, paddy",2005,45924,1466.0,32833.17,28.06
Turkey,Soybeans,2011,5618,657.4,42006.22,13.46
Romania,Plantains and others,2006,15046,705.0,3570.27,9.45
Russia,Sweet potatoes,2000,28099,481.8,6110.4,5.09
Kazakhstan,Soybeans,2010,4431,235.6,2275.35,6.12
Ecuador,Sorghum,1997,2741,2082.4,3829.33,22.19
Madagascar,Soybeans,2010,5484,1706.8,418.1,22.42
Myanmar,Cassava,2007,24035,2478.4,393.59,26.48
United States of America,Soybeans,1996,8551,780.2,301101.5,11.87
South Africa,Maize,1996,27016,601.1,11414.36,18.57
Belgium,Plantains and others,1997,27463,913.9,2849.84,8.24
"Tanzania, United Republic of",Plantains and others,2003,27446,1115.8,1080.92,20.77
Greece,Maize,1995,33143,633.2,7843.29,19.21
Brazil,Wheat,2003,3909,1716.0,235422.77,26.97
Belgium,Sweet potatoes,2000,52704,666.7,1390.12,10.3
Israel,Potatoes,2005,335622,524.0,2855.85,19.65
"Tanzania, United Republic of",Plantains and others,2002,31369,827.8,578.32,23.15
Cameroon,Cassava,1998,44946,1541.9,550.13,24.71
Jamaica,Wheat,2004,2052,2012.9,896.25,27.39
Ghana,Cassava,1998,68500,1359.3,564.95,26.91
Madagascar,Cassava,1992,28174,1640.0,89.29,24.0
Spain,Sweet potatoes,2000,71109,567.1,11858.01,15.61
Australia,Yams,1999,80908,554.3,18493.72,23.12
Netherlands,Wheat,2012,19911,748.0,5865.07,9.08
Ghana,Maize,1999,23551,1369.1,1605.96,25.86
Australia,Yams,2004,39122,395.7,15433.2,19.85
Saudi Arabia,Yams,2000,39476,59.4,1569.43,28.64
Guinea,Wheat,1992,2031,2033.1,228.71,23.86
El Salvador,"Rice, paddy",1991,18970,1747.2,2860.23,24.19
Colombia,Plantains and others,2013,22295,2940.6,21758.35,26.12
Jamaica,Cassava,2005,56217,1990.9,170.79,25.27
Jamaica,Maize,1995,8059,2078.8,597.08,25.17
Jamaica,"Rice, paddy",2002,24980,1506.6,893.71,25.28
Spain,Sweet potatoes,2011,45157,486.3,8135.22,13.44
El Salvador,Plantains and others,2013,46721,1704.6,2204.72,28.37
Peru,Wheat,1998,11099,1662.2,2852.26,20.34
Ethiopia,Sorghum,2008,5226,1203.9,840.35,23.83
Greece,Cassava,2002,32792,668.2,4014.84,17.65
Chile,Wheat,1996,35739,709.9,10442.69,16.97
United States of America,Soybeans,2000,9078,732.5,287447.41,10.88
Ireland,Sweet potatoes,2000,57013,1324.7,148.86,10.42
Hungary,Yams,2001,27681,503.9,2608.74,10.69
Ethiopia,Plantains and others,2007,22757,883.1,995.22,22.59
Chad,Soybeans,2003,5305,420.7,131.25,29.16
Israel,Potatoes,2010,325356,599.5,2490.83,20.51
Nicaragua,Yams,2013,13071,2425.2,651.45,23.03
Chile,Wheat,2011,23109,1004.4,11999.4,11.33
Germany,Sorghum,2010,8118,696.5,14862.91,7.45
Kenya,Cassava,1999,49577,761.1,439.96,24.26
Ireland,Cassava,1998,59267,1416.2,220.81,9.24
Indonesia,Soybeans,2004,5952,2260.8,18302.05,26.58
Rwanda,Soybeans,2007,8458,1143.3,262.03,20.24
Afghanistan,Soybeans,1997,3408,319.4,112.27,16.36
Cameroon,Yams,2006,30675,1798.8,608.19,27.02
Zimbabwe,Wheat,2013,15825,706.8,1718.25,20.86
Panama,Potatoes,2011,35315,3109.6,1926.81,23.41
Kenya,"Rice, paddy",1998,16698,733.1,2773.5,24.09
Sweden,Soybeans,2001,10577,619.9,2465.56,4.32
Togo,"Rice, paddy",1990,12343,1333.7,213.47,27.77
Ukraine,Sorghum,2008,4222,571.2,6275.1,7.79
Kenya,Plantains and others,2002,16796,663.3,1746.69,21.05
Spain,Wheat,2008,44263,690.0,31693.29,15.08
Bolivia,Potatoes,1994,92369,810.9,1283.45,20.98
Pakistan,Plantains and others,1992,14456,360.8,5494.4,21.94
Afghanistan,Plantains and others,2006,1900,302.5,92.32,14.52
Zimbabwe,Maize,2011,20254,754.0,2045.22,19.03
Kenya,Maize,2006,19290,624.8,2079.34,24.23
Cuba,Yams,2010,45540,1080.2,1648.34,26.15
"Tanzania, United Republic of",Yams,2000,52408,1117.4,335.3,26.78
Venezuela,Yams,2005,21134,2543.1,8257.18,26.06
Russia,Maize,2013,9612,400.3,34094.53,5.35
Bolivia,Sweet potatoes,2011,80713,1079.0,853.47,21.88
Ecuador,Cassava,2011,80375,1849.6,4425.92,22.99
Nepal,Sweet potatoes,1999,28569,1676.6,45.15,18.41
Laos,Sorghum,2007,2873,1490.9,129.09,26.92
Norway,Soybeans,2013,9068,1359.8,908.26,4.09
Jamaica,Wheat,2005,3547,1926.1,612.1,24.56
Mexico,Potatoes,2005,155387,788.1,29524.86,22.25
Bangladesh,Plantains and others,1998,42122,1649.5,7195.29,26.31
El Salvador,"Rice, paddy",1998,15324,2019.2,3565.48,21.48
Bolivia,Potatoes,1999,83275,910.0,1772.15,21.29
Zambia,Plantains and others,2012,28948,993.7,494.1,23.56
Thailand,"Rice, paddy",2002,45064,1546.6,22440.17,26.99
Madagascar,Cassava,2013,26051,1547.9,277.77,19.37
Niger,Wheat,1991,2740,347.2,105.43,30.52
Brazil,Sorghum,2006,12299,1322.5,115712.48,29.5
Myanmar,Yams,2013,22688,2166.9,436.96,26.18
Nicaragua,Soybeans,2010,4509,1891.8,1695.89,22.8
Cambodia,Cassava,1995,29264,2217.0,228.28,25.1
Kenya,Yams,2004,21604,511.6,1131.83,20.12
Cambodia,Wheat,2005,1407,2067.5,582.83,28.98
"Tanzania, United Republic of",Wheat,2008,7708,855.2,1134.03,25.14
South Africa,Wheat,2013,34904,504.8,12327.49,19.55
"Tanzania, United Republic of",Plantains and others,2001,32270,1227.3,571.33,23.58
Uganda,Soybeans,2004,9436,946.6,417.91,21.6
Guatemala,Wheat,1991,2744,2052.4,2341.07,25.36
Uruguay,Sweet potatoes,2002,90241,1223.1,3046.56,16.96
Germany,Sorghum,1996,8741,565.4,11509.92,8.91
Bangladesh,Sorghum,1995,2741,2382.7,4085.86,25.69
Morocco,Cassava,1993,13178,437.6,898.76,15.6
New Zealand,Wheat,2001,22731,1371.0,3671.0,11.67
Philippines,Maize,2003,8635,2491.4,6691.66,28.88
Brazil,Maize,1993,27405,1700.9,207832.7,26.56
Mozambique,Plantains and others,2012,28399,1214.4,412.54,24.85
Bolivia,Soybeans,2009,8552,1142.3,2565.79,20.81
Panama,Cassava,1998,29255,3352.5,761.31,28.51
Egypt,Plantains and others,2011,25289,41.4,5126.46,24.84
Ethiopia,Maize,1998,17624,808.4,1266.75,20.83
Cambodia,Yams,2001,28538,1716.0,388.27,28.69
"Tanzania, United Republic of",Sweet potatoes,2009,86863,1034.3,598.45,23.29
"Tanzania, United Republic of",Sweet potatoes,2008,89105,959.4,994.03,22.34
Norway,Sweet potatoes,1999,46451,1382.7,214.48,3.25
Chad,Wheat,2005,4527,478.4,129.91,26.44
Guinea,Wheat,2010,1752,1761.6,222.69,26.55
Burkina Faso,Soybeans,2006,5229,737.5,515.3,31.98
Romania,Yams,1998,21493,628.9,4003.88,9.65
Haiti,Plantains and others,1995,22708,1415.6,47.71,27.76
Indonesia,Sorghum,1999,3631,2549.2,10978.64,28.5
Ethiopia,Sorghum,2009,6330,861.8,879.88,22.73
Poland,Sorghum,1993,4075,666.3,9551.72,6.51
Belgium,Sweet potatoes,1999,62583,620.3,1291.43,10.85
Benin,Soybeans,2013,7472,1097.9,519.08,28.56
Togo,Cassava,1996,42177,1246.8,8.15,28.21
El Salvador,Plantains and others,1997,28178,1921.8,1170.46,25.06
Ghana,Sweet potatoes,2004,62710,1268.6,703.61,25.04
Dominican Republic,"Rice, paddy",1995,20587,1318.7,2351.58,22.92
Honduras,Yams,2013,18575,2517.3,705.27,26.34
Argentina,Maize,2004,14796,558.3,134579.16,15.66
Mexico,Maize,1993,39284,726.5,30525.35,20.92
Cambodia,Cassava,1991,35898,1983.2,88.85,28.35
India,"Rice, paddy",2006,26123,1194.7,49277.36,22.24
South Korea,"Rice, paddy",2012,21264,1317.7,29754.7,14.91
Indonesia,Plantains and others,1996,17531,2797.5,10853.88,28.43
"Tanzania, United Republic of",Plantains and others,1999,30000,1232.5,762.58,24.34
Netherlands,Cassava,2012,64439,794.0,4320.69,12.78
Burkina Faso,Sorghum,2000,5486,921.2,433.54,29.95
Thailand,Potatoes,2007,62571,1267.1,19521.22,26.22
Ireland,Sorghum,2003,4028,1389.3,1524.42,7.86
Panama,Wheat,2007,2806,3675.2,1908.46,26.76
Cambodia,Sorghum,2007,2218,1821.1,604.05,25.39
China,Soybeans,2005,10481,674.2,1328810.1,12.81
Canada,Sorghum,1994,4911,513.1,25163.23,6.89
Italy,Sorghum,1991,4598,935.2,4549.96,13.15
Ecuador,Wheat,1998,5234,2151.7,5721.53,23.06
New Zealand,Sweet potatoes,2009,50248,1384.6,1321.53,11.85
Poland,Wheat,1994,9939,510.5,12018.28,4.49
Angola,Wheat,2001,9498,746.2,264.03,23.6
Indonesia,Potatoes,2006,15709,3142.8,16498.73,27.13
Mozambique,Soybeans,2005,7423,1307.8,632.67,24.52
Argentina,Wheat,1993,32799,480.5,81781.33,14.03
Belgium,Potatoes,2012,119132,781.6,5665.43,5.7
Mali,Maize,1999,14954,385.2,405.34,29.94
Bolivia,Cassava,2010,51245,1196.1,687.24,19.95
Austria,Wheat,2007,12668,1011.3,4052.95,8.54
Cuba,Cassava,2007,70473,1335.5,502.68,25.75
United States of America,Plantains and others,1993,16498,572.6,143175.36,14.06
Portugal,Cassava,2011,34504,744.5,2930.28,14.42
Malawi,Potatoes,2011,55753,1360.0,305.62,22.56
Burkina Faso,Wheat,2005,5532,731.5,395.31,26.63
Nigeria,Soybeans,2010,12508,1251.0,2679.06,25.11
Mexico,Potatoes,2011,233037,814.5,40110.17,17.96
Colombia,Cassava,2005,38578,2533.7,11904.59,24.99
Argentina,Sorghum,1995,5054,464.6,57764.37,14.11
Costa Rica,Sweet potatoes,1999,43599,2805.0,947.18,23.59
Mali,Cassava,2002,24891,350.7,104.25,27.12
Sweden,Soybeans,2012,10517,741.9,2626.89,4.99
Pakistan,Maize,1994,25793,429.6,16697.56,23.9
India,"Rice, paddy",2008,32952,1669.8,59732.55,23.41
Cameroon,Sorghum,2013,5726,1370.1,732.53,25.21
Guinea,Sorghum,1994,1549,1705.1,200.1,25.05
Honduras,Yams,2001,13519,2404.4,807.4,26.28
Japan,Soybeans,2013,9140,1730.3,51340.02,15.29
Kenya,"Rice, paddy",1995,10921,768.7,2748.36,21.97
Spain,Soybeans,2011,10184,662.0,37014.89,13.71
Burundi,Plantains and others,2005,11464,846.3,39.39,19.5
"Tanzania, United Republic of",Sweet potatoes,2010,61699,1257.8,612.51,25.02
Jamaica,Sorghum,1997,3548,1595.1,445.16,25.33
Thailand,Soybeans,2013,17145,1720.9,25357.85,27.02
Mali,Sweet potatoes,1994,38769,341.3,71.87,28.48
Madagascar,Soybeans,1990,4113,1708.2,209.25,24.23
Cameroon,Yams,1992,42223,1054.3,413.37,27.15
Ghana,Yams,2011,40742,1003.0,452.86,26.11
Netherlands,Soybeans,2010,16653,827.9,10051.23,10.23
Ethiopia,Plantains and others,1991,12868,569.2,794.59,21.79
Sri Lanka,Sorghum,2005,3537,1642.7,1930.23,28.76
Morocco,Soybeans,2008,10058,302.8,5801.67,17.89
Morocco,Soybeans,1993,4684,333.8,4355.41,14.81
Italy,Maize,2007,21895,866.2,38491.61,14.78
Iraq,Plantains and others,2002,8610,191.6,815.53,23.73
Dominican Republic,Plantains and others,2006,49038,1276.4,1502.75,26.58
Netherlands,Sorghum,2008,8647,997.9,4791.77,9.37
India,Plantains and others,2003,52481,1375.7,24332.15,26.01
Panama,Potatoes,1994,23490,2505.2,1291.84,24.47
Haiti,Maize,1995,12823,1554.1,86.77,25.58
Afghanistan,Wheat,1994,9362,292.0,95.13,15.16
Guinea,Yams,2012,31012,1709.8,22.06,28.57
Cuba,Plantains and others,1996,36155,1178.0,2111.97,24.72
El Salvador,Sorghum,2000,2881,2017.8,848.09,25.46
Burkina Faso,Sweet potatoes,2006,60697,675.0,146.44,27.06
Cambodia,"Rice, paddy",2005,15875,1634.7,905.98,30.28
Ukraine,Soybeans,1990,4963,575.5,9657.53,6.62
Venezuela,Cassava,2001,47624,2137.3,4716.71,25.68
Chile,Soybeans,2004,8647,789.7,14873.25,14.86
Saudi Arabia,Cassava,1990,29270,68.0,495.92,24.49
Colombia,Cassava,2003,27430,2610.4,9343.84,21.88
Venezuela,Plantains and others,2011,47946,2017.3,6892.82,25.07
Sierra Leone,Sweet potatoes,2013,14282,2659.7,68.91,25.35
Myanmar,Sorghum,2005,2737,2303.5,585.24,26.95
Guatemala,Cassava,2004,72181,1519.6,1363.11,24.24
Japan,Sorghum,1996,2703,1599.8,12078.21,14.95
Mali,"Rice, paddy",1991,6827,376.7,272.0,26.63
Angola,Potatoes,2013,70848,1295.0,359.84,19.24
Brazil,Maize,2007,18458,1946.0,275934.54,25.98
Ghana,Cassava,1993,69425,1087.8,384.24,28.42
China,Cassava,1996,35165,597.9,367845.3,11.69
Japan,Sweet potatoes,1995,32020,1831.9,16789.05,13.54
Rwanda,Potatoes,1992,70024,1087.2,110.59,18.45
Rwanda,Maize,1992,16360,1088.4,137.27,19.81
Brazil,Sorghum,2009,4987,2535.0,120437.05,24.03
Canada,Sorghum,2013,7031,500.3,35289.48,3.84
Cameroon,Sweet potatoes,2008,53946,1497.2,600.4,28.3
Ecuador,Yams,2009,13262,2381.7,3296.92,21.88
Argentina,Soybeans,1997,9124,436.3,138285.15,15.07
Egypt,Soybeans,2002,17799,46.6,7260.5,21.8
Nicaragua,Plantains and others,2009,9358,2726.4,1111.51,26.91
Angola,Yams,2013,26788,822.0,208.42,22.63
Niger,Yams,1997,15034,274.1,25.1,29.1
Senegal,Cassava,1990,49132,770.1,61.21,26.87
Poland,Wheat,1998,11343,721.8,9431.43,8.28
Nigeria,Soybeans,2001,8798,1065.1,1533.55,28.15
Venezuela,Soybeans,2004,11353,1465.4,9172.69,26.78
Ghana,Maize,1998,26594,1471.0,1764.08,26.29
Chad,Cassava,1999,19931,292.4,15.85,29.29
Niger,Sweet potatoes,1999,34079,276.1,62.44,26.81
Vietnam,Maize,2003,23847,1771.4,37580.15,27.14
United States of America,Soybeans,2003,11412,753.6,287491.74,11.24
Ecuador,Cassava,1995,31930,1910.5,3497.47,19.59
Burundi,Sorghum,2000,3192,1097.3,48.14,19.98
Burkina Faso,Plantains and others,1994,15990,571.4,264.33,28.16
Poland,Potatoes,1996,65920,551.8,7881.43,6.59
Uzbekistan,Maize,2005,6847,229.5,6813.24,14.28
Zambia,Soybeans,1993,8183,900.0,545.69,20.54
"Congo, Democratic Republic of the",Sweet potatoes,2001,30644,1676.5,76.07,25.58
Cambodia,"Rice, paddy",1991,17972,1771.9,609.46,28.2
Argentina,Sorghum,2009,7886,515.2,75892.91,18.11
Burundi,Plantains and others,1993,19205,1312.9,26.24,20.64
Turkey,Plantains and others,1995,10953,781.9,22363.35,10.47
Ethiopia,Potatoes,1994,57550,1003.7,848.01,22.25
Denmark,Maize,1990,18589,678.8,2041.41,5.11
Romania,"Rice, paddy",1992,6692,501.0,5659.16,9.19
Indonesia,Sweet potatoes,1990,58020,1767.9,3453.81,25.34
Bangladesh,Soybeans,2011,5168,2115.2,13393.36,26.47
Turkey,Potatoes,2006,183831,681.2,27630.19,15.05
Mali,Plantains and others,2007,9805,436.4,165.48,30.11
Finland,Sweet potatoes,2008,62837,535.9,800.04,3.17
Pakistan,Yams,2002,55416,559.6,9411.7,24.8
Cuba,Sweet potatoes,2012,94152,1141.3,1272.86,26.65
Brazil,Sorghum,2008,6759,1779.9,234028.21,26.94
Belgium,Maize,2005,20567,935.5,6596.17,7.79
Chile,Maize,1998,15510,717.8,11459.51,13.49
Senegal,Maize,1994,18562,670.8,434.28,27.59
Madagascar,"Rice, paddy",2011,17689,1570.4,628.85,23.77
Sri Lanka,"Rice, paddy",2003,26012,1937.3,4737.55,27.13
El Salvador,Yams,2011,44352,1465.1,1391.58,25.27
El Salvador,Sorghum,2011,3177,1705.3,909.3,25.87
Russia,Potatoes,1994,43719,389.4,11631.38,4.0
Kenya,Sorghum,1992,5996,603.7,790.37,20.72
Netherlands,Soybeans,2012,15341,818.1,8156.49,9.67
Venezuela,Plantains and others,1992,38435,1978.3,8141.99,25.91
Mali,Maize,2000,13628,280.4,319.8,25.64
El Salvador,Yams,2004,42518,1631.2,579.67,23.15
Turkey,Sorghum,1996,4289,519.0,25240.98,14.81
Sri Lanka,Sorghum,2007,5201,1508.4,2158.81,28.34
Italy,"Rice, paddy",2013,19916,1203.3,67029.87,14.43
United States of America,Soybeans,2007,9866,957.2,272225.05,14.37
"Congo, Democratic Republic of the",Plantains and others,1998,19125,1763.6,114.46,23.52
Indonesia,Plantains and others,2005,17284,3158.3,6890.89,28.38
Australia,"Rice, paddy",1998,28914,534.3,39383.69,22.95
Mexico,Cassava,2002,77876,636.7,14395.61,20.26
Cambodia,Cassava,2008,44786,1975.6,385.39,29.93
Saudi Arabia,Yams,1993,28366,62.4,498.63,29.34
Pakistan,Maize,2007,32114,492.6,19962.36,23.44
Morocco,Maize,2008,17551,368.4,7670.84,17.91
Hungary,Yams,1999,26094,589.9,2715.37,10.39
Belgium,Sweet potatoes,2002,67887,627.2,969.22,7.9
Zambia,Yams,2002,27721,1111.8,244.15,22.67
Mali,Cassava,2007,32637,408.1,159.35,27.27
Afghanistan,Sorghum,1995,1504,379.7,58.58,14.63
Germany,Maize,2006,27893,830.0,24659.41,7.72
El Salvador,Yams,1990,23052,1799.3,1673.47,22.93
Egypt,"Rice, paddy",2000,6374,55.3,8577.31,20.82
Rwanda,Soybeans,2008,6104,1228.9,233.98,16.74
Costa Rica,Yams,2009,23245,3107.4,2200.72,23.74
Mozambique,Yams,1992,32654,1186.7,161.34,25.75
Ecuador,Maize,2002,9517,2433.0,7473.42,22.38
Afghanistan,Plantains and others,2005,2478,376.8,110.48,15.6
Ireland,Potatoes,2004,168994,1142.2,2054.04,10.23
Netherlands,Cassava,2001,62271,742.6,1969.37,12.98
Cameroon,Cassava,2005,55140,1658.0,740.76,24.98
Israel,Plantains and others,1994,22812,450.1,1341.05,18.13
Myanmar,Sorghum,2007,2840,1754.3,655.65,27.09
El Salvador,Potatoes,1992,36542,1617.1,1337.82,24.66
France,Yams,1994,31772,733.1,17016.65,11.23
Peru,Wheat,2006,12503,1492.5,5589.73,21.62
Mozambique,Soybeans,1999,10258,993.0,619.37,25.05
Benin,Cassava,2009,44771,1026.2,177.04,25.62
Nicaragua,Sorghum,2006,3204,1927.8,967.05,26.75
Paraguay,Plantains and others,1996,56306,1232.8,7742.2,23.19
Burkina Faso,Soybeans,2002,8923,649.1,708.09,28.26
Madagascar,Cassava,2004,45134,1679.2,166.85,25.98
Afghanistan,Cassava,1991,5428,342.6,28.66,15.29
Argentina,Sweet potatoes,2008,97231,522.3,66172.2,16.69
Zimbabwe,"Rice, paddy",2007,9932,708.8,2144.46,20.52
Ethiopia,Maize,1999,21548,975.0,1352.16,23.22
Finland,Soybeans,2008,9665,513.1,1987.77,2.29
Brazil,Sorghum,2004,4338,1613.2,126938.93,23.34
Mali,Sweet potatoes,2012,52011,453.2,57.88,27.24
Nepal,Soybeans,1994,8395,1115.4,115.4,20.0
Panama,Wheat,1999,3994,2855.9,1865.29,25.35
Indonesia,Sorghum,2005,3888,2533.0,8731.65,24.88
Sierra Leone,Soybeans,1999,1999,2249.6,154.22,24.54
Uganda,Yams,2003,40094,1190.2,145.47,23.82
Myanmar,Wheat,2000,2686,2789.2,1002.42,25.52
Bolivia,Potatoes,2007,119268,1230.4,1594.82,20.77
Italy,Potatoes,1997,305998,719.5,32366.55,17.65
Guinea,Cassava,1999,45690,1697.7,149.31,27.69
Kazakhstan,Sweet potatoes,1996,20599,267.3,0,7.06
Ukraine,Soybeans,2008,6593,512.6,11206.4,7.62
Nicaragua,Yams,2000,15621,2269.6,727.81,26.82
Netherlands,Sorghum,2012,9290,732.1,5019.54,10.58
Nicaragua,"Rice, paddy",1991,8806,2285.7,949.21,20.86
Thailand,"Rice, paddy",2011,32212,2249.6,34539.9,28.19
Bolivia,"Rice, paddy",1996,8835,826.2,1582.09,20.35
Panama,Potatoes,1990,12617,3195.1,1144.72,26.85
Cameroon,"Rice, paddy",2011,11821,1181.2,1879.07,22.65
Pakistan,Yams,1997,25963,564.5,12382.12,20.88
Austria,Wheat,1992,10194,1397.2,2093.78,3.8
Senegal,Cassava,1993,40320,690.5,189.73,30.25
Afghanistan,Yams,1997,6018,251.9,53.76,14.87
Hungary,Sweet potatoes,1998,41308,490.8,3056.81,12.38
Cuba,Cassava,2008,77331,991.3,2277.3,29.02
Belgium,Maize,2007,22063,885.2,6008.14,10.5
Madagascar,Soybeans,2011,8321,1468.6,507.84,21.42
Jamaica,Wheat,2007,1705,1885.7,623.33,27.72
"Congo, Democratic Republic of the",Plantains and others,2000,20810,1557.8,157.6,24.85
Bangladesh,Sweet potatoes,1995,49656,1699.5,714.93,27.37
Jamaica,Cassava,2010,60205,1938.2,510.24,26.92
Portugal,Potatoes,2000,170734,709.8,3738.3,12.26
Honduras,Plantains and others,1990,33612,1835.4,1187.76,25.12
Senegal,Sorghum,1990,4237,810.6,406.75,29.18
Colombia,Cassava,1991,22879,2894.1,10248.38,20.79
Iraq,Yams,2012,29620,233.4,730.5,22.52
Kenya,Cassava,1990,42117,702.7,892.38,25.01
New Zealand,Wheat,2006,23197,1477.9,2914.59,13.11
Chad,"Rice, paddy",2013,8206,356.6,243.78,28.63
Dominican Republic,Sorghum,1998,6814,1434.2,1616.26,26.07
Russia,Maize,2001,12544,464.2,21594.28,6.59
Guinea,Cassava,1993,41300,1322.2,47.35,27.0
Nicaragua,Soybeans,2009,2365,2453.6,1539.86,27.1
Italy,Maize,2013,23200,923.3,58214.82,14.72
Mali,Maize,2012,16898,347.6,486.96,26.93
Kenya,Yams,1998,32961,804.8,282.12,24.08
Benin,Sweet potatoes,2008,60956,806.1,117.18,26.07
Guinea,Cassava,2001,42797,1605.8,82.39,26.66
South Korea,Maize,1992,14298,1394.6,9288.72,14.75
Portugal,Yams,1996,25819,764.8,1850.68,12.96
Czech Republic,Potatoes,2003,162080,850.2,3894.77,9.66
South Africa,Soybeans,2013,20997,550.4,13645.77,18.83
Belgium,Plantains and others,2013,25361,908.3,2879.58,8.85
Senegal,Potatoes,2002,27629,630.3,331.86,28.63
Chad,Cassava,2002,26389,346.1,59.09,26.49
Angola,"Rice, paddy",1998,13197,1026.0,366.43,23.63
"Tanzania, United Republic of","Rice, paddy",2005,20314,1221.2,1881.76,24.91
Mali,Potatoes,1998,27720,395.3,266.8,29.29
Nigeria,Soybeans,1993,9239,681.9,1810.86,26.04
Bolivia,Soybeans,2005,9901,1172.0,1824.19,20.44
Argentina,Wheat,2008,38519,568.7,172536.67,15.73
Jamaica,Wheat,2000,3049,1852.3,733.59,25.48
Egypt,Soybeans,1990,13372,48.4,4710.84,22.65
France,Yams,1990,34115,745.5,16788.11,13.44
Chad,"Rice, paddy",2003,7890,373.0,172.86,26.84
Australia,Plantains and others,2011,60873,618.3,25072.03,22.88
"Congo, Democratic Republic of the",Plantains and others,1995,23116,1478.3,79.37,25.37
Sri Lanka,Soybeans,1997,5719,1787.0,2950.74,24.5
Spain,Maize,2012,20126,626.3,42052.13,14.39
Senegal,Potatoes,1993,27993,709.2,372.62,27.83
Morocco,Yams,2008,16439,422.9,2714.28,18.02
Denmark,Sweet potatoes,1999,54068,616.7,804.05,8.07
Thailand,Potatoes,2000,16397,2179.0,13166.21,27.4
Ethiopia,Plantains and others,2001,14695,730.8,931.42,21.4
Zambia,Soybeans,2013,9867,1056.4,821.17,24.79
Hungary,Wheat,1994,25692,631.4,4128.88,12.23
Guatemala,Plantains and others,1990,24580,2016.4,1619.5,21.63
Burundi,Sorghum,1993,2694,1217.6,37.23,21.81
Madagascar,Plantains and others,1992,27064,1314.2,119.69,24.1
Honduras,Sweet potatoes,2004,55436,1556.2,1257.51,22.47
Argentina,Soybeans,2004,19193,677.3,128130.64,18.02
Cambodia,"Rice, paddy",2007,27987,1647.5,1137.12,27.17
Haiti,Yams,2011,39610,1307.6,80.25,24.83
Uganda,Yams,1997,38890,1058.2,165.63,23.94
Sweden,Soybeans,1996,9266,510.3,1788.5,7.48
Guinea,Yams,2005,28653,1583.6,69.38,25.1
Rwanda,Sorghum,2012,5490,999.5,109.6,23.27
Ethiopia,Potatoes,2005,93150,751.8,1079.8,20.24
Laos,Soybeans,2011,7547,1505.4,305.47,26.67
Iraq,"Rice, paddy",2007,7688,224.5,3448.28,24.26
Niger,Yams,2011,21905,264.1,115.86,29.9
Honduras,Yams,1995,25897,1995.4,140.51,23.94
Ghana,Plantains and others,1994,32177,1262.5,1246.5,28.74
Guinea,Wheat,1995,2090,1650.1,127.42,26.43
Jamaica,Soybeans,1991,7107,1748.2,374.34,25.3
New Zealand,Sweet potatoes,1997,40040,1601.4,0,13.46
Burkina Faso,Soybeans,2001,9692,709.1,481.3,25.24
Hungary,Plantains and others,2008,11268,578.8,4675.97,9.24
Honduras,Maize,2001,15862,1722.2,2199.17,25.9
Costa Rica,Plantains and others,2004,17374,2870.8,4968.78,23.7
Portugal,Wheat,2011,36021,806.3,6002.81,14.68
Sri Lanka,Soybeans,2012,5137,2300.7,4044.3,24.49
Burkina Faso,Sorghum,1994,4727,939.2,142.97,28.25
Thailand,Sorghum,2005,9110,1473.0,11317.13,28.52
Paraguay,Maize,1991,32179,1335.3,2814.91,22.86
Italy,Cassava,1994,40058,583.8,29226.86,11.13
Niger,"Rice, paddy",2011,4800,277.3,324.24,30.39
Costa Rica,Soybeans,2009,6110,2624.0,7126.53,22.63
South Africa,Soybeans,1990,16600,451.5,7926.25,19.81
Poland,Potatoes,2007,125612,791.4,10347.44,8.98
Bangladesh,Sorghum,1999,3490,2283.0,7919.47,27.44
Laos,Sweet potatoes,2011,29327,1806.3,163.21,28.96
"Tanzania, United Republic of",Yams,1999,37446,957.0,884.59,24.15
Thailand,Wheat,1996,2476,1855.6,19140.92,27.75
Senegal,Sweet potatoes,2007,45933,566.1,198.76,29.57
Zambia,Soybeans,2006,10540,1138.8,730.58,23.44
Indonesia,Cassava,2011,26817,2903.8,9464.19,25.98
Chile,Soybeans,1999,10473,759.7,13023.03,16.37
Costa Rica,Soybeans,2003,6415,3254.6,6283.22,23.54
Netherlands,Cassava,1991,63226,820.3,2158.12,10.32
Paraguay,Maize,2004,35843,1156.6,10726.51,21.56
Burundi,Maize,2004,18020,953.9,62.4,20.53
Hungary,Yams,2003,23454,570.5,4315.31,10.78
Senegal,Sweet potatoes,2003,48868,853.9,158.4,29.78
Malawi,Sweet potatoes,2006,68303,1071.2,102.74,20.47
Russia,Maize,2009,12345,462.7,25513.27,5.48
Cuba,Maize,2001,22474,1380.0,2294.89,24.73
Colombia,Yams,2001,33377,1948.5,7442.04,22.53
Jamaica,Maize,2003,9680,2048.6,773.08,24.17
Zimbabwe,Maize,1991,18377,689.8,936.28,19.83
Uganda,Soybeans,2000,10964,922.0,372.21,22.79
Guatemala,Plantains and others,2011,40809,1540.0,2736.56,22.39
Netherlands,Soybeans,1997,11525,870.0,4596.69,10.15
Cameroon,Cassava,1995,46398,1763.0,270.98,24.21
Iraq,Yams,1997,22254,238.5,625.1,23.57
Ivory Coast,Sweet potatoes,2011,53315,1623.7,418.25,26.92
Cambodia,Plantains and others,2009,24665,2339.5,716.44,28.53
New Zealand,Cassava,2006,43646,1732.2,1017.39,14.15
Burkina Faso,Wheat,2000,4057,865.2,426.38,27.43
El Salvador,"Rice, paddy",2012,32390,1871.4,4403.34,26.51
Cuba,Sweet potatoes,2003,63104,1427.8,884.05,26.79
Poland,Potatoes,2002,103280,419.1,15671.55,9.56
Laos,Sweet potatoes,1997,43086,1509.4,47.59,27.6
Iraq,"Rice, paddy",2013,5201,170.4,3413.47,20.9
Dominican Republic,"Rice, paddy",2006,28969,1279.5,2777.08,27.64
Senegal,Sweet potatoes,1996,43309,746.2,57.8,30.18
Nicaragua,"Rice, paddy",1992,7910,2381.9,1153.05,22.25
Colombia,Plantains and others,1998,17846,3184.5,13253.73,23.97
Cambodia,"Rice, paddy",2010,23551,1488.2,1024.63,28.42
Ecuador,Wheat,2005,10160,1525.3,5955.18,24.03
Venezuela,Soybeans,2009,4912,1918.5,11159.14,28.02
El Salvador,Yams,2006,45075,1664.8,1612.37,24.58
Cuba,Cassava,2001,86384,1013.8,1165.54,26.31
Morocco,Plantains and others,2003,12766,458.5,2313.72,17.77
Burkina Faso,Wheat,1997,3827,557.3,350.31,29.84
Cameroon,Soybeans,2010,5545,1818.2,1530.54,25.18
Burundi,Maize,2009,13526,1374.5,86.97,21.49
Belgium,Potatoes,1999,206723,944.5,2416.15,10.32
Nigeria,Plantains and others,1993,24267,1036.1,1153.9,27.89
Egypt,Soybeans,1992,12230,47.4,4720.24,22.89
Nicaragua,"Rice, paddy",1990,6353,3061.7,1332.94,27.49
Burkina Faso,Sorghum,2010,6930,847.1,360.67,29.15
Morocco,Maize,1991,18528,427.3,5018.51,18.95
Bolivia,"Rice, paddy",1993,10617,1019.3,2110.16,20.19
Senegal,Yams,2007,39293,780.7,200.74,29.03
Bolivia,Soybeans,1990,6440,1579.5,1359.55,21.56
Ethiopia,Cassava,1998,49143,797.6,560.01,25.06
India,Sorghum,2003,10268,1067.5,6615.27,24.51
Peru,Sorghum,1992,1424,1572.7,1868.1,17.59
Malaysia,Sorghum,2001,3725,2803.2,10846.84,27.66
Mexico,Potatoes,1998,178065,642.9,20816.14,21.68
Panama,Sweet potatoes,2009,27861,3293.3,1290.8,26.59
Paraguay,Cassava,2004,102646,1123.8,3612.84,23.12
Malaysia,Plantains and others,2004,26165,2600.0,10410.94,27.95
Egypt,Wheat,1990,13148,33.1,2936.89,22.66
Costa Rica,Soybeans,1999,6113,3384.1,5339.52,22.06
Ecuador,Plantains and others,2001,34907,2178.6,4612.32,21.5
Iran,Yams,2004,13564,278.9,5481.84,17.08
Hungary,Yams,2011,27685,627.5,4753.38,9.01
China,Potatoes,2005,275097,577.7,896925.29,13.97
Poland,Sorghum,1997,4723,702.1,7732.29,8.63
Netherlands,Plantains and others,2004,22279,628.0,5720.04,11.93
Sri Lanka,Sorghum,1991,2642,2061.2,1240.57,26.63
Vietnam,Maize,2001,14275,2174.8,35350.32,24.21
Mali,"Rice, paddy",1990,8621,421.9,313.43,28.22
South Africa,Maize,2003,28123,503.4,12388.38,18.29
Venezuela,Maize,2013,11527,1950.5,14954.92,26.37
Netherlands,Plantains and others,2002,22279,659.3,4514.48,7.79
Indonesia,Potatoes,2013,14689,2724.3,16206.22,30.48
Brazil,Sorghum,2007,8044,1498.0,216196.43,28.54
Senegal,Maize,1990,19056,523.8,369.22,28.24
Madagascar,"Rice, paddy",1991,11219,1678.6,282.73,23.25
Greece,Maize,2009,14352,856.3,9052.75,15.66
Israel,Cassava,1995,68934,549.4,865.92,19.96
Romania,Yams,2002,22501,515.8,2431.0,11.03
Cameroon,"Rice, paddy",2005,26081,1453.4,1249.27,27.28
Australia,Plantains and others,1996,26674,394.7,20353.5,21.9
Morocco,Wheat,2009,30819,400.6,5321.42,17.88
Mali,Potatoes,1999,21221,341.6,222.17,28.76
Paraguay,Wheat,1991,17963,1096.2,6347.72,21.82
United States of America,Sorghum,1996,6560,710.4,175695.86,9.6
Guinea,"Rice, paddy",1990,14535,1349.8,166.5,27.16
Indonesia,Soybeans,2005,4666,2270.2,20716.62,28.34
Dominican Republic,"Rice, paddy",2010,27825,1624.0,3120.64,24.7
Niger,Maize,1998,7920,318.2,189.88,32.16
Zimbabwe,"Rice, paddy",1990,15558,782.9,1607.6,23.88
Costa Rica,Soybeans,1991,4968,2760.7,3376.14,22.24
Ethiopia,Potatoes,1998,97839,1021.0,898.04,17.54
Russia,Maize,1991,10035,516.4,14537.27,5.02
Romania,"Rice, paddy",2000,8503,729.6,8978.49,9.41
Burkina Faso,Sweet potatoes,1993,42504,690.3,63.45,27.4
Malawi,Sorghum,2011,4648,1025.3,329.18,21.18
Cambodia,Soybeans,1992,2959,2440.8,424.14,25.51
Venezuela,Cassava,2004,49161,2095.2,7200.91,26.26
Netherlands,Potatoes,2011,161230,898.3,7985.53,8.46
Madagascar,Soybeans,2006,5458,1646.8,396.85,25.94
Angola,"Rice, paddy",1994,6496,1119.6,305.63,19.79
Iraq,"Rice, paddy",1990,5602,246.9,2005.6,23.96
United Kingdom,Plantains and others,2011,32314,1227.0,10270.63,11.43
Angola,Soybeans,1996,4881,1200.5,288.55,19.28
United Kingdom,Wheat,1993,11646,1057.6,9229.54,8.12
Sri Lanka,Potatoes,2001,27338,1655.8,1638.0,25.6
Netherlands,Soybeans,1998,10362,1121.6,5900.67,9.47
Sri Lanka,Soybeans,1990,3682,2589.1,1628.81,27.12
Colombia,Yams,1997,17936,2904.4,9876.04,25.22
Bolivia,Sorghum,2013,6944,979.1,1429.81,22.12
Haiti,Cassava,2012,40221,1902.6,61.59,28.72
Sierra Leone,Wheat,2005,1633,1495.6,135.86,28.59
Mali,Yams,1997,22231,388.8,107.24,25.83
Haiti,Cassava,2001,40712,1390.5,65.77,26.88
Spain,Soybeans,2012,18916,576.5,41962.97,17.12
Afghanistan,Soybeans,2003,3799,371.9,168.14,16.26
Cuba,Sweet potatoes,2007,78047,1116.2,1030.05,28.22
South Korea,Wheat,2007,26194,1156.2,19308.62,11.73
Morocco,Yams,2006,16442,252.6,1718.83,17.64
Russia,Sweet potatoes,1991,32007,585.2,7235.44,5.29
Thailand,Potatoes,1994,22485,1802.9,11142.34,29.9
Mali,Cassava,1992,27289,414.4,154.6,27.05
"Tanzania, United Republic of",Yams,1998,25773,858.2,685.34,22.14
Cuba,Maize,1992,18547,1235.6,2515.67,24.4
Myanmar,Soybeans,1995,2483,2598.6,786.56,29.35
Nicaragua,Sorghum,1992,2487,2071.5,706.72,26.04
Ethiopia,Sorghum,1998,4512,959.0,656.61,21.5
Haiti,Soybeans,2013,6706,1573.2,215.61,26.84
Sweden,Soybeans,1994,8616,465.6,2040.53,5.54
Thailand,Yams,2002,67055,1895.9,6992.62,28.34
Bolivia,Sorghum,1999,6338,1117.3,765.78,23.29
Romania,"Rice, paddy",2004,10456,665.7,9118.55,9.38
Zimbabwe,Wheat,2010,17107,731.8,1530.89,22.44
Burkina Faso,Soybeans,2010,8579,794.5,501.92,28.0
Uruguay,Yams,2006,30493,1078.1,2315.37,16.61
Ireland,Maize,1998,17713,1185.6,2174.27,10.96
Ivory Coast,Potatoes,2010,27482,1306.6,2153.4,26.8
Burundi,Maize,2011,11725,1531.6,105.58,20.14
Chile,Maize,1994,14015,612.3,13707.81,13.34
"Tanzania, United Republic of","Rice, paddy",1994,17639,1192.6,1344.51,24.91
Ecuador,Sorghum,2012,3197,2477.6,6372.19,23.38
South Africa,Potatoes,2007,193694,360.7,7513.71,17.31
Burundi,Wheat,2004,8542,1404.0,66.15,20.85
Niger,"Rice, paddy",2006,4233,272.9,316.95,27.33
Costa Rica,Soybeans,2006,7187,3197.1,5988.37,24.88
Ecuador,Yams,2004,22376,2073.2,1563.01,20.87
Chad,"Rice, paddy",1991,6158,467.2,132.42,27.55
Ethiopia,Maize,1996,21036,744.5,1092.57,22.78
Angola,Wheat,2011,8376,932.6,414.05,24.89
Afghanistan,Sweet potatoes,2013,16926,318.9,27.44,15.09
Australia,"Rice, paddy",1996,19210,523.2,33825.59,23.48
Finland,Sweet potatoes,2011,47850,355.7,1054.33,3.93
Cameroon,Cassava,2008,56425,1299.2,311.92,24.25
Egypt,Cassava,2013,42254,46.4,4511.74,22.59
South Africa,Cassava,1997,37678,507.3,3388.25,18.73
South Korea,Yams,1991,33868,1357.7,2743.55,15.15
Ireland,Cassava,1992,52330,1277.2,755.98,9.97
Chile,Wheat,2000,35066,580.2,11579.96,14.34
Mozambique,Yams,2013,37619,868.5,417.02,24.19
Guinea,Yams,2001,24152,1858.3,104.43,27.62
Malaysia,Sorghum,1993,3950,2598.1,10267.87,26.98
Honduras,Sorghum,1999,1802,2389.1,1130.0,22.79
Italy,Potatoes,1993,271188,783.1,25139.4,14.84
"Congo, Democratic Republic of the",Maize,1993,7199,1890.6,135.3,24.04
Benin,Plantains and others,1998,18766,808.2,233.51,28.95
Guatemala,Potatoes,1996,12009,1868.3,2802.31,26.55
Morocco,Yams,2002,24084,388.8,2598.78,19.95
Uzbekistan,Maize,2000,6561,198.2,7195.2,13.5
France,Wheat,1995,23932,521.0,35233.04,10.8
Togo,Cassava,1997,40965,1114.1,40.3,27.95
Cuba,Cassava,2006,80962,1417.9,1615.59,27.87
Rwanda,Potatoes,2000,51792,1474.8,134.84,20.3
India,Sorghum,2005,12348,876.6,17471.3,26.78
Niger,Yams,1993,16627,279.0,36.12,29.05
Mali,"Rice, paddy",1996,7684,409.8,419.03,27.37
Niger,Maize,2001,13064,306.1,206.56,28.61
China,Cassava,2013,53527,688.4,464828.57,13.62
Thailand,Potatoes,2010,28657,1792.7,17899.0,26.19
Morocco,Yams,2007,14624,428.4,1563.18,17.84
Nepal,Sweet potatoes,2001,28689,1865.1,58.64,18.93
Australia,Plantains and others,1990,28275,452.1,17072.77,20.82
El Salvador,Sorghum,2005,2076,2062.0,1412.05,24.25
Malawi,Potatoes,2009,63905,1206.5,329.25,20.69
France,Sorghum,2008,8543,631.1,30336.18,10.64
Iran,Cassava,1991,13623,182.4,4256.84,16.07
Mexico,Plantains and others,1994,29637,771.2,28456.63,20.24
Costa Rica,Sweet potatoes,1994,35249,2603.7,1925.34,23.79
Uruguay,Sorghum,2006,3933,1204.5,5763.85,15.58
Uganda,Soybeans,2006,8672,1086.7,359.61,24.24
Venezuela,Yams,1998,61449,1446.8,3979.06,24.58
Spain,Wheat,2003,47026,780.3,26652.7,16.64
Chad,Cassava,2007,23773,346.6,70.3,26.76
Dominican Republic,Plantains and others,1997,44820,1761.4,1540.04,24.76
Sierra Leone,"Rice, paddy",2006,4521,3015.9,222.55,26.48
Angola,Soybeans,2005,8371,1099.7,370.11,22.32
Morocco,Soybeans,2004,10866,344.0,5016.99,19.57
China,Sorghum,1991,5325,509.5,542990.88,14.53
Bolivia,Soybeans,2006,10952,951.2,2756.02,22.56
South Africa,Cassava,1991,21538,467.0,2100.01,16.78
Russia,Potatoes,1997,45192,436.8,7081.2,5.17
El Salvador,Plantains and others,2011,45517,1859.5,2221.2,25.84
Burundi,Yams,1998,9810,1103.6,13.92,18.23
Iraq,"Rice, paddy",1993,5147,210.6,2238.8,22.41
Sudan,Yams,2008,21269,245.2,451.32,29.97
Togo,Yams,2001,32586,1071.8,78.13,28.25
Mexico,Sweet potatoes,2012,141004,646.7,13230.67,20.39
Mali,Plantains and others,1996,8074,471.9,233.44,28.19
Mozambique,Potatoes,2013,46100,944.9,454.18,23.31
Bolivia,Sweet potatoes,2008,83660,794.9,1005.52,20.07
Ecuador,Cassava,2006,42528,2204.5,2513.98,22.05
"Congo, Democratic Republic of the",Maize,1995,6015,1701.8,157.32,24.7
Italy,Wheat,1996,31414,677.9,31560.7,11.9
Ukraine,Soybeans,1996,6047,532.3,8644.87,7.19
Cuba,Yams,1993,60832,1425.9,655.76,26.25
South Korea,Soybeans,2005,7171,1454.7,18989.92,12.39
Cameroon,Soybeans,1999,8570,1324.9,990.74,26.19
"Congo, Democratic Republic of the",Plantains and others,2005,20676,1121.0,131.46,25.28
Brazil,Plantains and others,2006,69622,1298.9,216736.93,24.28
Panama,Sweet potatoes,2006,26514,2508.1,688.85,24.72
Bangladesh,Sorghum,2006,3645,2501.9,4588.25,26.44
Mali,Wheat,2004,2562,483.5,306.86,27.84
El Salvador,Sorghum,2010,3690,1657.3,737.01,26.38
South Korea,Maize,2000,7608,1935.2,22823.62,13.02
Egypt,"Rice, paddy",1991,8136,66.1,5798.82,25.6
China,Potatoes,1996,157185,450.3,708790.75,14.01
Mexico,Plantains and others,2003,45983,877.4,26535.89,22.47
Jamaica,Wheat,1998,2925,2404.2,474.17,24.91
Honduras,Sweet potatoes,2009,50898,1793.8,708.24,26.13
Senegal,Potatoes,2012,34018,607.9,366.05,27.93
Ethiopia,Plantains and others,2002,15175,874.6,1012.62,21.85
Nicaragua,Yams,2004,34969,1935.0,147.81,29.1
Israel,Yams,2003,69278,531.3,2021.15,20.64
Netherlands,Potatoes,1993,247900,852.7,4040.64,11.2
North Korea,"Rice, paddy",2002,6922,1162.4,761.06,8.66
Senegal,Sorghum,2001,5392,711.3,240.79,29.45
Burundi,Wheat,2010,11276,1307.5,79.87,19.41
El Salvador,"Rice, paddy",1993,15877,2042.9,3289.01,25.95
North Korea,Sweet potatoes,2000,20605,1139.9,294.33,7.47
Portugal,Cassava,2012,38379,923.5,3325.67,14.52
Bangladesh,Plantains and others,2011,35076,2108.9,8531.01,26.87
Uganda,Plantains and others,1995,28790,1410.4,266.59,21.63
Nicaragua,Yams,2003,21688,2110.1,883.21,25.25
Myanmar,Yams,2000,16083,2232.5,704.35,25.56
Togo,Potatoes,2011,30198,1345.9,197.92,25.76
Brazil,Wheat,2001,7525,2184.4,153113.28,23.55
"Tanzania, United Republic of","Rice, paddy",2001,15735,899.2,2047.97,23.45
Russia,Sweet potatoes,2001,32290,491.1,4526.97,3.1
Algeria,Maize,1998,11154,88.7,4177.31,17.22
Senegal,Potatoes,1996,28277,737.1,324.34,29.87
Ecuador,Wheat,2003,5582,3097.9,5944.64,21.47
Colombia,Cassava,2004,72729,2033.3,9618.71,25.22
Burkina Faso,Wheat,1998,3559,620.6,397.08,30.08
Zimbabwe,Maize,1994,18485,687.0,1011.69,20.32
Mali,Plantains and others,1997,8108,281.4,233.1,27.29
"Congo, Democratic Republic of the",Wheat,2005,4118,1245.5,186.98,25.89
"Congo, Democratic Republic of the",Sorghum,1991,1875,1605.0,94.53,25.29
Nepal,Soybeans,1998,5346,1432.4,139.54,18.27
South Africa,Potatoes,1990,169812,606.7,3942.59,18.88
Mali,Maize,1998,12723,382.2,315.58,25.31
Brazil,Plantains and others,2004,71933,2008.8,189043.5,24.35
Saudi Arabia,Plantains and others,2004,20418,66.0,1989.19,25.74
New Zealand,Sorghum,2000,4815,1304.2,1597.1,11.22
Cambodia,"Rice, paddy",2006,22124,1667.9,1050.24,26.59
Portugal,Plantains and others,2004,26869,952.5,3635.72,16.9
Burkina Faso,Soybeans,1992,5413,828.0,335.85,28.33
New Zealand,Sorghum,2009,3963,1390.8,1436.88,10.7
Sudan,Wheat,2012,2811,238.2,1333.9,29.18
Jamaica,Soybeans,1990,3321,2260.2,296.14,23.57
"Tanzania, United Republic of",Yams,1992,38306,1209.7,489.38,24.39
Belgium,Maize,1998,24385,865.8,4898.26,11.72
Senegal,Plantains and others,1999,22988,910.1,275.81,27.98
Cuba,Plantains and others,2005,37985,1094.5,2289.38,27.62
"Congo, Democratic Republic of the",Maize,1999,9645,1533.3,185.8,26.12
Iraq,Maize,2011,25778,259.9,2771.82,21.18
India,Potatoes,1997,79421,1152.8,27978.45,24.39
Thailand,Sorghum,2004,5156,1775.0,16983.84,28.26
Panama,Potatoes,1993,13119,2815.9,1536.89,27.35
Haiti,Maize,2012,14367,1294.0,237.95,25.31
Czech Republic,Sweet potatoes,2007,63922,751.5,2207.85,9.9
Malaysia,Plantains and others,2001,17634,2755.7,10824.2,29.53
Bangladesh,"Rice, paddy",1993,18188,2256.7,12379.1,24.38
Panama,Potatoes,2013,19759,3250.0,2647.17,25.96
Nicaragua,Maize,1991,6849,2404.8,811.32,24.41
Costa Rica,Yams,1997,16286,2877.4,832.82,23.98
Nicaragua,Yams,1997,13389,3123.0,697.99,26.26
Honduras,Plantains and others,2011,27601,2289.3,1744.67,26.9
Ukraine,Sorghum,1990,4234,587.1,2559.44,9.23
Rwanda,Potatoes,2013,98149,1159.4,218.66,18.15
Iran,"Rice, paddy",2005,5223,272.9,13254.04,19.54
Paraguay,Sweet potatoes,2009,112135,1267.7,926.4,24.18
Guatemala,Wheat,1995,4254,1898.0,2209.37,23.57
Israel,Soybeans,2012,34911,459.2,3869.9,19.31
Hungary,Sweet potatoes,1990,51214,625.7,1333.8,9.81
Kazakhstan,Sweet potatoes,2003,23832,273.4,548.2,7.18
Cuba,Maize,2013,26156,1384.8,4263.02,22.41
Israel,Plantains and others,1993,34998,472.5,641.93,20.96
"Congo, Democratic Republic of the",Cassava,2002,38789,1575.8,132.68,24.98
Panama,Cassava,1991,24224,2986.5,974.6,25.9
Uzbekistan,"Rice, paddy",2006,2441,234.0,7022.84,12.56
Nigeria,Plantains and others,1992,32325,1144.3,666.76,25.33
Senegal,Yams,1996,30076,702.4,272.82,27.6
Turkey,Sorghum,2007,4689,568.9,27647.86,15.32
Portugal,Yams,2002,29709,999.7,1766.71,14.62
Mexico,Potatoes,1995,112890,1015.5,7621.89,23.23
Nigeria,Plantains and others,1998,33854,1374.0,1125.47,27.74
Chad,"Rice, paddy",1999,6448,433.7,181.17,29.08
Sierra Leone,"Rice, paddy",1994,10744,2116.8,167.27,24.93
Ecuador,Sorghum,2009,3464,2075.3,7472.53,21.7
Togo,Soybeans,1994,5856,1392.1,180.41,27.47
Ukraine,Soybeans,1995,6640,453.3,6157.18,6.13
Morocco,Soybeans,2012,8277,323.5,7549.18,16.62
Ireland,Sorghum,1993,4533,1199.1,909.33,12.16
Sweden,Soybeans,2002,9552,595.8,2264.03,5.51
Kenya,Wheat,1996,14491,841.5,1889.47,22.85
Myanmar,"Rice, paddy",1999,11160,2297.7,1319.85,26.66
Kenya,Plantains and others,1997,13841,566.3,1169.19,22.64
Kazakhstan,Sorghum,2006,3379,303.8,1639.16,7.72
"Tanzania, United Republic of",Sweet potatoes,2004,84400,1027.0,258.58,23.05
Belgium,Yams,2007,33179,780.5,1442.28,12.27
Laos,Sweet potatoes,2001,21622,1998.4,74.49,22.06
Greece,Maize,2002,23605,804.2,9994.46,16.23
Burundi,Plantains and others,2006,17033,1325.0,57.16,19.86
Panama,Cassava,2006,26305,2826.6,1169.33,25.21
Mali,Wheat,1997,3739,432.9,277.92,29.98
Cameroon,Sweet potatoes,2010,67174,1514.9,306.08,26.47
Belgium,Sweet potatoes,1993,65180,779.9,1404.2,10.84
Sri Lanka,Soybeans,2009,11145,1595.0,4203.55,25.42
Austria,Soybeans,2002,8296,1108.1,3218.04,5.51
Haiti,Cassava,1993,43756,1086.8,47.91,26.93
Uzbekistan,"Rice, paddy",2005,2748,201.9,7573.55,15.36
Belgium,Yams,1993,29001,831.2,1018.23,10.41
Saudi Arabia,Soybeans,1990,12466,57.6,3283.5,28.56
Spain,Maize,2006,20334,530.4,43145.87,15.24
Ukraine,Maize,2013,17255,517.3,13728.06,8.71
Spain,Maize,2008,18536,596.6,35917.53,12.11
Uganda,Yams,2006,20591,977.0,89.91,19.44
India,"Rice, paddy",2013,35717,1238.9,60326.05,25.51
Costa Rica,Plantains and others,2008,19672,2816.1,2287.09,24.5
Kazakhstan,Soybeans,2011,4648,223.6,2486.67,7.28
Netherlands,Wheat,1992,12485,917.0,6052.97,7.24
Morocco,Maize,2004,13960,376.9,7613.02,16.77
Nicaragua,"Rice, paddy",2013,9563,3151.3,2294.25,27.58
Romania,Yams,2001,33236,753.9,3495.47,8.47
Brazil,Sorghum,2001,6528,1571.0,61112.21,21.72
Brazil,Sorghum,1994,4462,1699.4,163410.65,27.75
South Korea,Yams,1992,33309,1479.5,4175.32,11.53
Iraq,Soybeans,2006,11848,237.3,2461.98,21.56
Costa Rica,Sweet potatoes,2012,38014,3135.9,2671.32,23.54
Myanmar,"Rice, paddy",1990,17540,1173.4,501.25,26.13
Germany,Sorghum,1999,8571,694.5,12132.85,8.77
El Salvador,Sweet potatoes,2004,51575,1604.3,223.81,27.01
Ukraine,Maize,1990,12685,535.3,7974.81,7.69
Senegal,Cassava,1998,36829,622.1,290.83,29.38
Egypt,Cassava,2009,36378,49.7,2353.19,24.03
Cameroon,Sweet potatoes,1993,44863,1577.2,219.04,24.76
Angola,"Rice, paddy",2012,15177,848.9,630.08,24.13
Chad,Plantains and others,1997,9621,499.4,92.91,28.41
Turkey,Cassava,2013,36096,598.9,20777.25,13.97
Kazakhstan,Soybeans,2006,3435,272.3,2312.22,7.75
Ethiopia,Potatoes,1992,74804,772.5,693.41,19.92
Cambodia,"Rice, paddy",2009,20094,1961.5,1123.1,27.32
Turkey,Plantains and others,2000,10530,602.0,19059.19,15.69
Iraq,Soybeans,2013,10544,198.6,2954.87,20.64
Australia,Plantains and others,2009,33782,389.3,25172.02,21.85
Togo,Potatoes,1995,25456,965.9,139.65,27.8
Iraq,Cassava,2004,16112,163.0,1106.16,18.91
France,Sorghum,2000,7150,579.0,29614.13,13.83
Romania,Soybeans,2002,7585,755.8,6045.15,7.2
Belgium,Potatoes,2001,186250,955.2,3913.09,9.56
Cambodia,Sorghum,2000,2873,1635.8,135.01,26.24
Hungary,"Rice, paddy",1991,8901,576.7,6460.68,9.89
Paraguay,Sweet potatoes,1997,134154,956.3,4698.62,24.4
Indonesia,Plantains and others,2011,17682,3687.2,13140.83,25.16
Kenya,Wheat,2002,15214,771.9,1471.45,23.75
Burkina Faso,Wheat,2003,4353,979.5,443.7,26.12
Algeria,Sorghum,2001,6643,84.8,1698.01,21.39
"Tanzania, United Republic of",Sweet potatoes,2003,74705,1234.9,792.57,24.36
Benin,Cassava,2007,52634,1115.2,156.62,27.03
Cuba,Yams,2003,73433,1213.0,575.08,28.43
Malawi,Potatoes,1999,54223,1231.7,235.17,23.29
Panama,Sweet potatoes,2002,29776,2482.9,1465.45,23.79
Ukraine,Maize,1994,11615,667.1,8438.88,7.44
New Zealand,Cassava,2003,55132,1510.4,1621.57,12.95
Spain,Soybeans,2010,19388,589.3,36101.51,16.91
Nepal,Soybeans,2008,4441,1815.3,173.52,19.33
Haiti,Plantains and others,2006,27036,1512.9,107.63,24.37
Thailand,Yams,2006,51457,2049.6,5155.97,27.08
Laos,Sweet potatoes,2012,49556,1614.5,51.74,26.63
Madagascar,Soybeans,1994,5458,1542.4,235.52,26.11
Indonesia,Plantains and others,2013,20430,2876.5,16635.0,26.61
Afghanistan,Plantains and others,2010,1979,272.2,106.87,12.3
Kenya,Maize,2005,24375,661.3,2298.48,21.68
Costa Rica,Soybeans,1993,5796,2746.9,4213.7,24.26
Ghana,Maize,2008,16562,1400.6,2380.17,31.51
"Congo, Democratic Republic of the",Plantains and others,1993,17507,1371.6,110.9,22.23
Niger,Sweet potatoes,2004,31846,306.7,80.61,28.33
Ghana,Plantains and others,1993,24174,965.7,536.36,28.42
Brazil,Sorghum,2000,5633,1641.0,126007.64,24.86
Cameroon,Soybeans,1995,5244,1735.0,976.4,23.81
Philippines,Plantains and others,1995,32370,2169.7,2102.15,27.31
Kazakhstan,Sorghum,2005,3417,180.2,1255.0,6.58
Egypt,Wheat,1991,15075,52.9,6225.76,23.05
Bolivia,Soybeans,2007,9686,1241.3,2532.44,19.49
Burkina Faso,Sweet potatoes,2000,36823,554.5,131.4,29.05
Ghana,Maize,1992,21404,1358.9,1278.89,24.82
Sierra Leone,"Rice, paddy",2008,10250,2361.6,226.87,28.66
Niger,Potatoes,2012,21093,249.0,173.0,27.82
Panama,Sorghum,1991,2994,2810.7,852.71,26.38
Israel,Yams,1999,32438,431.3,553.16,19.54
Nicaragua,Maize,1999,6611,2323.4,1080.59,25.39
New Zealand,Wheat,2012,12556,1951.4,4792.92,13.23
Ukraine,Soybeans,1992,5373,653.6,6435.73,9.01
Burkina Faso,Soybeans,2003,8431,609.1,552.34,26.27
United States of America,Plantains and others,2005,24962,814.4,139047.95,11.93
Morocco,Maize,2007,29163,350.4,7023.74,19.95
Panama,Sweet potatoes,1997,25503,3886.1,526.04,24.19
United Kingdom,Sweet potatoes,1998,54989,1165.7,8092.86,6.27
South Korea,Yams,2004,43823,1052.2,9551.98,12.66
Thailand,Potatoes,1995,39197,1481.6,14173.2,27.99
South Africa,Plantains and others,1992,19174,563.5,6212.26,18.61
Uruguay,Sweet potatoes,2005,72526,1564.3,3285.3,17.73
South Africa,Sweet potatoes,2000,106673,577.8,2062.0,18.39
Bolivia,Cassava,2007,53706,1005.8,1239.02,23.1
Myanmar,Wheat,2003,3783,1851.5,1032.14,24.11
South Africa,Maize,1993,21409,551.1,5816.69,16.74
Haiti,Soybeans,1997,3240,1665.5,93.16,27.52
Philippines,Sorghum,1991,3419,2476.6,1079.58,26.22
Egypt,Maize,1999,24884,59.3,5933.05,23.7
Italy,Soybeans,1999,8922,941.8,40476.71,13.88
"Congo, Democratic Republic of the",Soybeans,1990,2723,1831.5,156.45,23.91
Angola,Potatoes,1994,66615,1102.3,143.95,19.41
Morocco,Maize,1997,23733,334.6,5319.52,19.38
Madagascar,Cassava,2009,39716,1351.8,191.82,21.98
Guatemala,Soybeans,2013,12583,1557.2,4242.79,26.32
Chad,Wheat,2002,3443,513.2,119.69,28.37
Kazakhstan,Soybeans,1993,3060,203.3,1501.71,7.13
Peru,Maize,2000,21607,1246.1,4997.49,18.09
Cambodia,Wheat,2008,3108,1489.2,705.64,27.3
Turkey,Potatoes,2002,182427,534.5,22566.18,14.04
Japan,Sweet potatoes,1997,37689,1800.3,16065.43,12.89
Jamaica,Soybeans,2009,3650,2109.4,881.93,26.37
New Zealand,Potatoes,1992,101774,1659.3,1817.33,11.33
Ireland,Wheat,2011,12365,1259.1,1723.84,9.11
Guinea,Yams,1995,33030,1570.6,52.42,26.81
Mozambique,Sorghum,2011,6175,1061.0,394.76,25.46
Rwanda,Yams,2007,11063,870.7,108.35,15.5
Jamaica,"Rice, paddy",1990,24160,1739.1,595.24,25.94
Mali,Plantains and others,2012,10145,404.8,300.71,27.78
Morocco,Maize,1992,23869,413.6,4507.87,21.05
Jamaica,"Rice, paddy",2005,31053,1447.1,1042.0,27.26
United Kingdom,Sweet potatoes,2010,80147,971.6,11753.93,9.3
Haiti,Plantains and others,1992,26241,1454.0,35.68,26.52
Austria,Soybeans,1992,7693,1004.4,2441.83,5.43
Burkina Faso,Maize,1994,15152,912.7,445.56,27.32
"Congo, Democratic Republic of the",Sweet potatoes,2012,50497,1299.1,99.0,25.11
Mexico,Maize,1998,34274,785.2,25560.18,21.32
Saudi Arabia,Yams,1995,33724,61.5,806.46,25.41
Malaysia,Sweet potatoes,2009,36365,2819.4,8922.32,25.94
Belgium,Soybeans,1994,9062,921.6,3354.66,9.88
South Africa,Cassava,2006,31429,339.3,3520.36,18.27
Benin,Sorghum,1994,5332,1154.2,279.89,28.03
Costa Rica,Sweet potatoes,1993,40456,2737.9,845.97,24.88
Netherlands,Cassava,2004,49831,846.6,3216.03,9.07
Ireland,Yams,2006,44487,1485.3,1158.37,12.48
Ethiopia,Plantains and others,1993,14440,760.4,442.17,20.08
Mali,Wheat,2006,3729,283.8,309.89,30.79
Iraq,Yams,2007,27572,211.1,420.9,23.3
Togo,Soybeans,1995,7463,1317.2,161.59,25.88
Argentina,Maize,2006,18119,481.8,165703.1,14.36
Belgium,Maize,1997,20569,669.4,5067.79,8.64
Chile,Maize,2001,15003,500.7,15868.43,14.25
United States of America,Soybeans,1993,8250,986.8,226612.82,13.44
Togo,Soybeans,2008,7787,1190.3,202.51,24.61
Honduras,Sorghum,1990,2053,2539.2,654.02,22.71
Honduras,Plantains and others,2002,25770,2059.5,1301.84,25.34
Thailand,"Rice, paddy",1997,39360,1537.7,20116.42,27.05
Colombia,Soybeans,1992,3916,2416.5,15433.49,20.11
Uganda,Plantains and others,1992,28681,1370.7,117.1,24.39
Ireland,Wheat,1999,32303,946.4,1513.03,11.56
Guinea,"Rice, paddy",1994,13448,1574.5,329.0,25.39
Thailand,Yams,2004,54989,1833.8,7042.15,24.62
New Zealand,Cassava,2013,58032,1360.9,1412.64,10.67
Sri Lanka,Potatoes,2006,30116,1374.8,3146.93,28.62
Guatemala,Potatoes,1994,31727,1828.8,2215.8,23.55
Argentina,Wheat,2007,36460,667.1,128857.21,18.21
Sierra Leone,Sweet potatoes,2005,13841,3566.0,49.58,27.12
El Salvador,Yams,1997,47129,1132.7,1837.84,25.07
South Korea,"Rice, paddy",1996,19543,1694.2,16964.7,15.65
Mali,Potatoes,1997,18359,328.4,210.36,28.69
Peru,"Rice, paddy",1999,9140,1504.3,5873.27,17.26
Portugal,Cassava,2000,42834,843.0,2922.8,15.97
Israel,Cassava,2004,84744,457.2,976.54,19.96
Niger,Maize,2005,11819,271.0,257.66,29.14
Iraq,Maize,1998,16602,247.6,2001.39,21.45
Mali,Potatoes,2007,24307,360.6,245.04,29.35
Zambia,Plantains and others,2006,16420,603.1,556.43,21.4
Romania,Yams,2000,22249,552.0,3749.7,9.22
Czech Republic,Sweet potatoes,1993,49905,766.1,2468.59,8.98
Madagascar,"Rice, paddy",1992,17214,1360.2,339.13,26.42
Senegal,Plantains and others,1990,16915,633.1,52.12,28.47
Ecuador,Soybeans,1990,5254,2044.7,3228.64,22.86
Guinea,Cassava,2004,53405,1455.6,69.1,25.86
Chile,Soybeans,1991,9326,876.9,10568.26,13.94
South Africa,Wheat,2010,31786,422.0,10084.78,16.21
Indonesia,Plantains and others,2004,16210,3129.1,12675.5,28.17
South Korea,Maize,1990,12697,1478.2,15446.93,10.72
El Salvador,Plantains and others,1993,35241,1637.1,1194.14,24.82
India,Plantains and others,2009,59374,1223.5,21188.4,26.59
Paraguay,Sweet potatoes,2005,81396,1657.5,2533.42,22.87
Egypt,Plantains and others,2008,18512,46.1,5122.92,22.48
Thailand,Wheat,2011,2314,1889.4,17437.55,28.57
Argentina,Maize,1996,18614,450.2,119663.19,16.03
Ghana,Cassava,2012,86343,1426.5,830.67,28.03
Malawi,Maize,1993,16100,1138.0,219.49,21.47
Malaysia,Sweet potatoes,2011,39690,2283.9,8215.05,26.36
Russia,Sweet potatoes,1998,33155,468.6,4173.35,7.59
Niger,Wheat,1990,3371,202.4,106.24,26.94
Peru,Wheat,2002,6836,1987.7,4328.33,19.61
Morocco,Potatoes,2011,146864,279.9,5684.59,19.66
Laos,"Rice, paddy",1997,9834,2250.4,334.8,25.09
Senegal,Sweet potatoes,2013,56089,690.8,233.17,26.14
Malawi,Sweet potatoes,2008,58425,1097.0,168.77,21.06
Cuba,Cassava,1999,59963,1617.0,1230.75,25.7
Hungary,Potatoes,2008,216687,495.8,8828.79,11.78
Indonesia,Potatoes,2000,14860,2351.7,10889.07,26.8
South Africa,Wheat,1990,26785,449.3,6009.46,19.55
Nigeria,Sorghum,1990,5308,1238.1,858.84,24.22
China,Sorghum,2013,7233,614.4,497706.83,14.7
Iraq,Yams,1992,20511,238.4,507.97,21.2
Sri Lanka,Soybeans,2007,11327,1492.4,3545.33,27.4
Angola,Sweet potatoes,1994,46456,913.8,34.23,21.57
Laos,Maize,2002,14817,1586.4,293.55,26.39
Kenya,Yams,2002,32546,691.0,806.3,22.2
South Korea,Soybeans,1992,7518,1331.6,13586.2,11.16
Argentina,Sorghum,1992,5403,659.8,75899.5,13.99
Morocco,"Rice, paddy",1990,4302,361.9,4355.52,15.78
Australia,"Rice, paddy",2012,19995,523.0,55742.68,20.16
Kenya,Potatoes,1999,41168,662.5,1586.67,25.17
Greece,Maize,2010,30599,520.4,11332.41,17.8
Colombia,Potatoes,2011,18764,2717.3,23553.76,26.66
Hungary,Cassava,1991,34789,680.2,1046.46,14.09
India,Potatoes,1992,45222,915.2,12854.19,25.49
Burkina Faso,Soybeans,2009,6288,797.0,703.74,30.32
Iraq,Yams,1995,18598,220.3,0,21.2
Benin,Sweet potatoes,2007,53826,972.7,135.47,26.59
Mozambique,Plantains and others,2004,26323,1186.6,483.46,23.43
Uzbekistan,"Rice, paddy",2003,2016,209.9,8594.95,12.92
Saudi Arabia,Plantains and others,1993,12526,46.8,933.3,29.19
India,Plantains and others,1992,46291,1288.2,19226.86,22.84
United Kingdom,Plantains and others,1990,23593,1315.6,9214.22,9.89
Norway,Soybeans,1997,8067,1441.5,640.43,4.27
Honduras,Sweet potatoes,1997,24624,2256.7,529.43,25.38
Denmark,Maize,2009,25217,712.3,3982.24,8.2
Sweden,Soybeans,1991,8736,546.9,1321.31,6.42
South Korea,Yams,2001,33074,1411.9,4710.88,15.7
Nigeria,Soybeans,2009,11391,827.2,2571.85,28.5
Greece,Cassava,2008,42208,692.8,5763.67,16.08
United States of America,Sorghum,1999,5873,817.4,162337.8,12.07
Thailand,Plantains and others,2011,66337,1799.0,17711.0,25.49
Guinea,Cassava,2006,47253,1477.7,151.27,25.98
Mali,Yams,2001,32659,485.6,180.13,28.42
Ukraine,Maize,1993,11485,471.5,9360.9,6.08
China,Soybeans,2001,11149,504.0,1334350.05,14.14
Ukraine,Soybeans,2013,5433,368.2,14187.6,6.83
North Korea,Soybeans,1994,3555,986.7,432.87,11.62
Iraq,Sorghum,2011,6991,235.6,1698.2,20.73
Turkey,Cassava,2001,28496,692.6,10434.11,15.67
India,Plantains and others,2002,50525,1075.1,25426.4,25.53
Zimbabwe,"Rice, paddy",1996,7863,540.3,1452.32,20.84
Afghanistan,Cassava,2013,8359,278.2,98.18,14.76
Morocco,Potatoes,2005,134071,345.8,5749.54,19.09
Cambodia,Cassava,1999,46786,1756.9,427.43,23.17
Iraq,Sweet potatoes,2002,55473,202.7,909.24,20.54
Sudan,Cassava,2004,23366,238.6,395.29,28.03
Thailand,Soybeans,1996,11021,1642.1,12805.32,28.85
Ethiopia,Cassava,2002,41506,704.5,585.42,21.62
Bangladesh,Plantains and others,2010,24510,2499.9,10306.31,25.77
Vietnam,Sorghum,1998,4105,1915.9,18129.37,23.85
Jamaica,Maize,1996,9312,2032.8,799.6,26.54
North Korea,"Rice, paddy",2000,6278,1140.5,883.12,13.11
Cambodia,Yams,2011,41355,1757.0,389.51,28.75
Denmark,Sweet potatoes,2012,77484,585.2,929.97,6.28
Kenya,Potatoes,2013,117196,849.2,2223.47,20.68
Senegal,Cassava,1999,39220,714.9,148.17,25.86
Indonesia,Sorghum,2011,4031,3137.1,9367.56,27.76
Iraq,Yams,1999,12938,187.5,980.31,19.94
China,Potatoes,2010,230058,678.7,1087538.26,12.89
Myanmar,Sorghum,2002,2287,2206.7,387.44,26.27
Panama,Wheat,1991,2225,3562.8,856.13,27.19
Cuba,Yams,2006,42989,1171.5,975.8,25.13
New Zealand,Sorghum,1990,1965,1817.1,415.75,13.01
Ghana,Maize,1991,16565,1595.8,1536.49,25.77
Turkey,Wheat,2002,28287,604.7,26476.53,15.33
Philippines,Maize,2006,9535,2420.1,7587.15,26.32
Spain,Potatoes,2000,250246,716.0,22927.37,15.29
Ivory Coast,Sorghum,2005,6781,1203.0,976.5,26.8
Turkey,Soybeans,2012,6726,693.7,45050.48,13.88
Rwanda,"Rice, paddy",1997,10483,977.2,233.99,20.1
Nigeria,Sorghum,2013,4312,1531.1,1471.99,30.27
Uzbekistan,Soybeans,2002,3013,201.3,4550.63,12.39
Bolivia,Soybeans,1998,8468,1247.8,1777.68,21.7
Hungary,Sweet potatoes,2000,50284,638.9,3978.95,9.76
Turkey,Sorghum,2000,3396,637.5,15324.85,15.39
Nigeria,Soybeans,1990,7317,1369.7,1680.1,28.34
Haiti,Potatoes,1998,27368,1331.9,155.98,25.72
Afghanistan,Sweet potatoes,1993,14465,309.6,42.96,15.41
Angola,Yams,2011,24217,995.1,153.48,22.7
Uganda,Soybeans,1996,8773,1378.3,258.78,24.41
Mexico,Sweet potatoes,1997,92017,770.3,11173.57,20.84
Honduras,Maize,2008,14300,1730.7,2482.42,27.52
Greece,Maize,2006,47496,692.6,9913.36,19.17
Dominican Republic,Sorghum,1996,5009,1563.0,679.43,24.29
Laos,"Rice, paddy",1996,14209,1820.3,278.98,23.91
Jamaica,Plantains and others,2002,38053,1688.4,619.94,24.16
Canada,Soybeans,1999,7927,441.9,49967.44,6.35
Hungary,Sweet potatoes,1999,40308,481.7,1814.75,12.3
Afghanistan,Sorghum,1991,1366,285.5,56.81,16.27
Jamaica,Sorghum,2012,3303,2028.9,612.19,24.8
El Salvador,Plantains and others,2004,37301,1815.8,2000.49,25.88
Italy,Maize,1993,20053,827.9,44772.76,14.04
Benin,Plantains and others,1993,14907,853.9,196.34,30.01
Honduras,Sorghum,2011,2646,2008.3,1398.89,25.43
South Africa,Cassava,1993,31567,561.3,3962.5,16.6
El Salvador,Cassava,2007,71631,1565.6,1213.46,26.79
United Kingdom,Wheat,2011,29982,1104.3,20382.27,10.71
Malaysia,Cassava,2013,34595,3240.6,9895.85,27.94
Laos,"Rice, paddy",2012,16000,1769.0,451.0,23.99
Portugal,Plantains and others,1998,16991,946.1,1950.73,13.59
Chile,Plantains and others,2013,14442,776.2,13307.58,13.46
France,Yams,2010,41401,727.8,33347.4,13.23
Colombia,Cassava,2000,29732,2796.1,1823.07,24.78
Portugal,Wheat,2001,35057,787.1,4639.52,14.98
Netherlands,Potatoes,1999,198628,694.0,4377.74,8.62
Portugal,Maize,1997,11276,843.5,4178.64,15.05
United States of America,Wheat,2004,35277,855.3,314445.1,12.76
"Tanzania, United Republic of",Plantains and others,2011,35667,1122.9,1195.52,24.29
Angola,Sweet potatoes,2000,55437,1004.4,80.13,21.17
Saudi Arabia,Soybeans,2003,14628,75.7,3789.1,25.83
Guatemala,Cassava,2007,55821,1843.2,2182.3,22.69
Chile,Wheat,1998,22294,755.5,8448.37,12.98
Jamaica,Plantains and others,2013,35816,1156.9,554.56,25.16
Nigeria,Sweet potatoes,2011,72243,1057.7,780.75,27.21
Angola,Yams,1998,21796,1136.7,166.41,21.31
Zambia,Plantains and others,2008,25113,1007.0,494.26,21.42
Malaysia,Sweet potatoes,2010,44704,2563.7,6711.07,25.12
Morocco,Wheat,2011,27954,328.8,5979.0,19.76
Paraguay,Maize,2012,36336,1245.2,16143.21,22.2
Ghana,Sweet potatoes,2007,80902,1127.6,795.89,27.48
Uzbekistan,Cassava,2013,13945,163.3,3942.54,13.79
Sierra Leone,"Rice, paddy",1991,3551,2667.1,120.55,24.66
Jamaica,Soybeans,2002,4899,1872.7,793.01,25.67
Burundi,Yams,1991,17930,1552.4,13.38,20.99
Mali,Plantains and others,2013,11137,380.5,280.17,27.39
Turkey,Cassava,2007,31253,626.2,11171.94,13.22
Burundi,Potatoes,2007,63763,1305.9,65.53,19.04
Burkina Faso,Sweet potatoes,1991,46883,646.5,134.42,27.77
United States of America,Wheat,2008,28654,665.2,323308.33,11.16
Sri Lanka,"Rice, paddy",1992,22507,2114.6,3003.52,27.95
Iraq,Yams,2011,21646,202.8,847.69,21.95
Venezuela,Maize,2010,15504,1733.1,13180.32,28.89
Sierra Leone,Sweet potatoes,2011,14569,3240.9,79.35,25.92
Iran,Sorghum,1990,4406,234.1,5294.61,18.31
Honduras,Maize,2003,10725,1846.6,2692.5,25.97
Laos,Sweet potatoes,1996,19226,2026.2,106.81,28.05
Uruguay,Yams,2007,40734,1043.5,4125.14,18.72
Ecuador,Cassava,2003,15116,2833.5,2904.33,19.76
Chile,"Rice, paddy",2002,9793,566.7,19206.61,13.51
Ireland,Yams,2004,36466,1703.3,1050.86,10.0
Ivory Coast,Sorghum,2011,6805,1217.6,1609.55,26.84
Venezuela,Sweet potatoes,2003,30637,2242.7,7937.77,25.23
Honduras,Sorghum,2004,2403,2143.6,1282.78,26.83
South Korea,Wheat,1991,26570,1333.1,10044.79,15.66
Morocco,Maize,2010,24282,396.5,9352.9,18.49
Guinea,Sorghum,1990,3109,1339.2,37.9,26.16
Guatemala,Cassava,2006,74601,1672.3,1905.02,26.03
Mali,Plantains and others,1994,7373,367.8,203.13,27.2
France,Maize,2013,21535,904.2,81780.06,13.63
Uzbekistan,Soybeans,2003,5180,194.0,6692.09,15.08
North Korea,Plantains and others,2009,10970,924.2,680.35,9.72
Panama,Potatoes,1992,14394,2879.5,1331.03,28.2
Malaysia,"Rice, paddy",2003,10923,2720.6,28181.76,26.99
New Zealand,Potatoes,1999,65523,1876.5,2821.06,13.03
Ecuador,Plantains and others,1993,21537,2317.6,4158.77,20.65
Benin,Sorghum,1999,4833,1108.2,236.91,28.8
Sudan,Wheat,2003,7013,211.4,1012.79,25.79
Sudan,Wheat,2010,3331,138.9,1179.67,27.76
Portugal,Cassava,1994,37744,671.4,2246.14,13.09
Rwanda,Potatoes,1999,83418,1344.4,160.16,18.93
Uganda,Plantains and others,2005,30184,1096.4,174.88,24.43
Benin,Cassava,2013,44363,1219.2,199.82,30.87
Ghana,Maize,1994,19645,1589.0,1510.9,25.82
North Korea,Plantains and others,1998,10694,1067.4,385.31,12.41
Jamaica,Sweet potatoes,1993,40593,1649.5,193.41,29.77
Saudi Arabia,Plantains and others,1996,14773,61.3,1993.59,27.81
Hungary,Plantains and others,2010,15985,576.5,4720.94,12.36
Philippines,Yams,1991,15967,2269.4,1498.28,25.69
El Salvador,Plantains and others,2007,43682,1368.6,2304.44,22.6
Jamaica,Sweet potatoes,2004,28965,2061.9,257.4,24.82
Sudan,"Rice, paddy",2002,5329,269.3,1567.4,29.08
Uzbekistan,Maize,2013,8122,220.2,8002.21,13.18
Venezuela,Yams,1992,39770,1833.9,1981.87,26.98
Italy,Soybeans,1990,7644,844.7,26173.99,9.0
Kenya,Wheat,1991,10281,493.5,1485.41,19.38
Cambodia,Sorghum,1998,2397,2470.7,345.9,27.66
Haiti,Plantains and others,2002,18101,908.2,76.76,23.52
Russia,Wheat,2009,8175,588.5,25190.41,4.55
New Zealand,Soybeans,2008,3238,2067.4,3777.35,10.94
Ecuador,Soybeans,1994,5055,1862.6,5107.35,19.91
Uzbekistan,Soybeans,1998,4871,146.4,6671.8,15.55
Turkey,Plantains and others,2005,11344,555.0,29456.9,13.8
Israel,Potatoes,2008,293670,354.9,2091.01,19.35
Mexico,Wheat,1990,18992,648.2,14261.12,20.96
Ethiopia,Plantains and others,2000,18505,625.5,749.36,23.05
Benin,Soybeans,2000,6056,1191.9,469.86,29.84
Costa Rica,Sorghum,2007,4115,3172.0,3550.16,24.4
Italy,Potatoes,1990,257504,1010.1,28594.49,14.7
Nigeria,Sweet potatoes,1999,56108,1351.2,751.6,26.07
Hungary,"Rice, paddy",2010,10895,639.3,14737.59,8.57
Israel,Plantains and others,2007,46086,439.6,2202.16,22.26
Malawi,Maize,1998,17149,633.5,303.65,22.96
Cuba,Maize,2011,29568,1376.6,4136.66,26.72
Belgium,Maize,1994,19861,619.7,4172.72,11.3
Burkina Faso,Maize,2006,15709,812.1,622.06,29.25
Mali,Potatoes,1990,19622,329.6,181.24,26.81
Rwanda,Potatoes,1993,77117,1175.8,149.84,18.64
Ethiopia,Sorghum,1990,2830,1001.3,702.53,20.01
Burkina Faso,Plantains and others,2002,12635,677.1,468.67,26.1
Indonesia,Sorghum,2013,4290,2455.7,9928.54,27.63
Italy,Potatoes,2008,264159,1010.2,43418.21,14.32
Mozambique,Soybeans,1990,7029,680.4,295.1,24.8
Paraguay,Wheat,1998,15961,1253.9,8847.14,23.37
Argentina,"Rice, paddy",1997,12293,612.3,165226.74,18.04
Nigeria,Sweet potatoes,2013,92220,1156.2,547.69,26.24
Bangladesh,Sorghum,1997,3078,2091.9,4290.88,25.09
South Africa,Maize,2009,37975,410.5,15111.26,18.99
Algeria,Potatoes,1991,76563,94.5,1635.89,18.05
Zimbabwe,Maize,2013,25303,562.5,2074.67,21.56
Uruguay,Yams,2009,30987,1520.2,3575.41,16.4
Niger,Yams,2006,18713,307.2,50.44,27.67
Germany,Sorghum,2008,9351,708.1,11748.93,7.05
Chile,Soybeans,2007,8318,766.1,18761.25,15.23
Mexico,"Rice, paddy",2013,23823,931.4,59907.91,22.02
Panama,Sorghum,1996,3098,2806.3,616.09,23.4
Burkina Faso,Wheat,2004,6683,675.8,508.81,26.2
El Salvador,Cassava,2002,47989,2073.6,841.04,25.76
Senegal,Potatoes,1994,24812,724.4,300.87,30.1
Hungary,Wheat,1993,24539,659.7,3781.8,11.3
Ecuador,Wheat,1992,5223,1978.2,4540.86,21.88
Iraq,Soybeans,1990,8631,220.3,1228.41,24.17
Colombia,Plantains and others,2012,38445,2395.7,25003.25,23.59
Senegal,Plantains and others,1995,10749,474.2,239.51,24.24
Ireland,Sweet potatoes,1996,55802,1066.0,720.07,10.42
Belgium,Maize,2009,21938,1099.9,7325.98,6.95
Egypt,Cassava,2000,31886,56.5,1950.83,22.0
Afghanistan,Yams,2003,5254,221.2,57.23,14.07
Argentina,Sorghum,1990,4988,618.4,56843.93,17.07
Mali,Wheat,1990,5006,434.5,206.29,26.22
Pakistan,Plantains and others,2003,22260,506.9,11850.62,24.89
South Korea,"Rice, paddy",1995,16945,1285.6,17871.07,13.21
Kazakhstan,Soybeans,1996,3073,207.0,1193.27,6.5
Portugal,Wheat,2009,37329,966.2,6359.67,16.55
Mali,Potatoes,2011,25842,378.1,321.49,26.35
Ecuador,Yams,2002,31230,1952.8,4829.53,21.51
Mozambique,Sorghum,2000,4456,1041.5,335.75,24.06
Mozambique,Yams,1997,33741,1095.3,168.05,23.9
Ecuador,Soybeans,2003,4754,2319.1,7496.73,23.1
Turkey,Cassava,2004,34034,649.7,11576.27,12.45
Hungary,Wheat,2001,17213,574.6,6585.99,9.97
Israel,Yams,2006,64666,568.4,1230.89,21.21
Pakistan,"Rice, paddy",2008,12913,385.4,25260.59,21.62
Cameroon,"Rice, paddy",1990,15481,2009.5,1090.54,23.8
Panama,Sorghum,2013,4622,3351.2,1663.79,28.48
Mexico,Plantains and others,1998,30504,803.3,24406.74,20.04
Bangladesh,Soybeans,1997,4568,2400.3,7018.92,23.85
Nicaragua,Soybeans,1997,2736,2354.2,1190.68,28.7
Cambodia,Yams,1997,12098,2254.4,204.82,27.87
Nicaragua,"Rice, paddy",1999,12366,2317.1,1322.23,26.02
Costa Rica,Plantains and others,1993,18028,3143.7,2887.88,24.78
Portugal,Plantains and others,2013,23752,795.3,5186.44,13.75
Benin,Soybeans,2005,7491,1109.8,469.32,27.2
Chad,Wheat,1990,5739,386.9,77.56,25.67
Argentina,Wheat,2009,34895,677.2,166817.61,13.98
Colombia,Cassava,1998,25680,3211.9,2842.87,23.6
Angola,Soybeans,1995,9355,903.7,225.23,21.07
El Salvador,Cassava,2001,72945,1617.5,404.75,26.96
South Africa,Sweet potatoes,1994,59375,460.0,3108.08,18.07
Greece,Yams,2008,24465,564.6,5309.18,15.03
Haiti,Yams,1997,32733,1478.8,8.81,25.85
Chad,Maize,2005,14975,461.8,158.05,26.01
Ireland,Yams,1991,28863,1433.6,760.73,8.81
Malaysia,Sorghum,2003,4255,2936.2,16455.56,27.46
Guinea,Wheat,2011,6429,1058.7,321.92,25.72
Argentina,Sweet potatoes,1998,85305,525.5,34566.08,17.45
Angola,"Rice, paddy",2005,17187,1305.6,451.39,24.35
Philippines,Plantains and others,2007,24931,2449.5,1862.21,26.11
Laos,Soybeans,1990,6136,1460.9,174.23,24.53
Netherlands,Potatoes,1994,178258,810.8,3611.54,9.61
Italy,Maize,1995,33509,796.6,34074.08,17.39
Poland,Wheat,1996,8613,624.9,12313.91,6.5
Indonesia,Potatoes,2003,24232,2144.3,11454.71,24.98
Turkey,Sorghum,2006,4220,442.3,26595.4,11.5
Egypt,"Rice, paddy",2002,11224,36.3,7860.7,25.23
Bolivia,Cassava,1992,35463,1178.2,539.25,19.55
France,Wheat,2004,34148,825.2,51956.32,11.97
Peru,"Rice, paddy",2013,20113,1048.4,10117.61,20.66
Costa Rica,Sorghum,1993,3581,3316.8,1879.29,24.1
Israel,Plantains and others,2006,26786,349.8,1643.52,20.78
Mexico,Wheat,2008,27667,706.0,36590.68,21.43
Mexico,Wheat,2013,20991,641.3,45396.59,23.99
Honduras,Sorghum,1991,2387,2163.6,1146.45,23.15
Afghanistan,Cassava,2001,6588,243.8,76.91,14.78
Venezuela,Yams,2001,30391,2047.8,2714.67,24.64
Germany,Sorghum,2000,5816,491.8,16266.67,9.59
Algeria,Sorghum,1999,5111,96.4,2073.31,19.79
Nicaragua,Yams,1991,28267,1917.8,154.56,26.39
Sierra Leone,Sweet potatoes,1997,12797,2491.1,18.51,27.38
Colombia,Cassava,1999,32804,2921.3,10598.74,26.24
Mali,Cassava,1991,27455,324.7,54.72,27.11
"Tanzania, United Republic of","Rice, paddy",1996,16605,1117.4,1073.6,26.19
Poland,Sorghum,1992,3626,632.2,3870.49,9.55
Pakistan,"Rice, paddy",2009,15052,387.9,29643.55,24.09
Myanmar,Yams,1998,13395,2389.2,579.37,27.25
Mozambique,Potatoes,1992,41647,1074.1,106.35,24.79
Norway,Soybeans,2008,5990,1603.4,803.49,5.44
Dominican Republic,Sorghum,2006,8235,1211.6,1231.64,28.98
Burkina Faso,Maize,2012,15945,794.5,866.72,25.95
Australia,"Rice, paddy",1991,20613,621.9,33426.19,21.32
El Salvador,Maize,1994,21560,1302.2,2144.33,25.09
Italy,"Rice, paddy",2003,14594,870.7,68342.64,10.96
Norway,Soybeans,1991,6909,1369.2,518.35,3.46
Egypt,Plantains and others,2002,12317,62.6,4201.5,20.44
Jamaica,Cassava,1996,62215,1279.6,95.64,26.58
Bangladesh,Soybeans,2002,10672,1434.7,11029.35,26.07
Cambodia,Sorghum,2012,2817,2014.9,668.46,24.48
New Zealand,Sorghum,2001,2874,1559.0,1660.83,12.76
Mali,Potatoes,2010,23481,308.1,306.37,28.38
Mozambique,Soybeans,2008,8648,1190.3,591.66,25.41
North Korea,"Rice, paddy",1991,6555,1158.5,558.23,10.04
Argentina,Potatoes,2003,198124,540.0,100544.58,16.76
Peru,Sweet potatoes,2001,36532,1862.5,2197.77,21.07
Afghanistan,Wheat,2004,7162,323.3,122.77,12.73
Sudan,Yams,2003,18333,263.6,40.61,26.31
Poland,Sorghum,2012,5410,586.5,8173.87,8.54
France,Cassava,1992,46881,796.4,25204.81,12.42
Cambodia,Plantains and others,2013,33476,1887.1,769.59,28.26
Austria,Soybeans,2006,10083,1228.6,3547.15,6.72
Ethiopia,Plantains and others,2012,21073,817.0,1626.38,20.33
Niger,Maize,1991,12458,254.8,149.05,26.11
Guinea,Soybeans,1991,6361,1363.5,220.03,26.6
Philippines,Plantains and others,2002,40134,2167.6,3741.94,25.09
Egypt,Cassava,1990,29193,47.9,1946.93,22.3
Guatemala,Sorghum,2008,2866,1923.5,2599.1,23.15
Czech Republic,Sweet potatoes,2008,59477,597.5,2335.99,7.92
Guinea,Yams,2000,25792,1648.7,53.5,24.72
Rwanda,Soybeans,1998,7328,1138.9,189.99,18.94
Egypt,Wheat,1993,12570,46.9,4209.9,24.93
Nicaragua,"Rice, paddy",1998,14064,2230.3,1647.27,25.39
Nicaragua,Maize,1995,8322,2562.4,1184.04,26.22
Kenya,Yams,1994,33883,619.0,1101.44,23.57
Thailand,"Rice, paddy",2010,45119,1873.8,37956.35,27.87
Panama,Sweet potatoes,2007,30546,3301.2,857.76,24.5
Ivory Coast,Potatoes,1992,28680,1202.4,1165.71,26.24
Russia,Sweet potatoes,2008,35984,396.2,6493.67,4.26
Senegal,Potatoes,2003,29197,675.3,467.66,28.39
Mozambique,Sorghum,2003,5838,1148.1,273.42,26.98
Ethiopia,Potatoes,1999,58751,875.2,997.42,20.61
Philippines,Sorghum,2011,3597,2287.7,5743.27,28.89
Kazakhstan,Sweet potatoes,2008,22872,270.8,688.47,9.74
Thailand,Wheat,2007,8523,1409.0,21352.17,26.41
Algeria,Maize,1994,11326,81.4,3417.22,17.94
Kenya,Wheat,1998,15176,596.0,1169.55,22.81
Spain,Wheat,2009,44630,762.4,27296.79,14.04
Finland,Soybeans,1990,8706,617.4,732.27,4.5
Morocco,Plantains and others,2012,11953,365.9,5099.72,18.09
Netherlands,Sorghum,2013,8567,847.3,3960.81,8.79
Panama,Sorghum,1998,3332,3147.5,899.42,25.94
Sri Lanka,Potatoes,2013,32403,1792.1,3643.3,24.5
Afghanistan,Yams,1993,6043,370.6,43.46,12.46
Romania,Plantains and others,2013,13458,658.9,4970.2,10.61
Sri Lanka,Sorghum,1998,3024,1663.2,784.37,26.33
Canada,Sweet potatoes,2000,52418,613.9,22835.98,3.77
Thailand,Plantains and others,2005,73941,1691.3,13281.71,26.63
Kenya,Maize,1993,21699,765.7,1662.08,22.66
Iraq,Sorghum,2006,2667,200.0,1422.67,17.84
United Kingdom,Wheat,1998,16910,1570.7,11450.55,11.37
Saudi Arabia,"Rice, paddy",1994,10393,61.9,2847.49,26.29
"Congo, Democratic Republic of the",Sorghum,2010,4304,1104.8,152.79,25.14
New Zealand,Sweet potatoes,2005,40039,1805.5,2163.24,11.65
Denmark,Sweet potatoes,2006,55955,642.7,1097.72,7.4
Dominican Republic,"Rice, paddy",2002,23329,1455.6,2828.58,23.91
Jamaica,Sweet potatoes,2002,24358,2406.2,174.63,26.8
Spain,Sweet potatoes,1998,43781,587.9,11816.07,13.45
Togo,Potatoes,1998,20644,1151.1,169.3,27.68
Kenya,Sorghum,2009,7658,674.8,1397.2,22.85
Angola,Sweet potatoes,2009,51770,918.3,155.33,21.74
Venezuela,Cassava,1990,66333,1933.9,4436.34,26.48
Ghana,Cassava,2006,105039,1026.9,669.44,28.02
Mali,Plantains and others,1990,6332,262.4,187.62,28.36
Venezuela,Yams,2003,52310,1831.3,5655.12,27.11
Nicaragua,"Rice, paddy",2010,14482,2310.2,2536.95,23.87
India,Cassava,2003,93703,1308.6,21705.31,26.26
Turkey,Potatoes,1997,166354,712.2,19193.29,13.32
Peru,Plantains and others,1992,30549,1422.2,1817.26,19.02
Mexico,Potatoes,1990,129560,814.6,19010.73,19.84
Cambodia,Wheat,1995,2683,1580.3,411.6,27.31
India,Maize,2000,41148,955.6,37419.62,24.06
Bangladesh,Soybeans,1992,3813,1854.1,7857.25,26.62
Burundi,Maize,1995,9006,1371.5,55.43,19.73
Uzbekistan,Cassava,2012,12413,225.9,2950.54,11.3
Morocco,Cassava,1996,17391,364.2,1377.83,16.32
Israel,Cassava,2007,80639,452.3,1155.5,19.18
Benin,Sorghum,2003,5384,1063.1,51.57,27.95
Senegal,Maize,1995,21550,808.9,393.7,27.81
Guinea,Yams,2002,35222,1610.9,126.01,26.65
Costa Rica,Yams,2010,20431,3231.0,3649.38,23.25
Colombia,Cassava,1995,39823,2320.6,6453.02,25.28
Nicaragua,Plantains and others,2010,18790,2540.6,837.11,24.44
Thailand,Sorghum,2007,5009,1916.2,18461.24,25.71
Philippines,Plantains and others,2003,27584,2408.6,5132.93,25.77
Brazil,Plantains and others,2010,75134,1441.7,212145.18,24.06
Togo,Cassava,1993,40156,1078.9,79.96,28.64
El Salvador,"Rice, paddy",2007,27661,1538.9,4115.52,26.76
United Kingdom,Plantains and others,1999,26802,1115.1,14914.29,13.18
Peru,Sorghum,2005,1360,2060.7,2663.53,18.29
Greece,Maize,2013,22759,634.2,12919.05,16.26
Austria,Soybeans,2008,9791,932.4,4449.65,4.84
Guatemala,Potatoes,1990,13325,1861.3,1900.29,26.58
United Kingdom,Wheat,2012,14597,1264.8,22539.65,8.54
Germany,Wheat,2007,18436,616.3,33396.43,9.09
Afghanistan,Cassava,2010,7169,288.3,82.53,15.9
Hungary,Yams,1995,35595,733.4,3746.27,11.3
North Korea,"Rice, paddy",1995,6454,975.4,567.18,12.2
El Salvador,Sorghum,2001,2887,1899.2,2242.66,26.65
Philippines,Cassava,2009,63600,2022.8,2644.83,27.4
Italy,Potatoes,2011,291830,807.5,36478.41,17.49
Malawi,Sorghum,2006,4113,1354.6,189.22,25.57
Burundi,Soybeans,1992,8690,1271.4,44.24,22.51
Ireland,Wheat,1993,23327,1046.2,1027.0,10.61
Haiti,Yams,2008,26676,1626.2,52.22,26.49
Mozambique,Sorghum,1995,5121,909.6,297.12,25.48
Portugal,Potatoes,1990,209151,860.0,2700.58,15.11
Ecuador,Plantains and others,2003,50652,1729.8,4264.09,22.32
Colombia,Soybeans,2000,5093,2526.0,15966.78,23.98
Mozambique,Yams,2004,39735,892.2,86.63,27.13
Argentina,Potatoes,1999,282837,698.0,83458.03,15.64
Saudi Arabia,Soybeans,2009,13105,59.1,4046.28,28.1
Denmark,Maize,1998,19497,594.4,2868.21,9.54
Austria,Potatoes,2000,75637,1070.7,2498.34,6.65
Afghanistan,Plantains and others,2012,1806,297.3,143.14,11.2
Turkey,Soybeans,1992,7886,690.1,29576.3,15.66
Nigeria,Potatoes,2004,24857,1251.9,1681.51,27.37
Angola,Potatoes,2002,63497,1029.7,215.76,21.27
Colombia,Potatoes,1996,33909,2743.1,13688.85,23.41
Brazil,Wheat,2002,8302,2222.0,177576.43,24.15
Ecuador,Sorghum,2011,3055,1773.4,4619.64,22.13
Morocco,Plantains and others,2000,12035,331.8,3920.87,20.13
Ireland,Yams,1999,38392,1262.4,794.05,10.84
Netherlands,Soybeans,2009,11107,763.8,9545.98,11.37
Chile,"Rice, paddy",1997,11318,725.1,14834.31,17.15
Benin,Soybeans,2004,7276,962.5,490.96,27.53
Mali,Cassava,2009,24585,390.9,182.54,30.58
Germany,Wheat,2010,15639,461.2,24597.29,8.17
Israel,Yams,2000,56142,388.2,520.44,21.43
Ecuador,Cassava,2012,65321,1679.8,4693.26,22.75
Senegal,Sweet potatoes,1999,60129,751.4,152.05,28.16
Philippines,Yams,1997,15847,2417.4,1667.93,27.16
Senegal,Cassava,1995,48712,718.5,151.17,29.32
Spain,Sweet potatoes,2004,73425,769.4,9116.03,15.51
Nigeria,Sweet potatoes,1998,68435,908.7,381.94,25.89
Laos,Soybeans,2000,2901,1912.3,226.26,25.02
Vietnam,Maize,2005,30628,1391.9,33472.33,23.91
El Salvador,Cassava,2011,50394,1916.7,1297.7,24.71
Australia,Yams,1994,72631,502.5,16626.8,22.58
Burundi,Soybeans,2004,5510,1404.1,71.37,19.4
Iraq,Yams,1991,13988,204.8,332.58,21.85
"Congo, Democratic Republic of the",Wheat,2012,3988,1468.5,186.13,24.47
Australia,Yams,2010,97104,524.4,21003.9,23.27
Ukraine,Maize,2008,15100,497.9,12473.59,11.23
Belgium,Maize,2001,22090,617.6,5833.8,11.16
Spain,Sweet potatoes,1996,92957,670.8,10393.31,15.75
Bangladesh,Plantains and others,2008,40483,2106.8,4791.85,25.97
Dominican Republic,Plantains and others,2001,35883,1416.5,1157.75,23.97
Rwanda,Maize,2009,9428,1134.8,201.77,16.87
Ethiopia,Plantains and others,2004,12154,744.8,1340.69,20.36
Venezuela,Cassava,2002,29641,2312.8,5343.37,25.12
Guatemala,Plantains and others,2007,26892,2187.0,1460.99,21.16
Paraguay,Cassava,1990,77098,976.8,0,21.53
Chad,Soybeans,2013,8766,452.3,147.4,24.19
Haiti,Plantains and others,1990,27223,1321.5,48.24,25.18
Nicaragua,Maize,2013,7339,2059.8,1579.78,25.85
Laos,Sorghum,2010,1983,2408.2,190.07,25.81
Paraguay,Sweet potatoes,1999,102264,1267.0,1285.86,20.65
Argentina,Soybeans,2006,17855,646.7,130477.81,17.64
Czech Republic,Wheat,1992,10744,817.8,4933.47,6.0
Iran,Sorghum,2013,6766,227.9,9466.92,18.76
Saudi Arabia,Yams,2003,34044,50.3,1355.11,25.88
Honduras,Maize,1995,8442,2540.0,1651.71,25.62
Chile,"Rice, paddy",2009,12689,667.1,22421.12,14.74
Ghana,Sweet potatoes,2013,67569,1324.0,987.2,28.68
Portugal,Potatoes,2004,215575,987.0,5155.43,14.39
Ireland,Sorghum,1997,7191,1150.1,973.03,9.89
Kenya,Yams,1991,34077,878.8,435.19,22.14
Japan,Sorghum,1998,4478,1348.7,18961.37,16.96
Panama,Cassava,2010,28134,2798.8,1219.2,23.73
Nigeria,Soybeans,1991,10653,973.5,1525.93,28.27
Niger,Cassava,2007,31305,353.4,99.71,26.0
India,"Rice, paddy",2010,21745,1207.1,65774.93,23.46
Colombia,Yams,1993,17779,3300.5,9123.03,23.76
Iran,"Rice, paddy",2008,3532,240.4,14780.66,18.27
Nigeria,Maize,2009,25021,1099.7,2587.96,28.4
Colombia,Soybeans,2009,6580,2398.0,34933.6,22.98
Sierra Leone,Wheat,2002,1000,2375.6,134.01,27.81
Egypt,Soybeans,1994,14119,40.0,5047.1,22.6
Nicaragua,Soybeans,1999,3187,2473.9,891.7,27.71
Cameroon,Soybeans,1992,5082,1596.7,753.95,24.86
Sweden,Soybeans,1992,9325,587.4,1663.08,5.5
Saudi Arabia,"Rice, paddy",2001,12511,57.6,3255.37,27.93
Ireland,Cassava,1990,53869,1276.9,367.9,11.63
Turkey,Plantains and others,2006,13075,542.0,20881.25,15.09
Niger,Yams,1996,16904,265.6,7.73,26.71
Kenya,Plantains and others,2005,26740,700.1,1555.84,23.95
Togo,Soybeans,2002,7237,1397.6,199.47,28.23
"Congo, Democratic Republic of the",Sweet potatoes,2007,45448,1407.2,96.78,26.07
Brazil,Wheat,2009,5589,2089.2,204535.53,26.33
Sudan,Wheat,2011,3569,297.0,820.76,28.7
Paraguay,Plantains and others,2012,43467,1225.2,9135.75,21.5
Iraq,Plantains and others,2013,14005,223.0,2068.87,23.92
Senegal,Sorghum,2013,8399,658.3,361.02,28.24
Spain,Potatoes,1999,215600,546.5,21057.87,14.7
Cuba,Yams,2005,54716,1047.6,1517.55,27.93
Israel,Plantains and others,2008,25666,364.6,2102.31,19.99
Chad,Cassava,2009,30391,398.1,68.08,28.11
El Salvador,Cassava,2005,47001,2025.6,1541.19,23.63
Mali,Yams,2011,29344,383.1,200.55,29.21
Hungary,Potatoes,2003,171279,695.7,5123.42,11.12
Vietnam,Sorghum,2004,4489,1810.1,18454.27,25.79
Morocco,Cassava,2008,15437,335.2,2864.42,17.0
Mozambique,"Rice, paddy",2009,12596,1222.0,819.37,23.99
South Africa,Wheat,2007,40946,576.8,9505.46,17.54
Zimbabwe,Maize,2005,21809,801.1,1577.25,18.9
Angola,Sorghum,2002,3968,825.7,247.99,21.24
Mozambique,Sorghum,2002,5092,1176.3,209.92,24.98
Niger,"Rice, paddy",2012,5161,271.0,369.52,27.02
Guatemala,Potatoes,2003,28478,1483.9,1919.03,26.02
Colombia,Potatoes,1993,45096,2584.6,6256.04,20.69
Indonesia,Cassava,2000,33574,2741.4,14394.43,26.1
Nigeria,Plantains and others,1997,32773,936.5,1447.56,26.49
Philippines,Plantains and others,2000,30945,2214.2,4491.97,27.23
Panama,Yams,2005,25328,2081.6,572.59,23.04
Brazil,Wheat,2013,6635,1966.5,287701.46,24.23
Malaysia,"Rice, paddy",2001,28561,2285.8,22939.31,27.94
Myanmar,Soybeans,1990,3221,2622.9,554.12,25.99
Ghana,Soybeans,2001,13500,1112.7,1843.16,27.53
Kenya,Wheat,2004,8738,778.1,1705.98,25.87
China,Yams,2009,27656,522.3,805433.49,15.41
Turkey,Plantains and others,2012,17315,622.1,23755.26,13.22
Panama,"Rice, paddy",2012,12705,2866.9,2909.75,27.61
Kazakhstan,Sorghum,1993,2739,270.3,930.08,6.47
Uzbekistan,Sorghum,1999,2955,214.7,2443.44,15.5
"Tanzania, United Republic of",Sweet potatoes,2012,60627,1110.9,600.59,27.38
Niger,"Rice, paddy",1990,5125,307.1,175.03,28.36
Laos,Maize,2011,15968,1562.2,356.32,27.02
Mozambique,Yams,2002,23935,1173.4,289.81,22.87
Myanmar,Sorghum,2000,2062,2266.2,356.17,29.66
South Africa,Sweet potatoes,2008,61062,418.1,2632.1,15.85
Nigeria,Soybeans,1995,9318,1170.1,1297.89,25.0
El Salvador,Yams,2009,30427,1931.4,1092.55,24.05
Uruguay,Sorghum,1996,3584,1159.2,3906.35,16.6
Brazil,Plantains and others,1995,66852,1877.2,174016.3,25.19
Turkey,Potatoes,1996,199525,624.0,24243.77,15.57
"Tanzania, United Republic of",Wheat,1998,11330,924.1,1305.73,23.67
Burundi,Sorghum,1995,2184,1314.8,20.81,19.65
El Salvador,Maize,1991,11709,1616.0,2393.42,25.84
Panama,Potatoes,2002,15207,2491.8,1854.91,26.15
Mexico,Sweet potatoes,1994,102373,699.6,8864.17,22.12
South Africa,Plantains and others,2010,24607,507.5,9551.21,19.32
Ireland,Cassava,1996,42045,1176.5,594.16,9.2
Spain,Maize,1996,17910,587.4,26381.01,15.44
Mexico,Wheat,1996,27061,741.2,26844.76,20.81
Morocco,"Rice, paddy",1995,7521,350.4,5216.93,19.81
Madagascar,Soybeans,2004,2576,1910.2,461.07,26.17
Philippines,Sorghum,2005,3421,1874.2,3483.48,25.34
Malaysia,Sorghum,2004,3530,3123.5,10208.27,24.84
Brazil,Maize,2013,33073,1736.4,357094.57,21.09
India,Cassava,1998,99215,925.2,9213.02,25.62
South Africa,Potatoes,1997,163451,404.5,6983.05,18.58
"Tanzania, United Republic of",Maize,1993,14871,1340.6,915.04,28.16
Germany,Maize,2008,19898,870.2,35413.63,10.61
France,Soybeans,2007,9624,693.0,67921.95,12.58
"Congo, Democratic Republic of the",Wheat,1997,2862,1395.4,138.69,26.9
Niger,"Rice, paddy",1995,4425,267.0,237.23,26.53
Netherlands,Cassava,2008,59511,736.9,3056.23,10.12
Netherlands,Plantains and others,2003,24368,942.1,3119.57,8.59
Guatemala,Potatoes,2001,27796,1519.8,2341.61,25.36
Hungary,Cassava,2008,41296,621.8,4518.8,10.64
Indonesia,Cassava,1991,25293,3002.9,4711.9,28.3
Brazil,Sweet potatoes,2004,59559,1930.6,98324.31,26.51
France,Soybeans,1999,9434,691.0,36311.4,8.15
Pakistan,Maize,1993,28525,409.3,10956.75,26.61
Angola,Yams,1993,16313,1152.3,138.73,21.09
Norway,Soybeans,2004,8618,764.7,576.42,1.48
France,Maize,2007,20110,710.6,50271.27,12.53
Ecuador,Plantains and others,1991,52906,1656.1,1335.98,23.37
Chad,Maize,2007,16329,476.7,194.84,27.43
Ivory Coast,Sweet potatoes,1990,54698,1368.2,474.12,24.41
Indonesia,Sorghum,1991,3106,2489.8,4188.74,25.45
Uruguay,Sweet potatoes,2001,58240,1500.9,1121.97,16.11
Portugal,Cassava,1990,40222,1061.4,2192.06,15.48
Guinea,Maize,2009,9630,1731.8,394.37,26.7
Netherlands,Plantains and others,2008,21500,690.0,4429.19,9.06
Philippines,Cassava,2001,48893,2223.1,895.55,26.95
Bolivia,Yams,2003,31251,1288.6,812.48,21.02
Austria,Wheat,2003,12566,1188.7,3343.06,7.14
Chad,"Rice, paddy",2010,8160,365.7,231.51,28.54
Bolivia,Potatoes,2010,72520,1532.6,1821.06,20.31
Burundi,Potatoes,1994,71276,1212.2,32.6,17.29
Benin,Sweet potatoes,1995,44820,1225.9,187.19,24.43
Mali,Yams,1993,22262,374.0,66.16,24.92
Cambodia,Potatoes,2010,12917,1839.8,739.56,26.22
Haiti,Plantains and others,1994,23027,1683.9,52.22,23.07
Mexico,Potatoes,1991,148138,824.6,19198.55,20.8
Saudi Arabia,Plantains and others,2001,17233,73.4,2750.99,25.26
France,Sorghum,2009,7299,795.3,32059.65,14.59
Egypt,Cassava,1998,32693,60.9,3769.98,25.35
Togo,Yams,2010,33987,1379.1,44.15,26.63
Iraq,Cassava,2008,25038,205.5,1186.49,21.1
Haiti,Plantains and others,1993,23684,1331.7,69.96,24.49
Brazil,Wheat,2005,13408,1312.9,181874.69,25.53
Czech Republic,Sorghum,2013,6211,758.9,4433.99,8.11
Burundi,Wheat,1994,8291,1311.4,55.64,20.62
Myanmar,Cassava,2008,22707,2787.0,517.93,28.91
El Salvador,Potatoes,1995,23266,1676.8,2029.93,25.53
Guatemala,Wheat,2006,8091,1565.5,3766.88,23.13
Morocco,Yams,1992,16201,339.8,962.6,18.83
Italy,"Rice, paddy",1993,18575,1037.4,41207.2,15.86
Hungary,Potatoes,1996,159997,544.5,5573.26,10.81
Kenya,Maize,1998,26027,673.4,2098.32,24.95
Iraq,Soybeans,1999,10192,187.2,2565.71,22.66
Hungary,Potatoes,1999,113820,631.9,7164.04,9.12
Panama,"Rice, paddy",2010,8760,2994.5,3611.79,23.51
Ghana,Sweet potatoes,1999,56812,1158.8,504.6,27.4
Cuba,Sweet potatoes,2009,79219,1673.9,1005.0,25.82
Guatemala,Yams,1995,17593,2039.2,976.32,20.34
Philippines,Yams,2013,35546,2091.9,1561.8,28.14
Niger,Cassava,2005,21874,290.2,112.82,26.8
Czech Republic,Potatoes,2007,185733,482.7,5259.76,9.67
Indonesia,Sorghum,1990,3817,3294.8,11350.49,27.19
Jamaica,Cassava,1995,41885,1949.1,527.72,22.87
Burkina Faso,Sorghum,2011,5496,896.8,318.21,26.72
"Tanzania, United Republic of",Plantains and others,2009,30258,1143.0,909.51,21.88
Pakistan,Potatoes,2009,95723,501.2,18149.66,23.65
Honduras,Maize,2002,7293,1954.9,1383.46,26.87
Kazakhstan,Potatoes,1991,36393,250.8,980.19,6.63
Brazil,Wheat,1996,9800,1529.2,230954.72,25.38
Cambodia,Wheat,2012,4754,1399.7,866.69,26.68
New Zealand,Cassava,1999,48850,1545.3,1373.77,7.21
Burundi,Plantains and others,1994,22125,1530.1,35.0,21.67
Kenya,Cassava,2010,52554,732.4,1838.06,23.51
Guatemala,Soybeans,2007,9962,1542.3,5417.83,23.55
Colombia,Yams,2003,23811,2434.3,5436.8,25.92
Peru,"Rice, paddy",1996,15044,1629.5,5357.53,20.11
Chile,Soybeans,2008,6667,947.7,16438.06,13.52
Venezuela,Maize,2006,10248,2348.4,13191.52,26.27
Spain,Wheat,1992,29054,606.9,19883.69,14.59
Iraq,Sorghum,2012,5907,255.0,1367.69,22.37
Germany,Maize,2009,32889,755.4,32487.04,10.56
Portugal,Maize,2011,15260,825.8,8385.28,15.42
Uganda,Plantains and others,1996,31610,1179.4,152.44,23.41
Niger,Potatoes,1999,17270,302.1,165.74,28.0
"Tanzania, United Republic of",Potatoes,1991,43731,1217.4,788.78,24.79
Chad,Maize,1998,15723,371.2,150.05,28.03
Burundi,Soybeans,2011,6462,909.3,66.47,17.89
Madagascar,Plantains and others,2002,14497,1932.3,232.6,22.74
Dominican Republic,"Rice, paddy",1998,21448,1711.8,2255.88,25.35
Benin,Sweet potatoes,2005,56456,1057.3,118.78,26.74
Belgium,Maize,2011,22344,963.0,5710.07,8.58
Haiti,Potatoes,2004,22088,1286.1,79.69,27.4
Guinea,Soybeans,2000,6381,1417.1,296.35,26.23
Panama,Potatoes,1999,14348,2720.7,1511.85,25.76
Indonesia,Plantains and others,2012,41022,2084.5,14973.22,28.38
Madagascar,Plantains and others,2006,25693,1269.3,303.63,26.56
Mali,Plantains and others,2009,12229,517.2,263.17,29.49
"Congo, Democratic Republic of the",Maize,1997,5950,1906.4,204.96,22.47
Iraq,Sweet potatoes,1999,56407,252.1,975.36,23.62
"Tanzania, United Republic of",Maize,2003,19958,985.0,1581.87,23.33
Kenya,"Rice, paddy",2005,15770,814.1,2681.49,23.28
Turkey,Sorghum,2009,4941,780.0,22298.56,9.84
Rwanda,Potatoes,2011,89868,1355.1,187.41,19.79
Cuba,Yams,2013,59498,1465.5,1952.27,25.81
El Salvador,Sweet potatoes,2002,49929,1693.1,834.16,23.26
United States of America,Sorghum,2002,5726,874.1,136213.75,12.11
Afghanistan,Cassava,2000,6832,284.8,65.78,14.49
Cuba,Maize,1990,17564,1616.5,1699.94,26.41
Kenya,"Rice, paddy",2009,10717,580.4,3765.35,20.4
Argentina,Sorghum,1999,6922,457.2,95054.35,15.39
Myanmar,Cassava,1993,16354,2657.0,503.13,24.73
Senegal,Yams,1992,33877,681.4,95.46,26.55
Chad,Soybeans,2008,6682,519.0,171.77,26.04
Russia,Potatoes,2010,38506,482.5,18360.97,3.57
Chad,Soybeans,2009,7320,351.6,166.88,26.46
Sierra Leone,"Rice, paddy",1992,8397,2162.6,147.95,27.24
Kenya,Sorghum,2011,8118,599.3,1006.41,22.39
Sierra Leone,Soybeans,2001,2374,2815.8,139.12,26.21
Burundi,"Rice, paddy",2005,4890,1645.3,115.31,17.75
Jamaica,Sweet potatoes,2010,29311,2563.9,243.03,28.15
Ecuador,Soybeans,2004,4906,2221.2,8037.76,18.91
Portugal,Plantains and others,1991,19145,867.8,2003.33,12.89
Guinea,"Rice, paddy",2005,18399,1670.4,335.81,25.61
Honduras,Sweet potatoes,2000,59971,1422.5,705.07,24.5
Guinea,"Rice, paddy",2000,13666,1974.5,383.56,29.58
Sweden,Soybeans,2013,9363,518.0,2287.41,8.28
Portugal,Maize,2001,17549,870.8,6868.93,14.34
India,Sorghum,1994,5576,1292.2,0,24.74
Paraguay,Wheat,2007,12168,1429.6,10935.41,23.6
Netherlands,Cassava,1996,54493,822.0,2380.83,10.85
Afghanistan,Sweet potatoes,1999,10846,293.7,45.43,15.43
United States of America,Plantains and others,1991,16996,698.9,105546.06,9.27
Mexico,Wheat,2001,28362,733.1,29586.97,20.72
Afghanistan,Yams,2008,6700,284.4,53.0,16.92
Venezuela,Maize,1999,25653,1498.3,6808.2,25.46
Ivory Coast,Potatoes,2005,27425,1402.3,1417.98,26.95
Algeria,Maize,2005,15569,101.0,4415.78,18.78
Austria,Wheat,2005,12526,882.0,4374.8,5.91
Russia,Wheat,1996,8922,427.9,15041.36,6.68
Vietnam,Sorghum,2007,3317,1971.4,28738.73,25.45
France,Yams,2007,44302,806.0,22786.14,12.54
Guatemala,Cassava,2005,61896,1450.7,1113.36,24.35
Portugal,Potatoes,2006,188348,745.7,5075.66,15.6
United Kingdom,Sweet potatoes,2013,61702,1230.9,7354.26,9.48
Ireland,Sorghum,1999,6267,1068.7,1143.78,10.68
Colombia,Plantains and others,2005,22671,2655.8,13941.32,24.66
Panama,Yams,1999,14625,2449.3,930.97,26.35
Nepal,Soybeans,1995,3736,1785.2,118.93,20.03
Cuba,Plantains and others,2002,30601,1378.8,1399.37,24.79
Malaysia,Sweet potatoes,2002,29890,2588.4,11623.15,28.74
India,"Rice, paddy",1994,23407,990.9,35806.32,23.94
Myanmar,"Rice, paddy",1997,11581,2392.0,1124.12,25.38
India,Potatoes,2005,64301,949.1,24741.61,25.74
Ghana,Yams,1991,47147,1206.7,208.24,29.57
Ghana,Soybeans,2004,12894,1044.3,2012.28,26.75
Czech Republic,Wheat,1993,16528,748.1,2825.51,9.98
Jamaica,Cassava,1994,57832,1551.8,79.92,26.68
India,Potatoes,2009,71534,1033.8,21040.34,25.06
Niger,Potatoes,1993,16891,232.6,37.9,32.04
Rwanda,Maize,1996,12001,1116.1,219.41,19.12
Belgium,Potatoes,1998,185097,772.0,1660.29,9.22
Bangladesh,Plantains and others,2000,52486,1953.0,8424.05,25.46
Cameroon,Sorghum,1991,6149,955.1,308.34,28.85
United Kingdom,Sweet potatoes,1995,50569,1062.2,1600.3,9.53
Mali,Sweet potatoes,1997,38845,394.6,131.65,29.62
Cameroon,Sweet potatoes,1992,48766,1691.9,0,24.44
Jamaica,Sweet potatoes,2008,62506,1662.9,127.91,24.4
United Kingdom,Sweet potatoes,2001,53186,1407.9,2273.99,11.64
Senegal,Yams,2013,47602,781.2,280.65,27.14
Jamaica,Plantains and others,2001,37254,1830.0,641.58,25.98
Norway,Soybeans,2000,6783,1210.7,773.05,4.91
Senegal,Yams,1999,40102,570.5,137.39,27.35
Angola,Yams,2010,29796,1072.7,180.18,22.29
United Kingdom,Plantains and others,2004,25702,868.9,12304.83,10.92
Mali,Potatoes,2005,20562,324.4,333.68,27.24
Benin,Cassava,1998,46502,1469.7,77.39,28.44
Burkina Faso,Soybeans,2008,9625,656.9,545.61,26.94
Jamaica,Soybeans,2004,4402,1903.1,731.12,27.7
Mexico,"Rice, paddy",2004,24974,775.7,59126.82,22.91
Guatemala,Cassava,2001,30933,2267.5,2475.32,24.08
Hungary,Potatoes,2007,207559,696.2,6838.46,13.12
Venezuela,Maize,2009,13845,2317.7,12701.78,23.95
Argentina,Sorghum,2006,5921,527.2,78789.37,15.82
Burundi,Soybeans,2009,7562,1169.2,85.12,20.41
Egypt,Cassava,1996,30599,61.1,4410.86,25.03
Chad,Wheat,2013,3300,478.5,181.53,27.84
Mali,Plantains and others,2010,12223,482.5,266.17,28.76
Nigeria,Maize,2006,18866,1103.6,2486.97,28.27
Togo,Plantains and others,1995,22249,1144.7,170.33,28.18
Niger,Maize,1993,9130,217.4,204.71,27.85
Malaysia,"Rice, paddy",2013,36102,2064.3,33264.37,27.29
Japan,Wheat,2009,14745,1996.3,43096.15,15.07
Benin,Soybeans,2006,6340,1267.8,435.04,28.48
South Africa,Cassava,2007,34672,316.0,4924.29,18.56
Bolivia,Sweet potatoes,1999,68802,941.9,86.75,19.42
North Korea,Plantains and others,2002,8936,851.4,422.64,9.8
Czech Republic,Sorghum,2007,6721,654.4,1595.4,6.78
Myanmar,Cassava,1994,40576,1966.8,463.44,29.14
Angola,Sweet potatoes,2008,58020,1080.4,185.69,21.16
Saudi Arabia,"Rice, paddy",2012,11881,61.6,5881.54,28.87
Hungary,Sweet potatoes,1991,36638,606.8,31.77,12.5
Iraq,Maize,2009,17528,211.4,3054.66,22.19
Saudi Arabia,Plantains and others,1999,14720,70.2,2107.88,24.77
Argentina,Potatoes,1993,188479,587.4,95218.07,16.7
United States of America,Soybeans,1998,9731,744.2,227517.51,12.6
Togo,Cassava,1994,44415,1155.0,68.58,27.4
New Zealand,Sweet potatoes,1996,29747,1822.5,329.7,15.3
Chad,"Rice, paddy",1994,6938,403.1,90.95,26.47
Burundi,Wheat,2013,9270,1141.7,90.06,22.98
Iraq,Cassava,1990,30070,196.7,245.27,23.59
Italy,Potatoes,2010,315225,865.6,44882.45,15.59
Austria,Soybeans,2003,9789,858.2,3116.24,8.15
Kazakhstan,Soybeans,2000,3341,198.6,1724.21,8.78
Afghanistan,Soybeans,1993,2933,254.9,119.95,16.0
Uganda,Soybeans,1993,10636,1052.6,193.78,24.41
France,Sorghum,2006,8360,593.5,28161.35,11.99
Pakistan,"Rice, paddy",2013,8604,463.5,28767.3,19.9
Angola,Soybeans,2011,9300,1050.7,347.68,23.91
Mozambique,"Rice, paddy",1993,11346,941.5,671.83,24.6
Panama,Yams,1998,17387,2958.2,204.34,26.13
Romania,Plantains and others,2010,13169,616.2,5597.36,9.52
Belgium,Soybeans,2010,11739,887.3,5135.76,9.83
Chile,Wheat,1991,28857,834.2,6848.72,15.86
Guatemala,Cassava,2003,37937,2094.2,2111.73,22.9
Afghanistan,Sweet potatoes,2008,24639,353.3,48.65,17.95
Mali,Potatoes,2002,22221,392.7,368.44,27.71
Turkey,Potatoes,2012,169567,764.0,34438.54,16.09
Mali,Cassava,1994,34695,301.4,67.91,27.45
Nigeria,Sorghum,2005,5174,1236.6,1138.55,28.98
Cuba,Soybeans,1996,12185,1446.4,1469.84,24.93
Czech Republic,Wheat,2009,19014,544.2,5882.14,9.51
Portugal,Plantains and others,2009,14634,719.2,3639.44,12.9
Ethiopia,Potatoes,1990,61413,1073.1,379.14,22.92
Ukraine,Sorghum,2006,5061,515.3,5920.28,8.6
"Tanzania, United Republic of",Sweet potatoes,1998,56865,889.0,309.31,21.29
Saudi Arabia,Yams,2006,34312,58.2,2387.59,28.49
Spain,Potatoes,2010,286176,617.6,30233.69,16.65
Senegal,Maize,2010,20757,690.2,532.12,26.27
Ghana,Sweet potatoes,1993,68887,1062.7,731.1,27.2
Kazakhstan,Sweet potatoes,1995,24518,329.8,493.97,6.89
Togo,Plantains and others,1999,24809,1225.0,154.68,25.22
Peru,Sweet potatoes,2005,49981,1861.1,666.67,19.33
Norway,Soybeans,2012,11517,907.0,951.4,3.36
Portugal,Potatoes,1999,210237,1051.7,3922.7,15.94
Belgium,"Rice, paddy",2002,13692,798.2,6148.64,8.9
Indonesia,Soybeans,1990,4591,2725.7,7613.48,26.55
Honduras,Plantains and others,1994,25492,1995.0,1213.56,23.11
Cuba,Cassava,1996,65229,1596.1,1165.21,24.32
Afghanistan,Sorghum,2004,1333,357.9,100.72,16.55
Panama,Potatoes,1996,12355,2869.9,1435.96,26.0
Italy,Maize,2010,27341,806.1,57195.02,14.7
Kenya,Sorghum,1990,7006,575.9,849.14,23.24
Chile,Sorghum,1996,4442,707.9,5839.42,11.03
Bolivia,Sorghum,2000,5950,983.7,893.08,20.82
Netherlands,Potatoes,2012,207772,704.1,7179.41,9.67
"Congo, Democratic Republic of the",Soybeans,2004,5450,1462.8,223.45,26.67
Argentina,Soybeans,1998,16145,615.0,97262.69,16.39
Spain,Potatoes,2007,239000,555.8,17331.06,12.55
Niger,Wheat,2006,3315,300.6,173.1,27.16
France,Yams,1993,36480,670.5,18594.9,11.52
Laos,Sorghum,2003,2305,1906.7,159.65,24.87
Chad,Maize,2001,12932,382.0,163.26,25.93
Guatemala,Plantains and others,2012,35159,2224.1,1710.61,23.6
South Korea,Plantains and others,1990,19862,1396.5,8717.83,12.56
Cambodia,Plantains and others,2002,34865,1624.4,353.89,26.54
Egypt,Wheat,2005,18422,51.8,6735.0,23.69
Niger,Maize,1995,9558,304.1,208.78,27.5
Jamaica,Plantains and others,2009,44503,1549.7,590.4,23.47
El Salvador,Sweet potatoes,2012,54832,1891.8,1233.66,24.66
Romania,Soybeans,1992,6631,627.5,4265.65,12.91
Nigeria,Soybeans,1992,9761,1101.8,1890.15,27.24
Paraguay,Cassava,1998,106165,1239.1,5164.97,25.35
Czech Republic,Sorghum,2003,5078,615.4,3594.79,8.54
El Salvador,Maize,1990,12814,1723.8,2902.61,24.4
Mali,Plantains and others,1999,6673,300.9,294.7,28.83
Hungary,"Rice, paddy",1990,8343,622.4,7948.26,8.02
Spain,Sweet potatoes,2009,49289,709.8,2673.82,13.34
Poland,Wheat,2013,19526,600.8,13301.42,10.23
Malawi,Sweet potatoes,1995,52607,909.1,133.79,23.46
Guinea,"Rice, paddy",2004,15610,1218.4,317.19,26.68
Brazil,Maize,2001,31236,1582.3,262560.02,23.07
Kenya,Yams,2007,33520,722.3,971.03,22.24
Belgium,Plantains and others,1992,19164,773.2,2728.63,9.57
Finland,Soybeans,1993,6932,498.4,1126.67,1.11
Benin,Plantains and others,2013,24492,1117.7,359.88,29.26
Iraq,Sorghum,2008,6341,220.7,1169.37,22.0
Russia,Wheat,2007,10147,466.8,19584.08,3.4
Nepal,Sweet potatoes,1991,40896,1525.0,0,21.17
Bolivia,Sorghum,2003,3964,1323.5,1553.95,21.44
Zimbabwe,Wheat,1991,12109,560.3,599.66,22.86
Hungary,Cassava,2007,39607,652.9,5281.84,9.44
Malaysia,Cassava,1995,30910,3396.5,7727.14,29.34
Czech Republic,Sweet potatoes,1999,55533,652.1,974.14,10.79
Sierra Leone,"Rice, paddy",1997,4157,2626.2,142.69,27.07
Pakistan,Yams,1993,47049,501.8,7726.83,22.47
Turkey,Soybeans,1995,7278,671.1,29107.32,14.27
"Tanzania, United Republic of",Plantains and others,1995,30805,1101.1,521.74,26.14
Spain,Wheat,1998,26600,757.3,24201.99,13.17
Romania,Yams,2011,27324,629.9,3270.44,8.81
Mali,Plantains and others,2001,9484,426.7,280.54,28.79
Chad,"Rice, paddy",2002,7187,371.2,177.22,28.61
Thailand,Cassava,2013,150875,1486.0,11984.75,27.08
Honduras,Yams,1993,12316,2674.7,449.61,26.02
Togo,"Rice, paddy",2009,17322,916.7,331.41,26.85
Madagascar,Cassava,1997,37731,1527.3,67.05,23.94
Haiti,Yams,2004,38085,1338.6,76.17,25.63
Thailand,Sorghum,1997,8359,1299.4,13690.8,27.03
Canada,Soybeans,2013,12863,378.7,60111.12,6.6
Belgium,Sweet potatoes,1991,62717,866.0,945.28,10.44
Chad,Maize,2003,9686,516.7,117.21,31.16
South Africa,Maize,2010,28175,452.5,12999.8,18.26
Sierra Leone,Sweet potatoes,2012,10772,2857.4,39.43,26.64
Uruguay,Sorghum,2007,4386,1305.3,5257.53,17.99
Ecuador,Sorghum,2006,2990,1930.7,4784.42,22.67
Chile,Maize,2009,14767,674.4,18207.18,13.79
Benin,Sorghum,1995,5449,805.1,148.5,27.91
Czech Republic,Potatoes,1997,128287,757.1,2159.86,8.27
Jamaica,Maize,2004,6920,2286.6,773.33,24.84
Mexico,Potatoes,1993,151833,549.3,10916.74,19.69
Chad,Plantains and others,2002,7693,421.1,103.23,26.54
Egypt,Wheat,1992,19025,37.8,7095.07,22.26
Iran,Cassava,2006,15467,273.2,4235.12,18.0
Sudan,"Rice, paddy",2005,7670,284.0,1802.8,26.9
Nigeria,Sweet potatoes,2009,62922,1304.7,989.3,28.42
South Africa,Cassava,2010,46516,549.2,9461.67,18.93
Mali,Yams,2012,27086,457.0,138.51,28.04
Mozambique,Yams,1998,24527,1115.5,260.83,24.23
Saudi Arabia,Plantains and others,2010,18389,49.5,3079.79,25.38
Spain,Wheat,2001,44849,736.9,30606.89,16.02
Ghana,Cassava,1999,61641,1289.1,844.94,25.92
Colombia,Yams,1991,15342,2772.0,1485.14,27.19
Paraguay,Sweet potatoes,1995,108064,1273.2,6128.3,24.53
Belgium,Potatoes,2003,203859,908.9,4146.53,10.51
Nicaragua,"Rice, paddy",2012,12719,2378.6,2296.6,26.9
Burkina Faso,Wheat,1990,3510,693.3,381.04,26.63
Israel,Plantains and others,2002,39203,533.7,1796.58,19.78
Cambodia,"Rice, paddy",2012,18406,1956.5,1278.43,24.66
Peru,Sorghum,2012,1315,2059.6,4097.95,17.1
Bolivia,"Rice, paddy",2000,9294,1269.1,2713.79,19.56
"Congo, Democratic Republic of the",Sweet potatoes,1998,23309,1830.9,76.76,26.73
Italy,Potatoes,2004,328528,818.3,30528.24,16.52
Sierra Leone,Sweet potatoes,2007,11931,2434.3,60.67,26.46
United States of America,Sorghum,2003,6579,934.1,196290.58,10.99
Sri Lanka,Wheat,2006,6199,1695.0,3082.58,24.8
Haiti,Cassava,2013,50143,1633.1,85.99,25.81
Bolivia,Sweet potatoes,1995,49624,1062.2,905.19,19.3
Ireland,Wheat,2002,23214,1268.4,1343.95,11.7
South Africa,Plantains and others,2013,16873,558.3,7430.88,17.25
France,Soybeans,2002,9985,888.7,46096.24,14.85
Iraq,Sorghum,1998,5725,243.2,1210.31,20.98
South Korea,Yams,2007,42756,1246.1,5568.59,10.63
New Zealand,Sorghum,1994,1536,1912.8,1188.19,11.11
Togo,Cassava,2010,56962,1387.4,116.98,25.1
Panama,Cassava,2013,34821,3590.1,1080.92,26.41
Guinea,Soybeans,2007,2798,1823.9,305.85,28.04
Turkey,Sorghum,1992,4178,599.2,19241.53,14.67
Sudan,Cassava,1998,28123,268.5,392.27,27.55
Poland,Sorghum,2003,4556,483.0,7418.87,8.44
Norway,Soybeans,2010,8488,1440.4,845.14,3.64
Burkina Faso,Soybeans,2004,7834,840.5,562.49,28.7
Burkina Faso,Sweet potatoes,1994,44127,959.5,26.03,29.74
Peru,Wheat,2004,7430,1909.2,6047.4,21.46
Uruguay,Sorghum,2008,2739,1372.5,4598.46,15.98
Iran,Cassava,2009,16246,187.0,6974.82,17.49
"Congo, Democratic Republic of the",Sorghum,1996,1662,1732.4,110.42,26.2
Cambodia,Wheat,1998,2486,1878.8,541.42,24.87
Belgium,Soybeans,2006,11481,707.9,5416.31,12.34
Sri Lanka,Potatoes,1991,12208,1892.9,1951.27,28.19
Portugal,Maize,1999,12560,680.5,6378.33,15.48
Algeria,Sorghum,1997,3528,84.7,1408.44,18.57
"Congo, Democratic Republic of the",Plantains and others,2006,27154,1205.3,147.22,25.98
Ghana,"Rice, paddy",1991,23185,1186.1,1694.72,27.72
Niger,Potatoes,2002,23809,275.1,154.5,27.59
Kenya,Plantains and others,2011,30366,864.9,1344.39,22.91
Rwanda,"Rice, paddy",2010,5268,864.8,299.61,18.57
Rwanda,Yams,2002,10405,1454.9,79.82,17.26
South Korea,Maize,2005,19138,1101.3,19449.94,13.57
Egypt,Maize,2010,31653,36.1,8338.35,25.1
Spain,Maize,1992,23182,797.5,25672.05,16.21
Burkina Faso,Wheat,2013,7533,807.7,806.31,25.9
Ecuador,Cassava,1993,18400,2621.8,326.87,21.64
Kenya,Potatoes,1995,80339,797.2,1121.17,23.41
Myanmar,"Rice, paddy",2005,10499,2441.1,1645.59,23.7
China,Cassava,1993,41664,594.1,329168.55,14.21
Peru,Plantains and others,2007,37690,1768.3,3998.61,20.04
Chile,Sorghum,1992,4158,680.3,2125.04,13.95
Mozambique,"Rice, paddy",1998,11434,886.0,715.3,23.97
Israel,Potatoes,2011,405531,459.2,3408.37,19.21
Australia,Plantains and others,2004,30748,507.4,25257.75,21.29
Malaysia,Sorghum,2012,5302,3041.8,17394.18,26.53
Australia,Yams,2013,75006,595.9,18705.11,22.35
Portugal,Wheat,2006,21125,846.8,5771.93,11.84
Germany,Wheat,1994,14220,649.5,16579.83,8.84
South Korea,Soybeans,2003,9911,1411.3,22861.53,15.0
Guinea,Yams,2006,29243,1636.1,109.7,29.3
Iran,Yams,1998,9783,230.2,3125.24,17.64
Vietnam,Sorghum,2013,4670,1904.7,22012.38,26.47
"Tanzania, United Republic of",Wheat,1999,10119,911.2,1086.42,25.09
Ethiopia,Cassava,2004,51146,1093.3,507.81,22.87
Greece,Yams,1995,22133,569.9,510.94,14.42
United Kingdom,Sweet potatoes,2000,69395,1103.8,6589.03,10.48
Jamaica,Wheat,2011,3529,1973.9,780.76,24.56
Peru,"Rice, paddy",1998,13410,1451.4,5857.88,20.58
Burundi,Soybeans,2007,7131,1086.5,80.14,20.47
Nicaragua,Maize,1997,7382,2432.7,1140.85,26.59
Togo,Cassava,2013,51404,1293.8,141.31,25.58
Ivory Coast,Potatoes,2008,30219,1508.9,1852.16,25.88
Belgium,Potatoes,1997,205585,772.1,3954.34,9.34
Poland,Potatoes,2011,134990,589.9,10929.0,9.3
Colombia,Potatoes,2012,27720,2870.3,20055.4,25.16
Madagascar,Soybeans,1993,5235,1614.4,270.75,21.24
Finland,Sweet potatoes,1990,35480,542.8,164.31,2.0
China,Soybeans,1993,8490,577.3,838250.46,11.89
Cameroon,Soybeans,2003,7014,1521.6,1034.84,24.66
Egypt,Wheat,2002,15827,51.9,5477.56,24.02
Uruguay,Sweet potatoes,1999,67289,1509.1,1247.32,17.14
Malaysia,Sweet potatoes,1990,25792,2289.8,7997.33,26.48
Panama,Sweet potatoes,2004,22202,2880.1,801.76,27.77
Zimbabwe,Wheat,1995,11709,895.7,776.44,23.07
Burundi,Yams,1992,6970,1358.4,13.68,18.78
Cameroon,Sorghum,2007,6487,1167.0,551.97,26.77
Cambodia,Yams,2010,18971,2249.7,342.03,27.07
Togo,Plantains and others,1997,26632,1230.2,131.05,24.98
Togo,Potatoes,2007,22557,1237.1,211.23,27.26
Algeria,Maize,2001,13456,83.0,3626.58,18.68
Nepal,Sweet potatoes,2010,63202,1393.6,22.91,19.97
Hungary,Cassava,2006,31408,496.4,3024.83,12.72
"Tanzania, United Republic of",Wheat,1995,6570,863.8,1144.75,25.99
Ireland,Cassava,2010,59328,1260.9,1159.16,7.11
United States of America,Wheat,1991,30644,729.5,158278.17,12.5
Bolivia,Yams,1992,18668,1159.6,417.34,19.83
Nigeria,Plantains and others,2004,39744,1324.1,1352.79,24.44
Myanmar,Soybeans,2009,4280,2080.3,1254.53,23.54
Afghanistan,Sorghum,1992,1599,341.9,52.34,16.3
Nigeria,Sweet potatoes,2007,45681,1340.0,766.75,27.4
Panama,Potatoes,2000,14505,2253.9,1625.11,26.14
Uzbekistan,Sorghum,2013,3174,208.6,3131.88,13.2
Chile,Plantains and others,2001,10757,571.0,7714.82,15.66
Mexico,Sweet potatoes,1996,132373,909.1,4759.27,22.23
Ghana,Soybeans,1994,9288,1406.3,1203.54,26.0
Guinea,Cassava,2002,37268,1863.7,136.08,26.07
Madagascar,"Rice, paddy",2007,13643,1449.3,493.42,23.86
Saudi Arabia,Cassava,2004,41959,67.9,1821.22,24.75
"Tanzania, United Republic of",Yams,2006,15924,1103.2,434.12,19.79
Afghanistan,Yams,2006,6782,374.1,55.03,14.99
North Korea,"Rice, paddy",2008,7620,1227.6,1124.04,8.31
Turkey,Sorghum,1997,4549,621.0,17647.82,13.1
Mexico,Cassava,1994,71990,655.7,20293.54,22.3
Panama,Wheat,2009,2353,2890.1,1770.78,26.09
Philippines,Cassava,2010,20758,2714.3,2365.52,25.85
Hungary,Plantains and others,1996,18781,656.1,3078.73,9.93
Australia,"Rice, paddy",2003,21622,443.9,49087.12,21.82
Guinea,Yams,2008,33058,1487.5,90.88,24.69
Ethiopia,Sorghum,2004,5036,887.1,465.89,21.22
North Korea,Sweet potatoes,1999,17319,1352.0,319.91,9.41
Czech Republic,Potatoes,1995,84857,617.7,3527.76,6.75
Netherlands,Wheat,1997,24059,803.1,5660.18,11.26
Uganda,Soybeans,1997,9197,1162.4,255.49,21.72
Malaysia,"Rice, paddy",2000,15399,2496.1,27673.46,30.25
Pakistan,Maize,1995,32022,379.7,14205.5,23.27
Cambodia,"Rice, paddy",1990,14044,2098.6,716.24,24.85
Pakistan,Plantains and others,2006,24968,556.3,10270.02,23.77
Venezuela,Plantains and others,1991,34070,2010.0,2599.29,28.23
Uzbekistan,"Rice, paddy",1997,1814,159.1,7222.98,17.14
Iran,Cassava,2002,21033,140.4,3105.25,18.22
Colombia,Soybeans,1999,5530,3031.6,21798.11,26.24
Haiti,Cassava,1992,51407,967.3,42.65,26.8
Ivory Coast,Potatoes,2009,20290,1160.5,2125.62,27.84
Zambia,Yams,2013,30169,924.6,425.61,23.47
Burundi,Maize,1991,12145,1326.1,43.58,19.67
Rwanda,Maize,2010,19394,965.7,311.44,19.86
Kenya,Wheat,1995,8184,674.3,1742.59,25.99
Australia,Yams,1993,40765,476.7,5209.41,20.29
Belgium,Maize,1996,20657,800.5,3731.94,10.51
South Korea,Yams,2008,30499,1677.7,9425.57,12.26
Colombia,Potatoes,1992,23202,3390.6,14326.48,25.43
Romania,Plantains and others,2011,12807,589.0,6241.86,9.89
Panama,Sorghum,2005,4394,3121.8,1599.59,26.78
Zimbabwe,"Rice, paddy",2006,10783,502.7,2387.13,22.03
Italy,Cassava,2010,64004,845.1,27463.01,12.81
United Kingdom,Plantains and others,2005,36431,1260.5,13398.27,9.79
Thailand,Yams,2009,52512,2019.7,12958.12,28.32
Chad,Maize,1996,12778,375.9,120.27,26.27
Sri Lanka,Sorghum,2003,2689,2029.7,1711.48,28.7
Ukraine,Maize,2012,15593,457.5,13885.9,11.06
Egypt,Wheat,1996,19083,63.8,5248.35,22.04
Niger,Sweet potatoes,2001,20781,273.0,34.07,31.37
Argentina,Soybeans,1991,16008,719.2,113495.98,16.68
Iraq,Soybeans,1994,9418,195.4,1554.6,22.67
Turkey,Sorghum,2001,4159,445.8,23975.83,14.45
Peru,"Rice, paddy",2009,8296,1604.5,9139.49,18.34
Russia,Wheat,1991,6694,353.3,13244.09,6.5
Afghanistan,Cassava,2009,9184,312.2,47.58,14.98
Ecuador,Maize,2005,16155,1893.5,7358.84,23.77
Thailand,Cassava,1995,101916,1450.4,8998.77,23.07
Panama,Sweet potatoes,2008,22935,2631.7,876.02,25.08
Sri Lanka,"Rice, paddy",1994,25546,1766.1,3380.02,28.32
Laos,Soybeans,1997,2762,1905.0,252.06,26.98
Myanmar,Soybeans,2012,3855,2484.2,1434.81,23.57
Guatemala,Cassava,1997,55401,1612.0,1288.72,23.33
Bolivia,Potatoes,1995,96532,817.7,854.55,20.36
France,Soybeans,2001,9532,672.7,52425.1,13.14
Honduras,Maize,2007,8943,2136.1,2830.63,23.2
Cambodia,"Rice, paddy",2013,24754,1792.6,1146.23,25.6
Afghanistan,Wheat,1990,8729,400.0,82.04,13.73
Finland,Sweet potatoes,1994,43747,501.1,248.06,4.54
Poland,Wheat,2011,13948,426.6,14716.87,8.42
Belgium,"Rice, paddy",1999,18180,941.7,5463.52,8.89
Kenya,Plantains and others,1990,16079,662.7,1360.58,23.3
New Zealand,Cassava,1997,49513,1680.8,828.23,11.76
New Zealand,Wheat,1999,8047,1432.6,2537.54,9.36
Laos,Sweet potatoes,1993,18678,2210.7,90.0,27.36
Guinea,Soybeans,2012,8742,1093.2,409.51,25.97
Philippines,Plantains and others,2009,43719,2080.3,4144.48,23.24
Thailand,Plantains and others,2000,60296,1291.7,9847.83,25.78
"Congo, Democratic Republic of the",Soybeans,1998,7164,1274.1,162.74,24.48
Sudan,Cassava,1999,26600,269.1,548.12,27.09
Brazil,Maize,1997,18095,1918.7,187810.13,25.9
Ecuador,Soybeans,1993,4715,2086.3,7148.09,23.61
Sri Lanka,Wheat,2007,5355,1658.0,4244.62,25.93
Malaysia,Sorghum,1994,3780,2538.0,6715.17,27.97
Uganda,Soybeans,2010,11347,1053.3,405.8,25.74
Costa Rica,Sweet potatoes,1998,31532,2649.3,480.46,26.08
Togo,"Rice, paddy",1997,14215,961.4,188.54,28.0
Ireland,Wheat,2004,25504,1079.2,1977.76,11.15
Brazil,Sweet potatoes,2011,80722,1748.4,152494.02,26.47
Pakistan,Yams,1999,44666,528.4,2856.28,24.28
Philippines,Maize,1994,8144,2336.9,4319.77,28.3
Japan,Soybeans,2010,11846,1332.6,48931.58,13.61
South Africa,Sweet potatoes,2013,97353,506.6,4348.83,17.55
France,Yams,1998,35229,817.4,15980.11,11.11
Cuba,Yams,1992,42995,919.0,526.04,24.84
Ghana,Plantains and others,1998,36209,1232.8,1063.16,26.33
Myanmar,Yams,1991,12435,2542.7,202.45,25.57
"Tanzania, United Republic of",Wheat,1996,6055,1150.2,1269.59,25.51
Saudi Arabia,Soybeans,1996,16071,41.4,1839.66,24.67
Sudan,Wheat,2013,3948,282.1,1027.64,28.8
Venezuela,Plantains and others,1995,26222,2288.2,5738.14,26.44
Zambia,Soybeans,1991,7893,731.0,384.88,21.76
Zimbabwe,Sorghum,2006,4859,574.2,900.83,20.41
Mali,Wheat,1995,6809,472.3,220.82,25.09
South Africa,Potatoes,1995,190025,471.9,7153.75,15.87
Brazil,Sweet potatoes,1999,130718,1601.0,73977.92,24.46
Iran,Yams,2006,13141,204.9,4605.21,18.76
Guinea,Wheat,1990,1452,1829.2,161.18,26.22
Belgium,Soybeans,2003,8204,842.3,5645.76,10.63
Turkey,Wheat,2013,26455,658.6,37338.46,13.64
Sierra Leone,Soybeans,1996,2166,2236.1,131.57,24.39
Nicaragua,Sorghum,1995,2441,2560.5,509.45,23.98
Israel,Cassava,1993,96467,442.8,1003.44,20.32
Burundi,Plantains and others,2013,14758,1041.5,63.42,18.2
Canada,Soybeans,1998,7599,604.1,44919.2,4.52
Belgium,Yams,2006,39772,838.5,1912.89,9.71
Bangladesh,Sweet potatoes,2003,27016,2265.8,1497.25,26.18
Egypt,Cassava,2008,29375,53.8,4202.59,23.36
Spain,Sweet potatoes,1994,64383,608.8,8654.25,15.48
Chile,Maize,2004,16640,704.2,14392.92,13.9
Costa Rica,Plantains and others,1996,17934,2730.1,3353.06,24.9
South Africa,Plantains and others,2011,9443,363.5,6796.34,17.34
El Salvador,Cassava,2009,73088,1745.1,1218.55,27.58
Jamaica,Cassava,2012,29054,2555.5,255.3,26.06
Kenya,Plantains and others,2013,21322,717.6,1314.03,24.32
Costa Rica,Soybeans,2001,5974,2732.4,4234.01,25.75
Ecuador,Yams,2006,34147,1553.4,2993.91,21.37
Uzbekistan,Soybeans,1996,3280,208.1,4450.01,14.95
Italy,Sorghum,2003,5023,1030.4,29032.61,12.17
Chad,Soybeans,2006,7603,398.8,130.02,27.68
New Zealand,Soybeans,2009,3757,1825.9,5251.03,13.24
Togo,"Rice, paddy",1995,14279,1358.2,218.15,25.96
Morocco,Maize,2002,21011,349.8,8070.39,17.88
Ecuador,Maize,2003,9509,2376.3,7190.99,23.81
Turkey,Soybeans,1996,5664,597.7,28654.21,11.08
Iraq,Maize,2010,27027,215.1,3130.92,22.95
Zambia,Soybeans,1997,8207,970.4,479.03,21.71
Zimbabwe,Wheat,1990,10899,605.4,967.02,21.23
Spain,Sweet potatoes,1999,37213,558.6,29.11,12.0
Mali,Wheat,2013,3415,329.7,468.69,29.98
Morocco,Wheat,2013,23123,262.6,6844.83,16.29
Bangladesh,"Rice, paddy",1997,15750,2339.1,8947.66,28.35
Denmark,Maize,2008,22003,729.6,3135.34,9.08
Turkey,Soybeans,2013,7220,753.7,44775.09,13.52
Poland,Potatoes,1992,107845,450.0,12369.19,9.25
Norway,Soybeans,2011,5175,1670.0,886.87,3.02
Brazil,Sweet potatoes,2006,152898,1363.6,37863.86,25.84
Togo,Soybeans,2011,7807,1284.7,262.4,26.5
Ireland,Yams,2010,40191,1213.4,834.63,11.29
"Congo, Democratic Republic of the",Cassava,1990,17065,2043.9,52.57,21.7
Sudan,Yams,1997,23713,205.8,48.92,26.58
Honduras,Sweet potatoes,2008,26570,2261.9,787.33,22.48
Thailand,"Rice, paddy",1994,44859,1420.0,19287.2,26.9
Malaysia,Plantains and others,2007,22228,3415.2,16462.88,27.64
Czech Republic,Sweet potatoes,1992,50892,557.0,1168.48,7.3
Japan,Wheat,1991,19913,1677.5,27427.87,16.28
Indonesia,Cassava,2007,34961,3446.3,10353.4,29.14
Burkina Faso,Sorghum,1991,3877,843.3,244.12,30.39
Vietnam,Sorghum,2002,4391,1882.4,14438.66,25.29
Cuba,Plantains and others,1993,31867,1324.4,2003.72,24.8
Ecuador,Maize,1991,7566,2122.0,4359.03,19.61
Uzbekistan,Cassava,2005,13607,200.7,3330.12,12.31
Jamaica,Sorghum,2007,2737,1864.1,532.69,27.95
Turkey,Cassava,1997,27525,554.9,15267.13,12.98
Cuba,Soybeans,2004,12028,1529.2,3006.71,25.26
United Kingdom,Wheat,2001,24357,1319.9,17663.65,11.94
Burundi,Plantains and others,2009,20799,1558.2,50.81,19.6
Ireland,Yams,2000,30723,1420.9,677.64,10.09
China,Cassava,1998,41561,542.1,784895.51,14.45
Uganda,Plantains and others,1990,31357,1340.3,101.45,25.19
Nicaragua,Sorghum,2001,1705,2365.9,941.75,24.91
Belgium,Sweet potatoes,2010,66324,946.0,2526.88,10.57
Uzbekistan,Sorghum,2012,2818,200.9,3715.78,16.35
Myanmar,Cassava,1990,18524,2460.4,28.44,23.09
Iraq,Sweet potatoes,2004,73761,184.8,450.66,23.24
Italy,Soybeans,2004,9461,794.1,48902.07,14.01
Mozambique,Sorghum,2007,4818,1133.8,262.31,24.51
Australia,Yams,2002,62040,421.1,18002.37,21.36
Japan,Wheat,2012,31617,1474.7,49727.83,15.44
Iran,Soybeans,2003,10731,239.4,13340.23,18.02
Morocco,Maize,2005,20252,330.8,8206.7,18.25
Ireland,Maize,1999,23288,1075.1,2220.29,9.35
Philippines,Plantains and others,1996,33697,2096.1,3572.21,25.37
Haiti,Potatoes,2008,15585,1683.7,99.14,26.25
Chad,Plantains and others,1994,9144,500.9,94.25,26.72
Ukraine,Soybeans,1991,5202,504.1,7173.12,9.1
Kenya,Maize,2010,29951,687.8,2465.16,22.36
Romania,Plantains and others,1996,10441,620.5,3589.86,10.73
Ecuador,Soybeans,2013,5718,2299.5,9127.82,20.35
Netherlands,Sorghum,2004,6813,886.2,4966.58,10.45
Guatemala,Soybeans,2010,3419,2117.5,3245.35,25.62
Cameroon,Cassava,1992,46024,1549.6,328.35,25.16
Zambia,Plantains and others,1991,24299,1115.2,208.75,22.86
Norway,Sweet potatoes,2003,57046,1548.3,177.36,3.93
India,Sorghum,2002,7640,1119.1,18136.9,23.36
Iraq,Cassava,2003,25608,163.7,736.69,23.45
Afghanistan,Sweet potatoes,2011,13871,325.4,56.08,14.95
Pakistan,"Rice, paddy",1997,17759,525.1,18606.88,24.75
Russia,Sweet potatoes,2012,33793,325.1,9568.87,5.14
Thailand,Sorghum,2013,9004,1250.5,16362.29,25.76
Israel,Potatoes,2002,245586,478.7,2369.91,21.97
Spain,Soybeans,2004,9784,639.8,30315.66,14.9
India,Maize,1991,34952,991.5,28942.51,24.34
"Congo, Democratic Republic of the",Plantains and others,1991,17133,1535.4,38.37,26.61
Nigeria,Plantains and others,2003,32612,1245.7,1726.84,29.87
Venezuela,Soybeans,1990,4636,2172.2,6141.56,25.44
France,Yams,2003,40649,869.4,15190.18,10.62
China,Sorghum,2007,5716,543.4,870467.88,14.61
Poland,Sorghum,1994,4611,494.3,1442.66,7.9
China,Cassava,1999,37360,634.9,367520.52,13.78
Israel,Soybeans,2013,19765,420.0,4249.48,16.39
Turkey,Soybeans,2001,9590,784.3,33144.96,15.84
India,Potatoes,2007,44483,1131.2,25455.48,27.19
Uzbekistan,"Rice, paddy",2002,2993,301.0,7485.03,13.3
Myanmar,Yams,2005,12289,2934.4,377.64,24.1
Ethiopia,Cassava,1991,29735,1081.7,164.6,22.17
Peru,Plantains and others,2009,31379,1822.4,3974.54,18.89
Greece,Maize,1994,15360,646.0,5801.35,14.37
Angola,Sorghum,2000,3633,1184.4,191.52,22.4
South Korea,Maize,1994,16752,1389.2,14395.58,11.71
Spain,Potatoes,2002,202954,693.0,23981.34,13.92
Iran,Cassava,2007,16474,236.0,5709.15,17.23
Iran,Yams,2009,15687,229.0,4975.4,17.15
Netherlands,Plantains and others,1993,16767,587.4,2493.39,12.19
New Zealand,Wheat,2004,10011,2072.8,3407.97,12.15
Mali,Yams,2005,22592,461.9,163.09,25.49
Ivory Coast,Sorghum,2001,7982,1116.3,1055.04,28.55
Haiti,Soybeans,2008,2878,1914.5,177.53,25.31
Ireland,Cassava,1994,53033,1128.2,479.14,9.33
Dominican Republic,"Rice, paddy",2011,25075,1508.8,3464.23,26.18
Guatemala,Wheat,1993,5321,1985.9,2544.39,22.49
Ghana,Soybeans,2011,7874,931.4,2350.46,30.12
Ethiopia,Cassava,1994,45824,966.0,279.13,22.52
Cuba,Cassava,1991,73945,918.5,426.02,24.57
Cambodia,Cassava,2013,48032,1939.1,281.61,28.76
Kazakhstan,Potatoes,2005,34758,286.4,2382.67,7.75
Philippines,Sorghum,2008,3997,2952.7,4674.98,29.52
Spain,Wheat,2004,42620,660.6,33608.92,16.41
Iran,Sorghum,2004,3502,226.3,6430.67,16.81
India,Potatoes,2003,62457,1276.8,22641.57,24.22
United Kingdom,Sweet potatoes,2007,67719,998.5,1742.5,12.09
Nicaragua,Maize,1992,8048,2705.2,1090.99,26.79
Uganda,Plantains and others,1998,19839,1347.6,147.22,19.85
Costa Rica,Sweet potatoes,2009,31297,2691.5,1671.31,27.37
United States of America,Plantains and others,2009,22335,664.7,272606.15,11.32
Netherlands,Potatoes,2005,233602,818.9,4537.57,9.94
Benin,Soybeans,1992,5245,1171.4,287.01,28.44
Ghana,Plantains and others,2000,34495,1064.3,1007.89,27.75
Indonesia,Cassava,2013,34220,3347.2,15707.25,28.86
Ghana,Yams,2006,56012,1119.1,669.08,24.91
Zambia,Yams,1993,27738,1051.7,73.11,22.67
Panama,Cassava,1992,24424,3478.2,636.96,24.71
Jamaica,Sweet potatoes,2006,25324,2128.3,165.39,27.22
Angola,Soybeans,2003,8347,1051.4,487.23,23.92
Saudi Arabia,Soybeans,2005,17449,59.8,3140.77,26.99
Peru,Maize,2006,12117,1788.1,7049.47,20.26
Israel,Sweet potatoes,2011,180121,447.4,857.41,22.44
Chad,Plantains and others,1990,10448,514.0,48.16,27.19
Saudi Arabia,Yams,1997,29398,67.5,767.64,26.16
Costa Rica,Yams,2006,21335,3248.6,1002.73,23.56
El Salvador,Maize,2006,15036,1682.2,3029.54,23.75
"Tanzania, United Republic of",Plantains and others,2004,27961,1085.8,884.57,23.47
Bolivia,Cassava,2008,40212,1227.0,1050.64,19.55
Malaysia,Cassava,2007,29269,2681.1,13459.25,26.7
Netherlands,Sorghum,2007,9183,748.4,3263.83,10.63
Norway,Sweet potatoes,1997,44468,1287.6,87.35,5.22
Sri Lanka,Sorghum,2010,2608,1768.0,2084.74,27.71
Sri Lanka,Wheat,1991,3077,1624.9,1509.02,27.11
Rwanda,Sorghum,1998,1120,1108.8,108.62,16.4
United Kingdom,Plantains and others,2007,32570,1040.3,10578.35,11.09
Mali,Plantains and others,2005,12312,418.3,258.47,26.96
Ukraine,Soybeans,2004,6349,509.3,12672.11,8.21
Iraq,Soybeans,2007,13324,232.0,1988.36,23.54
Ireland,Sorghum,2002,4364,1258.1,1287.42,10.26
Benin,Soybeans,1991,4862,1308.1,353.63,28.47
Chile,Plantains and others,2002,15302,810.5,6118.12,13.74
Turkey,Wheat,1995,28707,642.2,27151.98,14.09
Bolivia,"Rice, paddy",2005,10953,1197.0,3002.03,19.72
Iraq,Sweet potatoes,2011,55394,184.2,1443.89,24.14
Afghanistan,Wheat,1993,8166,387.1,100.85,14.08
Ethiopia,Sorghum,2001,4290,1115.4,779.31,23.01
"Tanzania, United Republic of",Wheat,2007,11307,1119.1,1203.67,22.37
Morocco,Soybeans,1994,14140,370.9,5203.27,18.46
El Salvador,Maize,2007,16861,1423.0,2347.04,24.85
South Africa,Potatoes,1996,195771,439.7,6562.97,17.85
Sierra Leone,Sweet potatoes,1990,10740,3223.2,34.85,28.77
Argentina,Potatoes,2013,246480,602.1,144689.1,16.66
Angola,Sorghum,2010,4188,1036.4,289.21,22.71
Dominican Republic,"Rice, paddy",1993,25212,1266.0,1667.93,27.28
Kazakhstan,Sweet potatoes,2011,24544,230.9,1147.36,4.92
Indonesia,Sweet potatoes,1998,34161,2783.1,10000.51,27.12
Zambia,Yams,2001,30061,911.8,46.47,23.63
United Kingdom,Wheat,1996,10906,1288.5,8209.25,8.2
Mexico,Sweet potatoes,1992,90047,931.7,12363.15,20.29
Myanmar,Cassava,1997,32791,2155.5,458.48,26.53
New Zealand,Wheat,2009,14587,2008.7,2812.33,13.61
Sierra Leone,Wheat,1992,1000,2282.8,78.37,28.33
Finland,Sweet potatoes,1997,40079,430.7,389.49,3.61
Afghanistan,Yams,1998,5768,347.4,37.17,16.47
Cameroon,Soybeans,2012,4988,1798.2,1232.18,27.55
Norway,Sweet potatoes,1994,45304,1226.3,138.85,4.26
Bolivia,Cassava,2005,62344,1183.0,825.69,22.32
Chile,Sorghum,1994,5560,886.7,8018.22,15.54
Angola,Soybeans,1991,7984,961.7,259.51,23.94
India,Sorghum,2007,7300,1251.5,36917.7,26.93
Cambodia,Potatoes,2002,9253,2144.9,624.0,26.23
Belgium,Maize,2010,28633,777.9,6239.49,12.06
Cuba,Yams,2007,51468,1436.5,779.42,27.78
Turkey,Cassava,1995,28029,628.4,10409.69,14.99
"Tanzania, United Republic of",Sweet potatoes,1997,54524,1247.3,545.91,24.05
Nicaragua,"Rice, paddy",2011,16041,2147.9,2008.37,24.26
Afghanistan,Sorghum,1996,1659,282.1,47.3,14.55
Argentina,Soybeans,1993,11865,675.3,111639.06,16.0
Zambia,Soybeans,2004,8747,1032.4,702.29,22.6
Jamaica,Sweet potatoes,1992,28177,1997.8,26.81,25.4
Chile,Plantains and others,2011,19249,709.0,9279.66,15.1
Thailand,Wheat,1992,4485,1606.0,16735.13,27.94
Ecuador,Cassava,2000,48716,2080.8,3000.25,22.44
Mozambique,Plantains and others,1992,21947,826.8,266.0,25.96
Sierra Leone,Sweet potatoes,2010,10204,2128.5,35.47,26.14
Greece,Cassava,1995,31073,640.1,1552.56,14.77
Colombia,Yams,2006,40208,1910.0,1773.02,23.9
Panama,Sorghum,2010,3142,2718.5,892.48,29.57
Morocco,Cassava,2002,28806,358.5,1808.94,19.1
Mexico,Potatoes,2013,143633,1008.9,26965.8,23.05
Argentina,Maize,2001,24155,371.3,120364.69,16.44
France,Sorghum,1992,4436,844.2,18600.78,11.46
Jamaica,Cassava,1990,32469,2120.3,0,23.96
Afghanistan,Cassava,2004,4835,327.0,70.69,11.65
China,Yams,2007,29589,721.7,637040.68,15.93
Myanmar,Wheat,1998,2773,2740.3,784.47,26.09
South Africa,Wheat,1995,28304,631.1,6168.97,19.46
North Korea,"Rice, paddy",1993,5246,1297.3,665.89,10.08
"Tanzania, United Republic of",Sweet potatoes,1995,56642,635.0,738.36,26.12
Nigeria,Potatoes,1997,28910,1201.8,1450.37,26.87
Cameroon,Sweet potatoes,2000,33633,1912.3,461.95,25.46
Venezuela,Soybeans,2012,9863,1650.1,10787.0,28.0
Mexico,Wheat,2004,28516,686.1,25790.23,20.73
Sudan,Yams,2001,22077,245.5,312.25,27.73
Haiti,Potatoes,1993,34459,1306.4,107.73,24.06
Nigeria,Soybeans,2000,10247,1298.0,1960.67,27.49
Peru,"Rice, paddy",2012,20411,2023.3,9358.09,20.24
Algeria,Sorghum,2008,4450,108.8,1618.84,18.81
Netherlands,Wheat,2011,22647,852.8,6726.32,9.62
Saudi Arabia,"Rice, paddy",2013,13199,56.7,5846.03,25.77
South Korea,Wheat,2003,24565,1308.8,20436.31,11.32
Malaysia,Sweet potatoes,1992,24241,3188.2,444.87,29.31
Spain,Soybeans,1995,12047,509.8,22776.93,17.18
Ghana,"Rice, paddy",1998,27804,995.1,1943.61,25.91
Ghana,Yams,1996,39626,1000.3,205.42,26.51
Vietnam,Maize,1991,25544,1667.9,26084.43,26.83
Kenya,Cassava,2002,67028,688.4,433.27,25.7
Peru,Sorghum,2002,2273,1712.4,2686.02,20.18
Madagascar,Soybeans,2009,2995,1881.1,381.98,24.75
Dominican Republic,Sorghum,2004,6280,1306.4,1329.38,24.79
Israel,Potatoes,1996,286497,561.2,2038.7,20.58
Burundi,"Rice, paddy",2007,6093,1094.4,109.41,19.45
South Korea,Wheat,2012,42733,1112.4,21288.68,14.74
Hungary,Wheat,1996,9175,569.3,4645.3,8.66
Ethiopia,Potatoes,2012,97005,703.4,1314.97,21.16
Spain,Potatoes,2001,355259,509.4,19979.65,16.95
Dominican Republic,"Rice, paddy",1999,27937,1273.8,1883.88,29.02
Brazil,Yams,1996,72582,1629.1,95249.25,23.63
Nigeria,Potatoes,1996,20949,1418.0,1522.5,29.25
Australia,Yams,2011,62902,337.2,17865.51,23.5
Uzbekistan,"Rice, paddy",2012,2906,222.4,10410.41,11.99
Senegal,Sorghum,2002,4645,694.6,199.92,29.0
Malaysia,Plantains and others,1992,16865,2812.9,7505.78,28.43
"Congo, Democratic Republic of the",Plantains and others,1997,19016,1542.7,139.36,24.89
Indonesia,Potatoes,2002,16513,2637.6,20347.19,28.19
Hungary,Potatoes,2005,273643,766.1,6209.9,12.76
Hungary,Plantains and others,1990,12073,638.5,4160.57,11.25
United States of America,Plantains and others,2008,17124,696.1,201344.57,13.67
China,Soybeans,2000,10943,699.2,1241693.46,14.07
Cambodia,Yams,2000,23843,1766.3,225.59,27.21
Jamaica,"Rice, paddy",2013,15850,2372.6,1140.23,25.69
Ireland,Maize,2007,20898,1207.4,2429.5,9.96
Haiti,Maize,2005,23641,1026.1,178.99,26.73
Czech Republic,Wheat,2002,12217,737.0,6225.61,7.74
Argentina,Sorghum,2007,6110,539.7,67610.94,16.73
Cambodia,"Rice, paddy",1993,13652,2143.5,588.25,27.32
Pakistan,Maize,1991,27298,435.9,14429.22,23.52
France,Wheat,2000,17350,661.4,47517.83,8.77
Kenya,Maize,1994,24222,636.5,1570.83,22.36
Uzbekistan,Maize,2006,6981,147.6,7245.1,14.68
Ethiopia,Plantains and others,1998,21246,984.9,627.81,22.41
Romania,"Rice, paddy",2009,8667,485.9,12026.63,11.96
Myanmar,Wheat,1992,1259,2257.3,659.19,27.37
Nigeria,Maize,2010,24331,1074.7,3301.39,29.93
Bolivia,Yams,2004,20207,1120.9,82.7,19.43
Cameroon,"Rice, paddy",1999,23440,1223.8,1332.69,26.16
"Congo, Democratic Republic of the",Sorghum,2000,1303,2038.2,82.66,25.09
"Tanzania, United Republic of",Yams,2012,49084,995.6,782.54,27.12
Venezuela,Soybeans,2010,5208,2314.8,14644.78,23.53
Indonesia,Potatoes,2011,18551,1841.3,16146.31,28.55
Sudan,Cassava,1991,20254,222.5,468.6,28.44
Burkina Faso,Sweet potatoes,2001,38867,861.4,77.52,29.39
Sri Lanka,"Rice, paddy",1993,19961,2150.8,3195.61,25.65
"Tanzania, United Republic of",Potatoes,2007,45216,964.6,1141.25,25.49
Italy,Potatoes,2013,316341,690.5,39233.32,15.11
Nicaragua,Yams,2006,37654,1861.3,237.43,26.98
Cameroon,"Rice, paddy",1997,19664,1728.9,1111.58,25.42
Bolivia,Yams,2002,27799,1224.6,404.81,20.76
Hungary,Plantains and others,1993,16744,728.7,6006.11,13.92
Egypt,Soybeans,2000,14707,43.0,7809.43,25.99
Guinea,"Rice, paddy",1993,15121,1380.7,225.94,23.61
Guatemala,Yams,2004,16126,1683.0,1950.03,19.67
Angola,Sweet potatoes,1990,60133,1025.4,188.87,22.95
Angola,Cassava,1995,34757,1143.5,171.96,21.85
Haiti,Maize,2013,9683,1510.1,199.04,26.23
Iraq,Soybeans,2009,10476,264.1,3014.75,22.07
Sierra Leone,Soybeans,2000,1608,2559.1,121.91,29.48
Venezuela,Maize,1998,13803,1897.6,7659.24,27.29
Colombia,Potatoes,2006,34623,2657.4,27097.51,24.14
Cameroon,Cassava,2001,51146,1554.6,354.85,27.68
China,Soybeans,1997,9496,726.9,1002070.21,13.49
Chile,Sorghum,2008,5527,543.6,10329.85,14.12
Afghanistan,Soybeans,2010,2206,301.2,145.38,14.44
India,"Rice, paddy",2005,32876,1190.2,60848.76,24.11
Mexico,Sweet potatoes,1998,111385,839.5,6819.28,22.97
Egypt,Plantains and others,2007,14150,56.8,4471.23,21.55
Australia,Yams,2001,49097,416.9,20853.2,20.43
Laos,Soybeans,2013,7181,1610.2,379.72,26.09
Malawi,Sorghum,2009,4170,997.1,264.76,22.5
Venezuela,Yams,2000,43531,1981.0,3204.75,25.89
Niger,Potatoes,1992,18368,294.3,128.26,28.94
Mozambique,Yams,2003,35316,864.3,249.64,26.9
Zimbabwe,Sorghum,2011,9475,802.3,799.46,23.47
Mali,"Rice, paddy",1992,6132,358.8,385.54,29.47
Chile,Sorghum,1991,3887,777.7,5339.58,15.45
Guinea,"Rice, paddy",2012,13546,1404.6,459.04,22.74
Panama,Wheat,1992,3293,3085.2,1644.62,25.01
Israel,Yams,2008,49070,430.7,1639.05,19.93
Kenya,Plantains and others,1996,28703,787.5,860.05,24.52
Russia,Wheat,2011,8151,461.9,21061.9,4.96
Italy,Soybeans,2011,14050,1103.4,56349.65,15.83
Japan,Sweet potatoes,2004,43692,1584.9,16398.91,13.26
Togo,Plantains and others,1990,23481,1329.3,115.24,26.67
Hungary,"Rice, paddy",2003,9390,461.1,9411.93,10.8
South Korea,Maize,2013,16801,1321.0,27377.22,11.23
Philippines,Cassava,2006,35430,2242.6,2920.25,23.41
Laos,Maize,2012,18927,1461.2,328.62,25.85
Guatemala,Potatoes,2007,11339,1914.3,2545.51,28.05
Canada,Sweet potatoes,1990,52711,554.8,5741.12,2.97
Israel,Sweet potatoes,2013,184812,409.9,1263.58,20.51
Nepal,Soybeans,1999,3513,1839.2,124.24,20.95
Paraguay,Wheat,2002,17325,1476.5,10045.29,21.5
Paraguay,Wheat,1995,15947,968.2,7510.14,23.88
Argentina,Maize,2009,19735,601.2,177238.33,15.71
North Korea,Soybeans,2013,2853,1183.2,706.71,10.31
Ecuador,Wheat,2001,5509,2518.8,3775.06,23.29
Ghana,Soybeans,1995,9484,832.9,1295.18,28.43
Rwanda,Soybeans,1990,3960,1305.8,151.52,15.78
Uruguay,Sorghum,1994,2055,1576.0,2869.21,16.22
Bangladesh,Sorghum,2005,3134,2376.7,7993.26,25.22
Madagascar,Soybeans,2000,4286,1689.1,286.17,22.54
United States of America,Sorghum,1994,5679,660.9,57579.31,16.75
Zambia,Soybeans,1996,8488,1170.8,626.53,21.32
Japan,Sorghum,1995,6866,1088.3,19206.87,15.22
El Salvador,Cassava,2008,34942,2242.6,1165.61,26.16
Panama,Potatoes,2003,15612,2818.8,1159.66,25.72
North Korea,Soybeans,1998,3296,1217.7,785.99,9.8
Ghana,"Rice, paddy",2013,35411,1214.7,3501.22,28.14
Pakistan,Potatoes,2008,100444,551.0,13491.72,22.78
Portugal,Potatoes,2012,237421,1036.9,4801.91,13.25
Indonesia,Sweet potatoes,2002,30867,2320.2,5647.75,28.84
Venezuela,Cassava,2008,49463,2063.6,3899.86,26.79
Malawi,Potatoes,1998,35738,927.3,223.3,25.77
Rwanda,Sorghum,2010,1940,1083.0,130.74,17.81
North Korea,Plantains and others,1990,9803,1245.9,183.17,8.59
North Korea,Plantains and others,2011,13047,1293.4,652.98,10.44
France,Wheat,1992,37748,728.6,35212.04,13.41
Spain,Maize,1993,23167,675.1,24598.35,16.52
India,Plantains and others,2013,57669,1217.5,36315.99,23.04
Cambodia,Cassava,2010,53866,1707.2,585.21,28.07
Australia,"Rice, paddy",2002,13818,394.0,45900.67,20.69
United Kingdom,Sweet potatoes,1999,57884,1235.8,1454.02,11.31
Colombia,Plantains and others,2006,27708,2579.0,15826.05,26.43
United Kingdom,Plantains and others,2009,33898,1212.2,10316.25,11.06
Iraq,"Rice, paddy",2000,5730,243.2,2823.27,23.77
Kazakhstan,Sorghum,2001,2815,264.0,862.82,6.86
Senegal,Sorghum,1995,5633,713.1,151.15,27.24
Malaysia,Sweet potatoes,1999,34607,2855.2,7936.66,28.65
Iran,"Rice, paddy",2001,4454,246.2,12240.33,20.15
Hungary,Yams,2013,29666,659.9,3061.72,10.59
Morocco,Yams,1997,13737,369.5,2628.11,16.52
North Korea,Sweet potatoes,2002,21650,1059.0,55.84,10.07
Zambia,Yams,1994,23638,1005.1,126.98,22.3
Morocco,Wheat,2010,27310,282.3,5743.93,16.38
Egypt,"Rice, paddy",1995,8868,51.5,7479.68,22.66
Guatemala,Sorghum,2006,3943,1538.5,3116.51,27.34
Portugal,Plantains and others,1999,12830,656.5,5178.43,14.94
Sierra Leone,"Rice, paddy",2000,10947,2126.2,162.35,27.93
Malaysia,Sorghum,1996,4049,3113.0,5245.11,26.1
Benin,Plantains and others,1995,15763,927.6,244.17,29.21
Ethiopia,Cassava,2005,43649,743.2,838.8,23.49
Bolivia,"Rice, paddy",1997,13695,988.4,2779.43,21.05
Iraq,Yams,2009,20170,226.0,801.65,21.38
Benin,Cassava,2012,57233,870.0,334.02,27.48
Spain,Potatoes,1991,231030,749.9,20507.14,12.79
Sri Lanka,Wheat,2011,3524,1530.0,3167.58,26.92
Malawi,Sweet potatoes,1996,46976,1244.3,99.56,25.89
Poland,Wheat,2000,10296,503.6,15152.43,6.94
Panama,Sweet potatoes,2003,27861,2280.7,870.9,26.98
Nigeria,Potatoes,1995,53785,1294.3,1109.77,23.98
Mali,Wheat,2008,3357,314.0,370.18,27.78
Vietnam,Maize,1998,11067,1893.0,20914.55,29.88
Cambodia,Wheat,1993,1008,2201.2,355.69,29.51
El Salvador,Plantains and others,2005,35903,1876.7,1814.71,23.65
Burkina Faso,Soybeans,1999,7675,821.8,506.89,29.5
Ireland,Wheat,2001,14808,1145.1,1739.79,8.82
Kenya,Maize,1995,22563,679.4,2203.27,23.33
Peru,"Rice, paddy",2006,17949,2083.4,7798.78,20.65
Chile,Sorghum,1998,5126,617.1,5106.47,14.62
Ireland,Wheat,2010,24468,1059.4,2057.61,10.3
Germany,Wheat,1999,13995,748.8,19132.0,6.48
Belgium,"Rice, paddy",1993,18298,948.4,4455.23,10.27
Cameroon,"Rice, paddy",2004,21320,1775.6,1484.9,25.14
Indonesia,Plantains and others,2000,19814,2612.5,6128.41,25.76
Angola,"Rice, paddy",2010,13504,927.2,503.24,23.31
Morocco,Potatoes,2008,163749,321.1,3430.23,17.88
Netherlands,Sorghum,2009,7961,916.3,5132.72,9.67
Kenya,Sorghum,2007,9514,745.3,1107.82,24.94
Romania,Plantains and others,1991,9357,492.5,2862.71,10.48
Brazil,Maize,1990,47467,1272.0,258884.79,25.34
Mozambique,Potatoes,2007,51833,841.5,544.31,23.87
Peru,Maize,1999,13428,1743.6,5480.1,18.62
Turkey,Wheat,1993,30068,736.6,29373.3,17.4
Ecuador,Yams,2001,10528,2257.0,2549.33,20.47
Algeria,Maize,2010,10851,78.1,4487.58,18.7
Italy,Sorghum,2000,4420,987.4,24203.98,15.48
Japan,Sweet potatoes,2012,40276,1875.9,12339.44,14.03
Turkey,Potatoes,2011,229855,687.3,37079.86,13.89
Brazil,Sweet potatoes,1994,69540,1912.9,27362.22,25.95
India,Plantains and others,1996,47510,1127.4,16310.97,26.4
Belgium,Soybeans,1998,9225,718.5,4118.62,8.31
Belgium,Plantains and others,2011,30920,939.4,3376.27,11.64
Italy,Cassava,1997,38510,735.7,18332.92,14.1
Australia,Yams,2006,55438,497.2,15461.08,20.08
Ukraine,Sorghum,2000,3945,497.6,2759.85,6.01
"Congo, Democratic Republic of the",Sorghum,2001,1461,1893.5,101.33,24.14
Kenya,Cassava,2001,54140,740.4,1139.73,22.27
Germany,Sorghum,1994,6894,868.7,16559.64,8.3
Costa Rica,Yams,1998,35667,2038.1,3135.94,23.84
Venezuela,Yams,2009,51142,1937.4,5710.71,26.87
Algeria,Plantains and others,2003,9946,81.6,1643.11,20.4
Colombia,Sorghum,1992,3121,2987.5,15429.85,23.73
"Congo, Democratic Republic of the",Maize,1998,11066,1575.4,187.49,24.4
United Kingdom,Sweet potatoes,2002,60999,1179.9,2849.62,10.66
Japan,Wheat,1990,18466,1732.4,28559.72,15.93
Pakistan,Maize,2012,41558,513.7,25271.33,26.2
El Salvador,Potatoes,2001,51620,1561.5,2468.75,24.04
Philippines,Yams,2004,43263,1714.5,1565.33,29.83
New Zealand,Cassava,2001,47271,1411.1,336.27,11.55
South Africa,Sweet potatoes,2011,110491,461.9,2483.29,17.61
Rwanda,Soybeans,1994,5697,1259.3,151.42,17.54
Poland,Wheat,1993,8066,754.5,9391.83,8.44
Mali,Sweet potatoes,2011,52138,304.1,122.08,25.38
Bangladesh,Sweet potatoes,2004,25319,2374.3,2618.26,24.6
Mozambique,Soybeans,1996,7344,1200.9,436.52,25.5
Hungary,Wheat,1995,26424,557.0,5950.26,12.05
Nicaragua,Maize,2001,6344,2505.3,1560.61,27.05
Cuba,Plantains and others,2003,46736,1600.3,1932.02,25.5
Nicaragua,Yams,2011,18736,2626.2,538.79,27.65
New Zealand,Sweet potatoes,2002,43308,1646.3,1461.57,13.38
China,Cassava,2012,35593,729.8,773819.64,14.51
Italy,"Rice, paddy",2009,18441,1056.0,59773.22,13.59
Belgium,Plantains and others,1995,24930,728.4,2657.76,12.22
Sri Lanka,Soybeans,1991,3370,2394.1,1420.87,26.48
France,Cassava,2012,53769,772.7,27690.23,13.2
Bangladesh,Sorghum,2010,2445,2718.5,9032.82,22.79
Myanmar,Soybeans,2013,9927,1569.8,1505.2,24.94
India,Cassava,2009,77480,1106.7,14779.43,23.39
Belgium,Potatoes,1991,291583,755.6,2378.38,11.9
Thailand,Potatoes,2001,26522,1888.8,13665.27,25.81
Laos,Sorghum,1997,1834,1970.9,153.9,24.98
Mozambique,Plantains and others,1993,25414,1191.4,328.05,28.22
Bolivia,Potatoes,2005,80867,1192.6,1507.51,20.81
Afghanistan,Plantains and others,1998,2692,212.0,84.71,17.39
Afghanistan,Plantains and others,1992,1457,274.0,64.96,12.47
Iraq,Sweet potatoes,1994,58486,238.1,0,22.65
Ireland,Maize,2000,18065,1301.1,2116.03,9.89
France,Maize,1999,17511,435.4,50010.92,13.26
Cameroon,Sorghum,2011,2172,1684.7,997.92,27.0
Haiti,Maize,1999,13883,1099.0,134.68,26.75
Dominican Republic,Soybeans,2013,11297,1201.3,2620.34,25.66
Senegal,Maize,2013,22171,882.1,782.67,27.77
Cambodia,Yams,1996,21692,2106.8,278.3,28.18
Ghana,Cassava,2013,80976,1429.4,1407.92,27.3
Brazil,Maize,2009,16264,2011.7,299772.34,24.63
Chad,Plantains and others,1998,7576,539.7,111.57,27.29
Israel,Soybeans,2005,22417,433.6,3045.25,17.46
Morocco,Potatoes,2004,141063,346.5,4132.19,19.16
Argentina,Sweet potatoes,2007,50374,437.6,50293.85,14.9
Brazil,Wheat,2010,6522,1503.3,260623.66,27.67
Ireland,Sweet potatoes,2008,57753,1146.1,708.98,10.81
Portugal,Yams,2008,31206,791.6,2605.33,14.41
Egypt,"Rice, paddy",2008,8792,47.6,9895.86,22.4
Algeria,Sorghum,2000,3918,101.8,1717.76,18.25
Pakistan,Plantains and others,1993,21296,438.2,9461.33,25.47
Sudan,"Rice, paddy",2010,6309,203.1,1666.45,30.32
South Africa,Potatoes,2012,232415,489.0,8558.89,18.0
Cuba,Sweet potatoes,2004,70274,1409.4,543.89,27.94
Chad,Soybeans,1997,6683,451.1,106.35,27.46
Belgium,Sweet potatoes,2009,70378,977.2,2552.78,9.65
Pakistan,"Rice, paddy",1991,11033,322.0,14350.01,24.37
Vietnam,Sorghum,1990,3861,1859.6,9590.93,23.58
Zambia,Plantains and others,1994,22542,1019.1,361.49,22.15
Mali,Plantains and others,1993,8143,433.7,103.16,28.19
France,Sorghum,1997,5304,843.6,27982.86,12.39
Italy,Potatoes,2000,289325,717.2,27168.61,14.34
"Tanzania, United Republic of",Maize,1994,14214,1254.7,979.91,22.03
Uzbekistan,Cassava,2009,14190,252.5,1036.69,14.66
Bolivia,Sweet potatoes,1998,50623,1331.0,919.82,18.47
Zambia,Soybeans,2011,10929,1118.5,985.01,22.45
Egypt,Wheat,2000,21420,51.8,3766.35,22.27
Rwanda,"Rice, paddy",2004,5544,1055.1,292.78,17.77
Chile,Wheat,2010,36987,717.7,17958.36,16.12
Brazil,Sweet potatoes,2010,142077,1032.8,75908.86,25.41
Togo,Plantains and others,1993,17123,957.8,100.42,26.44
France,Sorghum,1991,6695,657.9,32521.45,10.21
Canada,Sweet potatoes,1996,49614,530.6,2428.48,7.92
Morocco,"Rice, paddy",2006,7957,362.9,8368.91,19.62
Ivory Coast,Potatoes,1990,20720,1745.3,1431.32,24.93
Thailand,Plantains and others,2009,64607,1364.6,18358.35,28.27
Australia,Plantains and others,2005,42049,546.2,19766.03,21.57
Thailand,Soybeans,1993,15697,1535.2,10573.03,25.78
Kazakhstan,Sweet potatoes,2013,26013,280.4,1119.49,6.98
Burundi,Plantains and others,2010,11356,1319.5,59.56,18.69
Benin,Soybeans,1997,7113,879.3,411.64,27.62
Ghana,Plantains and others,2002,45757,1174.0,1201.78,25.66
Greece,Maize,1993,14277,666.3,6436.74,14.01
Bolivia,Potatoes,2002,105351,1025.6,1891.48,19.84
Kenya,"Rice, paddy",1993,15028,649.4,1956.93,24.3
Iraq,Sweet potatoes,2007,35892,218.3,771.71,21.96
China,Sorghum,2003,4909,685.3,855543.46,13.36
Togo,Yams,1994,35258,1318.3,76.72,28.15
Bangladesh,Sorghum,2003,3627,2234.5,4480.89,27.41
Chad,Plantains and others,2006,12447,541.9,131.77,25.98
Dominican Republic,Soybeans,1998,10463,1424.9,1855.97,26.58
"Tanzania, United Republic of",Plantains and others,2005,23572,903.0,1132.58,29.52
Guinea,Yams,1994,32116,1085.1,124.0,25.77
Romania,Plantains and others,2012,18551,728.9,5824.14,9.52
Ecuador,Maize,1990,10919,1983.3,4954.69,22.44
Uzbekistan,Sorghum,2005,2987,207.9,2905.79,14.97
Senegal,Yams,2012,28976,431.6,216.96,28.16
Netherlands,Cassava,1994,53610,639.1,1282.16,11.25
Ivory Coast,Potatoes,2011,34879,1232.2,1975.6,28.32
Thailand,Potatoes,2006,46453,1408.9,23460.09,26.71
Chad,Cassava,1997,22707,447.4,55.42,25.94
Israel,Sweet potatoes,1992,117312,509.1,21.04,21.03
Ecuador,Cassava,2005,52059,2039.7,3493.73,21.65
Angola,Sorghum,1999,3684,850.6,210.46,21.39
Madagascar,Cassava,2010,47137,1776.3,204.69,25.27
Netherlands,Sorghum,2002,8412,938.5,1535.77,10.88
El Salvador,Potatoes,1991,14008,1747.4,1625.35,28.62
Panama,Wheat,2008,4443,2645.3,2354.45,25.35
Russia,Wheat,1995,7423,516.4,14002.38,4.5
Sri Lanka,Potatoes,1995,28636,1730.9,1479.48,25.13
Iraq,Maize,1997,17961,280.5,2053.76,22.28
Cuba,Yams,2002,50062,1736.6,552.87,28.29
Senegal,Sweet potatoes,1997,44134,745.1,74.76,29.67
South Africa,Maize,2005,33253,628.0,12411.53,18.32
Cameroon,Yams,1991,40080,1591.4,142.26,29.17
Australia,"Rice, paddy",1995,13088,363.4,39994.81,20.76
Nigeria,Plantains and others,2005,38076,1202.0,1569.25,27.52
Peru,Sorghum,2009,1142,1764.5,2954.75,16.36
Burkina Faso,Maize,1996,13758,799.2,572.18,29.12
"Congo, Democratic Republic of the",Sweet potatoes,2011,23868,1912.1,18.9,24.27
Israel,Potatoes,1997,284295,405.4,1422.45,20.6
Algeria,Plantains and others,2010,11253,79.6,3690.95,21.19
Jamaica,Sorghum,2013,3157,2291.7,316.02,26.79
Zimbabwe,Maize,2006,18802,677.0,1550.92,20.02
Turkey,Sorghum,2002,4414,723.6,18882.1,15.73
Iraq,Sweet potatoes,1998,60863,260.7,685.67,20.94
Egypt,Soybeans,1993,12578,61.3,5670.72,22.89
Angola,Potatoes,1991,60077,1126.7,207.59,22.53
Brazil,Sweet potatoes,1995,111170,1507.9,57373.6,26.85
Thailand,Sorghum,2012,6143,1643.9,14652.89,27.7
Costa Rica,Soybeans,2000,5319,4529.1,6434.8,22.47
South Korea,Maize,2007,18401,1333.0,20579.46,12.89
Kenya,Cassava,2000,49792,740.6,1396.59,22.6
Sierra Leone,Wheat,2004,1494,2772.2,116.57,26.44
Honduras,Maize,2005,13898,1637.8,3181.36,25.89
Hungary,Potatoes,2002,131849,588.1,6383.26,9.5
Bolivia,Sweet potatoes,2005,66219,792.2,987.86,19.47
South Korea,Maize,2010,21012,1064.4,27129.33,10.13
Afghanistan,Cassava,2007,8887,381.7,82.34,15.53
Iran,Yams,2000,17370,211.7,3307.15,19.41
India,Potatoes,1995,75217,926.1,20685.35,24.99
Thailand,Plantains and others,2013,76078,1880.4,15902.07,25.89
Paraguay,Wheat,2006,20609,1319.5,12920.47,22.03
Russia,Potatoes,2008,53445,366.6,16797.56,4.69
Romania,Yams,2009,26047,611.6,4944.07,10.99
Cameroon,Cassava,2000,52461,1798.6,421.0,25.06
Russia,Maize,2011,13018,499.2,25953.52,5.09
Uruguay,Sorghum,2005,3921,1047.7,5363.05,16.86
Germany,Sorghum,2007,6905,776.6,11364.11,12.31
Indonesia,Sweet potatoes,2006,31938,2823.7,8243.25,26.74
Colombia,Potatoes,2003,37592,2393.3,17458.3,23.34
Afghanistan,Cassava,1990,6075,346.5,19.11,14.84
Angola,Potatoes,2004,68198,1167.7,269.15,21.54
Ireland,Wheat,1990,15207,1292.7,734.75,9.78
Mexico,Wheat,1993,20478,828.6,21896.86,21.61
Honduras,Yams,2002,22755,2106.2,1181.38,25.14
Italy,Sorghum,2010,8245,558.9,27198.47,16.06
Egypt,Plantains and others,1990,14770,39.1,1264.48,26.11
France,Maize,2003,22024,733.8,73692.62,9.48
Portugal,Wheat,2012,33809,800.2,6739.94,15.16
Belgium,Potatoes,2005,324847,783.1,3758.15,12.74
Myanmar,Yams,2001,13011,2561.1,287.83,26.32
Venezuela,Sweet potatoes,2007,62146,1882.0,1673.12,24.26
Mozambique,Soybeans,1998,7646,1158.3,698.15,23.17
Portugal,Cassava,1993,43362,909.3,729.29,15.98
Greece,Yams,2003,26107,651.0,2244.54,14.67
Thailand,Cassava,2011,145468,1265.7,8716.71,27.53
Iraq,Cassava,2010,28187,198.9,1810.77,20.28
Paraguay,Cassava,1997,75400,1004.5,2870.56,23.83
Cambodia,Potatoes,1991,9124,1818.5,405.11,27.49
Mexico,Plantains and others,2005,28986,631.9,18845.92,21.56
Iran,Yams,1991,15160,231.1,3099.53,19.25
Panama,Wheat,1998,3094,2895.1,1861.06,25.83
Philippines,Maize,1999,11097,2234.8,5659.74,26.25
Malawi,Potatoes,2004,36824,1387.8,244.21,24.55
Egypt,"Rice, paddy",1999,7992,43.2,8857.41,23.06
Philippines,Sorghum,2012,3790,2146.8,4112.57,28.15
Cambodia,Soybeans,2012,9719,1310.5,806.8,26.22
Morocco,Wheat,2004,24111,421.1,5211.46,17.78
Peru,Sorghum,2011,1053,2031.4,2827.64,17.37
Ecuador,Wheat,2011,5387,2440.5,6147.02,23.35
Ireland,Potatoes,2000,100973,1302.7,2148.38,9.2
United States of America,Yams,1990,33381,760.2,22343.45,13.23
Bangladesh,Soybeans,1999,4135,2942.1,11288.23,27.09
Cambodia,Potatoes,2004,18689,1524.0,560.53,29.76
Morocco,"Rice, paddy",2012,3884,313.0,9484.8,15.63
Kazakhstan,Soybeans,2004,4582,256.9,2686.48,5.83
Thailand,Sorghum,2011,5244,1630.3,15310.19,27.69
Argentina,Wheat,2005,37029,524.9,98122.39,18.02
Japan,Sorghum,2009,2397,1827.2,28480.97,14.14
Nicaragua,Plantains and others,2011,25151,2374.9,1275.37,24.8
Hungary,Maize,1995,16497,630.8,7759.99,10.6
Iraq,Cassava,2009,38475,219.8,442.11,22.93
Portugal,Maize,2008,16855,1025.9,7670.97,14.01
Angola,Sorghum,1995,3972,1083.4,84.32,22.41
Laos,Maize,1999,7165,1934.9,309.68,24.5
Turkey,Potatoes,2007,192648,684.0,34355.72,14.47
Rwanda,"Rice, paddy",2002,6506,1231.0,202.42,18.05
Turkey,Plantains and others,2013,16244,736.9,28752.69,12.8
United Kingdom,Wheat,2008,36178,993.2,14716.59,11.7
South Africa,Wheat,1991,29609,501.4,4945.94,16.5
Belgium,Yams,1995,42819,879.7,2636.28,10.39
United States of America,Yams,2011,37056,607.9,130734.84,13.59
Indonesia,Potatoes,1995,14523,2146.9,12180.01,26.67
"Congo, Democratic Republic of the",Plantains and others,2013,20447,1812.8,159.26,25.25
Nicaragua,Soybeans,2011,3635,2615.8,1626.22,23.76
Paraguay,Sweet potatoes,1990,84141,1332.8,3123.41,23.68
Cuba,Plantains and others,2013,49009,1276.4,2801.03,26.51
"Congo, Democratic Republic of the",Wheat,1993,4333,1347.1,137.68,24.23
Argentina,Soybeans,2001,17598,675.1,161983.5,17.15
Canada,Sweet potatoes,2010,59706,517.2,23132.79,6.51
Argentina,Sweet potatoes,2004,68268,563.9,59741.43,15.25
Turkey,Plantains and others,2001,12343,587.4,17615.89,13.77
Malaysia,Cassava,2000,56157,2215.9,8420.04,27.97
Afghanistan,Plantains and others,2009,2665,374.5,89.09,13.44
Italy,"Rice, paddy",2004,17808,773.0,54718.83,13.16
Honduras,Sweet potatoes,2003,26532,2088.8,1251.59,25.03
New Zealand,Cassava,2008,52430,1304.1,1291.3,13.54
Angola,Sweet potatoes,2010,53543,1138.5,149.97,21.45
Benin,Sweet potatoes,1997,26437,987.0,0,29.25
Zambia,Soybeans,1992,8534,841.9,452.57,20.51
Jamaica,"Rice, paddy",2008,22997,1846.5,1222.45,24.86
Honduras,Sorghum,2003,2623,2270.9,1038.89,27.82
Portugal,Yams,2001,28260,775.1,1852.91,16.45
Norway,Soybeans,2009,5593,1667.7,766.77,4.86
Saudi Arabia,Plantains and others,2003,18175,65.3,1775.59,26.76
Canada,Sweet potatoes,1998,57591,608.2,29811.33,3.15
Japan,Sorghum,1991,2163,1744.7,21432.73,12.84
South Africa,Sweet potatoes,1991,63983,509.8,100.6,16.63
"Tanzania, United Republic of",Potatoes,2011,61009,1210.6,1541.82,23.3
Honduras,Maize,2012,14512,1879.0,2956.84,25.09
Egypt,"Rice, paddy",1994,8187,60.1,5051.28,22.63
North Korea,"Rice, paddy",2003,6815,1042.0,865.89,11.08
Iran,Soybeans,2012,13682,178.4,17146.1,19.0
Uruguay,Sorghum,1995,3586,1084.2,3601.41,15.16
Israel,Cassava,1992,93839,437.8,1917.86,22.9
Guinea,Sorghum,2001,1927,2113.6,165.54,26.56
Burkina Faso,Plantains and others,2006,18433,854.0,402.32,24.99
India,Potatoes,2013,80732,1170.7,37898.51,24.27
Indonesia,Potatoes,1990,15643,2785.2,12330.88,29.08
Afghanistan,Yams,2001,8300,353.2,17.97,15.4
Ethiopia,Sorghum,2012,4854,987.0,996.36,20.98
Portugal,Yams,2009,33710,836.4,1792.07,14.88
Ethiopia,Maize,2002,19536,1213.9,1400.9,22.11
Ecuador,Wheat,2010,6227,1853.3,9108.95,22.71
Algeria,Sorghum,1993,3249,114.5,1709.13,18.14
Costa Rica,Sorghum,2012,3729,2695.1,3457.63,24.39
Angola,Potatoes,1993,30344,980.3,192.17,24.35
Thailand,Potatoes,2003,20302,1912.3,17534.02,28.79
Senegal,Sorghum,1993,5358,757.8,180.26,25.45
Ghana,Sweet potatoes,1990,61548,1125.4,561.98,28.04
Iran,Soybeans,2013,14227,290.0,14159.4,20.43
Uruguay,Yams,2003,26189,853.9,2771.27,14.51
Indonesia,Soybeans,1996,5351,2996.9,17291.29,26.77
Chad,Soybeans,2005,8364,627.3,157.04,25.31
Costa Rica,Sorghum,2009,4406,2725.9,4233.65,24.1
Portugal,Wheat,2004,31253,728.2,4313.65,13.73
Sri Lanka,Soybeans,2008,6340,1744.3,3791.85,27.52
Canada,Sorghum,2005,5975,429.2,22776.1,4.01
Togo,Soybeans,1992,6355,1221.8,95.91,26.45
Iraq,Cassava,1995,23800,226.8,925.94,20.96
Russia,Sweet potatoes,2011,39841,495.5,9511.16,7.66
Niger,Cassava,1994,15036,200.9,91.82,27.9
Guinea,Yams,2011,27025,1904.7,235.62,25.22
Peru,Maize,2005,9522,1861.9,6733.26,16.61
Czech Republic,Sorghum,1996,6150,737.5,2807.94,9.41
Romania,"Rice, paddy",1991,10537,782.2,5693.56,11.83
Japan,Soybeans,2003,16386,1661.4,40058.26,17.57
Colombia,Yams,2013,20254,3069.3,16178.04,21.9
Dominican Republic,"Rice, paddy",2007,20692,1439.7,3118.88,28.46
Philippines,Sorghum,2001,3200,2536.8,1944.73,26.77
Spain,Maize,2011,39212,695.1,41342.86,17.82
"Congo, Democratic Republic of the",Cassava,2008,50490,1033.7,94.36,26.55
Benin,Sweet potatoes,2004,43301,955.0,193.63,30.11
China,Sorghum,1993,5999,535.8,389664.69,16.54
"Congo, Democratic Republic of the",Plantains and others,2001,17286,1524.7,149.92,22.38
India,Cassava,2001,81013,1323.4,7658.11,24.41
Venezuela,Sweet potatoes,2005,76907,1769.2,5235.92,23.1
Japan,Sweet potatoes,2010,74895,1520.7,15073.15,15.29
Thailand,Potatoes,2008,38275,1653.5,20349.76,28.27
Poland,Wheat,1992,7523,572.6,10624.05,8.56
Cuba,Yams,2012,56129,1565.5,1533.55,26.61
Madagascar,Plantains and others,1998,29685,1307.4,216.16,25.06
Turkey,Plantains and others,2011,10528,525.9,36453.64,12.94
Venezuela,Soybeans,2008,6734,1894.4,8990.37,22.26
South Korea,Maize,2002,10074,1617.8,22388.66,12.17
Kazakhstan,Potatoes,2000,52570,227.6,1644.82,8.83
Morocco,Cassava,1992,15959,345.8,896.36,17.39
Senegal,Cassava,2000,50412,618.2,212.69,28.86
Honduras,Sorghum,2009,3054,2147.7,1272.68,26.0
Chad,Wheat,2011,2279,442.0,126.27,27.47
Colombia,Yams,1990,19736,2799.7,4004.09,25.55
Mexico,Potatoes,2009,167426,699.2,27767.94,21.3
Ecuador,Sorghum,2005,1963,1812.9,3807.4,19.85
Egypt,Plantains and others,1992,13516,46.5,3124.64,24.82
Uruguay,Sweet potatoes,1997,63955,1325.7,996.39,15.65
Poland,Potatoes,1994,59941,574.4,8165.91,7.6
Indonesia,Sweet potatoes,1994,31783,2040.6,3005.14,26.99
Indonesia,Sorghum,2000,3743,2727.5,11502.36,27.16
Afghanistan,Soybeans,2011,2049,371.5,169.59,14.09
Paraguay,Plantains and others,2011,55022,920.0,9767.95,23.68
Iraq,Soybeans,2003,13080,184.2,1971.53,23.31
Sierra Leone,"Rice, paddy",2011,12499,2107.3,219.48,29.55
Belgium,Maize,2003,18339,647.8,5329.66,8.61
Togo,Yams,1997,30955,1651.1,68.5,26.66
France,Cassava,2006,50464,656.2,26266.78,13.33
Algeria,Plantains and others,2007,4495,72.6,3107.53,17.16
Cuba,Maize,1991,22747,1410.7,2550.72,24.63
North Korea,"Rice, paddy",2013,8773,1130.3,1230.5,11.84
United States of America,Yams,2009,41159,838.2,104320.27,10.43
Benin,Sweet potatoes,1991,26815,936.2,43.63,30.5
Cambodia,Potatoes,1998,29079,1648.1,511.64,25.01
Belgium,"Rice, paddy",2008,19542,942.7,7727.15,9.32
Panama,Yams,2001,14935,2790.4,187.48,25.25
Iran,"Rice, paddy",1992,2949,140.6,9971.31,17.94
Burundi,Yams,1990,6806,1019.1,24.41,18.15
India,Cassava,2011,91602,1188.6,23925.26,25.03
Hungary,Potatoes,1991,101649,751.6,5150.85,8.56
Italy,Wheat,2008,45254,699.5,48973.46,13.69
Japan,Wheat,2013,12931,1859.0,47539.05,14.92
Russia,Potatoes,1998,40420,493.4,12709.1,3.76
Brazil,Maize,2000,32665,1703.6,299185.14,25.16
Egypt,Cassava,2005,23569,40.5,3993.51,19.93
Saudi Arabia,Cassava,2005,37966,67.5,1587.64,25.57
Mexico,Maize,2004,41422,744.8,41671.7,19.74
Saudi Arabia,Plantains and others,2012,22172,63.1,3477.81,26.0
"Congo, Democratic Republic of the",Wheat,1996,4155,1433.7,128.04,25.03
Bolivia,Sorghum,2002,5310,1154.1,600.16,22.74
Mexico,Maize,2005,37665,737.5,44842.36,20.13
Paraguay,Sweet potatoes,2010,99593,1448.2,4843.33,23.51
"Tanzania, United Republic of",Maize,1990,18004,1470.5,690.26,23.38
Indonesia,Sweet potatoes,1993,27992,3041.8,901.33,28.78
United States of America,Yams,2006,38234,694.7,147697.34,11.16
Paraguay,Wheat,2004,12224,1196.7,8450.51,24.57
Zambia,Yams,2011,29085,914.0,374.3,22.99
Burundi,Wheat,2011,11811,1007.8,75.23,20.49
Sierra Leone,Sweet potatoes,2003,10852,2592.7,52.01,28.46
Netherlands,Plantains and others,2005,33534,1007.2,3511.18,10.84
Uzbekistan,Maize,2012,7189,205.4,7984.03,13.35
Greece,Cassava,2000,33031,845.6,4183.97,16.59
Burundi,Soybeans,1996,6679,1233.2,57.11,22.15
Spain,Maize,2005,21871,463.0,38421.51,15.85
Burundi,Yams,1999,20996,1555.6,24.05,22.06
Guatemala,Potatoes,1998,13062,2191.2,2474.66,25.96
Guinea,Cassava,2013,43653,1835.9,159.01,24.74
Hungary,Cassava,1999,29388,549.2,2489.74,10.6
Mozambique,Plantains and others,2009,28646,1321.9,382.75,24.93
Peru,"Rice, paddy",1993,11809,1465.0,5716.92,19.23
United Kingdom,Plantains and others,1994,26338,1027.0,6835.9,10.43
Kenya,Cassava,1991,29521,616.8,503.95,19.39
Thailand,Plantains and others,1993,66305,1176.8,11488.42,27.29
France,Soybeans,1998,10645,598.6,47972.5,12.03
Togo,Plantains and others,2004,26098,1046.1,129.0,27.19
Portugal,Wheat,1995,29292,1041.7,2761.78,17.08
Italy,Sorghum,2007,7591,928.9,30631.64,13.72
El Salvador,Sweet potatoes,2009,58192,1641.9,1060.3,23.4
Togo,"Rice, paddy",1992,12389,818.6,274.86,29.11
Dominican Republic,Soybeans,1995,10565,1444.9,1257.04,26.58
Nicaragua,Sorghum,1996,2453,2466.2,631.78,24.79
Ecuador,Soybeans,2006,5348,2395.0,7555.16,23.84
Afghanistan,Sweet potatoes,2007,12374,286.4,58.76,15.22
Iraq,Plantains and others,1997,10803,189.7,1338.07,22.88
Brazil,Plantains and others,2012,82938,1586.3,211364.71,25.92
"Tanzania, United Republic of",Sweet potatoes,2013,63408,1149.7,157.55,24.32
Venezuela,Sweet potatoes,2008,28312,2449.6,3258.77,24.07
Guatemala,Soybeans,2004,8662,1705.3,2708.47,24.2
Bolivia,Yams,2009,48252,1097.1,870.53,24.16
Norway,Sweet potatoes,2012,41579,1687.2,88.15,4.17
United Kingdom,Sweet potatoes,2005,59022,1371.8,4065.27,9.53
Australia,"Rice, paddy",2006,24292,462.0,43949.09,21.21
Vietnam,Sorghum,1992,3377,2302.3,18682.37,27.27
"Tanzania, United Republic of","Rice, paddy",2013,21190,977.4,2597.04,25.79
Sri Lanka,Soybeans,2013,12411,1364.9,4658.36,25.26
Australia,Plantains and others,2006,24815,468.6,30668.36,19.79
Nicaragua,"Rice, paddy",1993,12490,2306.8,1149.07,26.79
Kenya,Plantains and others,1993,22446,676.3,168.69,23.73
Turkey,Wheat,2012,37690,641.1,35229.83,14.93
Laos,Sweet potatoes,1998,36728,1587.9,73.07,25.31
Turkey,Soybeans,2004,6920,652.5,30241.69,13.22
Saudi Arabia,Cassava,2003,38147,62.3,2101.15,28.26
Italy,Wheat,2003,34870,708.8,39104.26,13.58
Ethiopia,Plantains and others,1999,18117,818.7,860.93,21.31
Angola,Wheat,2003,9312,1148.2,313.92,22.78
Venezuela,Yams,2008,51769,1726.7,2796.22,27.66
Jamaica,Soybeans,1994,10451,1454.3,526.2,23.39
Colombia,Plantains and others,1993,35191,2305.1,10013.45,22.96
Haiti,Yams,2009,25614,1471.3,51.01,24.55
Jamaica,"Rice, paddy",2007,19422,2068.1,975.38,25.04
Haiti,Soybeans,2000,7474,1466.3,127.44,24.51
Mali,Sweet potatoes,1993,28404,368.9,0,30.21
Ivory Coast,Sorghum,1996,6859,1075.6,1359.13,27.86
Spain,Potatoes,2012,285673,579.8,33481.65,15.67
Panama,Sweet potatoes,2010,40600,2982.3,1080.26,26.91
Romania,"Rice, paddy",1998,8619,596.8,8097.98,9.44
Algeria,Maize,2008,20357,88.4,4193.2,19.84
Cameroon,Yams,2012,40228,1473.4,634.38,23.88
Sudan,Cassava,2012,36434,246.7,551.31,26.43
Iraq,Plantains and others,2001,9526,235.9,1332.99,24.44
Malawi,Maize,2005,18572,1259.3,323.93,20.86
Chad,Soybeans,2001,7587,335.7,156.83,26.26
Philippines,Cassava,2003,24056,2535.0,3023.25,27.2
Argentina,Soybeans,2010,11776,591.4,141409.83,15.27
Turkey,Plantains and others,1991,14606,893.7,21407.22,12.32
Ivory Coast,Sorghum,1995,5337,1366.3,1016.66,26.74
Pakistan,"Rice, paddy",1998,16019,527.0,18091.97,22.93
Niger,Potatoes,1996,19448,276.3,137.08,26.25
Sri Lanka,Sorghum,2001,2879,2368.1,2124.92,29.77
Czech Republic,Sorghum,1998,4959,562.0,4092.07,5.14
China,Cassava,2003,39825,612.9,312178.67,12.59
Venezuela,Maize,2007,20436,1720.5,11093.36,24.78
Ecuador,Sorghum,1999,3053,1839.9,3933.62,22.37
Algeria,Plantains and others,2008,6022,90.9,3153.75,17.97
Madagascar,Plantains and others,2009,25459,1251.5,285.47,23.24
Venezuela,Plantains and others,1998,40021,1653.0,6004.91,26.67
Ukraine,Soybeans,2006,7267,511.5,11058.97,7.67
Netherlands,Sorghum,1990,7001,886.7,3072.48,9.22
Indonesia,Cassava,1997,31984,2826.6,931.1,24.6
Hungary,Yams,2005,26894,556.1,3638.09,10.5
Spain,Wheat,1995,42215,614.0,18580.43,15.14
Angola,Cassava,2001,34750,923.6,167.45,21.61
India,Maize,2010,33073,1260.7,50613.65,22.76
Chile,Maize,1991,11539,701.3,9019.88,12.79
Burundi,Wheat,2008,10597,1272.7,77.95,21.06
Hungary,Sweet potatoes,2009,42986,520.1,3565.54,9.24
Peru,Wheat,1997,10739,1643.7,4746.94,17.53
Ecuador,Wheat,1996,5633,1883.3,5010.08,22.69
Burkina Faso,Soybeans,1996,8222,741.8,480.11,29.16
Colombia,Potatoes,1995,26444,2747.6,14912.96,23.61
Burundi,Soybeans,1994,3779,1403.4,41.88,17.39
Mexico,"Rice, paddy",2000,21360,878.7,36867.62,21.04
Sri Lanka,Sorghum,2009,4692,1605.3,2228.62,25.75
Afghanistan,Sweet potatoes,1998,16722,336.5,37.39,16.28
Romania,Yams,1996,22169,549.1,1874.62,11.61
Togo,Cassava,2001,38955,1291.0,94.49,28.81
Cameroon,Soybeans,1998,8891,1253.4,865.24,27.09
Uzbekistan,Soybeans,2006,4205,226.0,6884.93,12.53
Ethiopia,Cassava,1995,43753,836.2,752.1,23.11
Burkina Faso,Plantains and others,1991,9798,670.9,178.41,29.11
Burundi,Soybeans,1990,5785,1255.2,36.03,22.33
"Congo, Democratic Republic of the",Plantains and others,2004,23402,1438.8,137.44,24.44
Ecuador,Plantains and others,2010,53515,1922.7,6303.53,23.34
Philippines,Maize,1995,9448,2386.5,4456.18,25.81
China,Cassava,2007,35021,589.7,662724.88,14.36
Rwanda,Sorghum,1999,2020,977.9,105.35,18.08
Mali,Maize,1992,11977,305.1,245.46,29.25
Bangladesh,Sorghum,2012,3686,2491.5,9467.76,25.75
Italy,Wheat,1998,29940,729.1,34761.31,12.63
Dominican Republic,Soybeans,2000,14353,1263.0,1597.46,26.32
Guatemala,Soybeans,2003,10887,1408.0,3549.04,26.14
Israel,Sweet potatoes,2006,166249,337.1,333.99,21.41
Jamaica,Soybeans,2010,4897,2017.7,995.59,25.99
Burkina Faso,Maize,2007,19744,642.8,670.22,26.73
Afghanistan,Cassava,2011,9198,398.4,105.48,15.6
Poland,Potatoes,2012,153184,587.1,14492.71,9.44
Argentina,Sweet potatoes,1993,104572,593.6,35879.8,17.54
Italy,Wheat,2009,38751,774.3,31789.35,15.78
Costa Rica,Yams,1995,20875,2855.4,775.53,25.12
Italy,Cassava,1990,46020,715.6,9746.2,15.17
Mozambique,Yams,2000,26619,958.8,178.41,26.33
Hungary,Plantains and others,2003,13263,440.6,6391.68,10.08
Saudi Arabia,Soybeans,2013,14353,58.6,4448.23,26.8
Morocco,Wheat,2002,22781,322.4,4652.78,18.44
Mexico,Sweet potatoes,2004,131241,1070.8,6554.9,21.82
Rwanda,Yams,2004,13737,1270.7,75.6,19.14
United Kingdom,Sweet potatoes,2003,49571,1284.5,4942.1,11.74
Mozambique,Sorghum,1996,4820,816.9,279.99,26.67
Uruguay,Sorghum,2011,4833,1239.8,6490.8,15.24
Chile,Wheat,2003,24610,744.5,13545.37,12.19
Hungary,Maize,1990,12155,601.5,7435.29,9.78
Czech Republic,Potatoes,1996,83898,588.4,4243.46,7.71
Chad,Soybeans,1999,4591,420.9,121.08,28.54
Cuba,Soybeans,1993,10438,1325.0,1469.65,25.62
Malawi,Potatoes,1993,54266,1531.0,255.96,21.79
Portugal,Plantains and others,2000,16052,802.0,4515.52,14.32
Senegal,Cassava,2003,36294,561.2,213.9,27.1
Romania,"Rice, paddy",2006,9571,686.2,8667.21,11.42
Bangladesh,"Rice, paddy",2003,7958,2802.6,16608.02,24.82
France,Wheat,1993,30425,821.1,43415.23,12.57
Togo,Plantains and others,1994,22587,1233.2,116.0,25.97
Niger,Cassava,2000,26120,233.0,58.29,29.3
Zimbabwe,Sorghum,2004,7958,673.8,724.94,23.06
Uzbekistan,"Rice, paddy",1994,2834,236.9,5007.02,14.17
Ireland,Cassava,2011,69826,1310.8,807.79,11.06
South Korea,Plantains and others,1992,16419,901.9,9537.55,13.93
Ireland,Yams,1994,30044,1224.1,871.81,11.01
Sri Lanka,Wheat,2010,1961,2238.7,3876.58,28.42
Israel,Cassava,1998,53055,405.4,2060.29,18.77
Guatemala,Cassava,1999,36220,2120.4,1295.18,23.3
Cameroon,Sweet potatoes,1995,27768,1939.5,0,25.99
Cambodia,Potatoes,1995,20076,1743.2,531.08,25.09
Pakistan,Potatoes,2001,79531,354.3,13069.96,24.18
Chad,"Rice, paddy",1993,6183,349.5,143.33,26.38
Myanmar,Wheat,1991,1137,2321.0,389.24,27.36
Madagascar,Soybeans,2013,10246,1402.8,526.12,23.89
Guatemala,Potatoes,1995,23627,2056.8,2089.88,22.98
Panama,"Rice, paddy",2004,8584,3049.3,2158.48,26.57
Burundi,Potatoes,1992,60879,1197.2,48.76,19.94
France,Wheat,2002,32784,866.0,33234.28,14.0
Greece,Maize,2001,14251,647.2,9008.75,14.04
Portugal,Plantains and others,2011,19800,841.1,4321.16,15.32
Iraq,Plantains and others,1999,8788,204.9,1658.99,19.9
Cameroon,Cassava,1993,43470,1760.5,305.77,23.8
Rwanda,Yams,1996,17951,984.7,39.32,19.81
Portugal,Maize,2004,18749,665.9,5993.82,15.96
Sri Lanka,"Rice, paddy",1996,25801,1867.7,4237.88,28.23
Ireland,Wheat,1991,6082,1678.3,1405.51,9.47
Saudi Arabia,Plantains and others,2005,22278,53.4,3329.99,26.65
South Africa,Soybeans,1999,11767,491.0,10909.69,17.79
Madagascar,Plantains and others,1995,23222,1539.4,144.18,23.76
Nigeria,Sorghum,1991,6100,957.2,1311.19,24.99
Netherlands,Cassava,1998,48688,770.1,3066.13,11.41
Algeria,Sorghum,2006,4090,94.2,1617.85,18.14
Sierra Leone,Soybeans,2012,1954,2183.6,172.56,28.77
Australia,Plantains and others,2000,46631,616.5,23277.44,21.74
Belgium,"Rice, paddy",2007,19708,960.7,7215.92,8.96
Ecuador,Maize,1998,8475,2264.1,7735.43,21.44
New Zealand,Potatoes,2009,211119,1199.4,2638.77,12.19
South Korea,Plantains and others,2008,30166,1416.5,14658.44,15.16
Ethiopia,Sorghum,2006,6037,1026.9,870.28,22.26
Thailand,Soybeans,2010,14618,1612.7,27580.89,26.66
Mali,"Rice, paddy",2001,7815,353.8,432.24,29.43
Italy,"Rice, paddy",1994,12041,757.6,41121.56,17.15
Benin,Cassava,1991,49522,1112.6,133.11,29.17
Cambodia,Sorghum,2003,2386,1980.2,368.02,28.13
Burkina Faso,Wheat,1993,3215,886.3,427.29,27.64
Turkey,Wheat,1991,24829,604.4,16137.3,14.52
Mozambique,Plantains and others,1991,17480,855.0,410.14,23.64
Poland,Potatoes,1993,59576,621.6,7425.56,7.64
Turkey,Soybeans,2008,6898,506.3,43513.17,13.09
Netherlands,Wheat,2005,41840,774.5,4758.87,11.02
Turkey,Cassava,2009,30353,636.4,22184.85,16.72
Burkina Faso,Wheat,2002,3336,840.8,427.54,28.86
Sierra Leone,"Rice, paddy",2013,8206,2384.4,213.35,27.58
Argentina,Sweet potatoes,2011,85088,522.9,22311.99,15.99
Portugal,Potatoes,1993,221360,881.7,3901.28,14.42
Jamaica,Wheat,2012,2207,2243.6,960.14,27.87
Peru,Sweet potatoes,2000,28478,2033.0,1761.87,18.31
Afghanistan,Plantains and others,1991,1879,339.0,42.98,16.47
Uruguay,Sorghum,1993,3175,1328.3,4397.13,14.48
Zimbabwe,"Rice, paddy",1991,9489,519.8,1026.51,21.55
Argentina,Wheat,2010,40898,594.5,125429.25,17.16
Mali,Wheat,1993,7345,421.3,181.6,25.11
Guatemala,Potatoes,2008,33463,1954.9,3292.7,22.3
Sri Lanka,Potatoes,1997,11348,2161.0,1785.68,28.21
Japan,Sweet potatoes,1999,67255,1963.3,11437.71,17.24
Egypt,Maize,2000,27015,63.1,7913.59,23.79
Indonesia,Cassava,2012,29188,2619.7,9001.71,25.56
Kenya,Cassava,2013,44350,521.8,1174.85,20.68
Indonesia,Potatoes,2008,16801,2472.8,18432.91,28.39
Sri Lanka,Potatoes,2009,15081,2467.3,4009.86,25.81
Guinea,Maize,2007,13436,1173.5,331.53,26.21
New Zealand,Potatoes,2011,162911,1704.3,3800.03,14.46
Sri Lanka,Potatoes,2011,30779,1566.0,2875.86,28.28
Senegal,Maize,2009,16814,765.4,618.78,29.08
Togo,Potatoes,1994,14633,1366.9,117.39,27.52
Ecuador,Sorghum,1992,2872,2070.6,2362.54,22.37
Indonesia,Sorghum,2007,4040,2690.4,11510.8,29.23
North Korea,Soybeans,2001,3334,1123.3,702.54,10.23
Kazakhstan,Potatoes,1997,61788,258.3,1399.96,9.22
Burkina Faso,Plantains and others,2013,22473,863.8,435.5,28.01
Denmark,Sweet potatoes,1996,53520,624.7,828.86,10.03
Portugal,Plantains and others,1994,21322,1032.9,2882.11,15.79
Chile,Plantains and others,2007,18975,702.6,12673.71,12.35
Sri Lanka,"Rice, paddy",1991,17696,1995.2,2842.3,26.25
Portugal,Potatoes,2011,254999,457.3,4405.22,14.39
Guatemala,Potatoes,1992,23205,2446.7,1667.4,22.16
Ghana,"Rice, paddy",2006,30562,1113.9,2281.05,28.22
Spain,Soybeans,2006,11142,669.9,38269.24,14.78
South Africa,Wheat,1998,32074,563.1,8859.31,17.49
Chile,"Rice, paddy",2004,11727,661.6,18656.24,10.83
Malaysia,Plantains and others,2010,23490,3045.5,16571.86,28.16
Haiti,Maize,1990,12513,1257.0,74.07,25.67
Egypt,Wheat,1994,21592,44.2,4658.13,19.56
Cambodia,Sorghum,2011,7362,1274.9,466.62,26.42
Mali,Plantains and others,2000,9127,418.6,191.04,28.59
France,Soybeans,2000,11016,590.4,37635.26,13.5
Angola,Potatoes,2011,51228,1041.4,338.51,23.64
Sri Lanka,Wheat,1996,2810,1710.9,2655.74,27.59
Algeria,Plantains and others,2012,12222,93.0,3221.53,21.02
Italy,Soybeans,1998,9811,683.5,34648.29,11.66
China,Soybeans,2004,13764,542.6,1342506.31,15.39
Paraguay,Cassava,2008,82948,1019.2,7275.07,24.88
Hungary,Sweet potatoes,2001,53532,612.1,831.28,10.74
"Congo, Democratic Republic of the",Plantains and others,1992,16721,1786.0,93.35,24.22
El Salvador,Cassava,1993,52857,1633.0,491.69,23.64
Honduras,Maize,2006,9279,1957.7,2304.35,27.04
Burundi,"Rice, paddy",1998,4777,1424.3,80.62,18.64
Mexico,Maize,1996,41979,737.3,21415.72,21.48
Angola,Sweet potatoes,2001,56104,1309.7,244.61,23.54
Cambodia,Soybeans,1997,4255,1758.9,579.48,27.37
Germany,Wheat,1990,23763,777.3,11813.33,10.72
Hungary,Wheat,2013,28789,500.6,6067.59,11.17
Romania,Plantains and others,2005,12964,683.1,5857.94,10.73
Romania,"Rice, paddy",2010,11504,774.4,12108.41,11.25
Cuba,Maize,2012,25406,1553.7,4824.22,26.08
India,Maize,1999,34170,1183.2,36277.69,25.1
Ukraine,Maize,2006,12808,570.9,14719.77,9.25
Ireland,Cassava,2002,59068,1355.6,443.46,8.77
Germany,Maize,2011,22319,815.9,34686.22,9.16
Mozambique,Plantains and others,2005,25269,998.8,516.42,24.65
Malaysia,Plantains and others,1997,19827,3284.9,16692.27,28.56
Nigeria,Potatoes,1999,38396,1095.0,1457.09,25.96
Poland,Sorghum,2005,5814,721.9,8440.58,5.1
Niger,Wheat,1997,3021,285.4,171.33,28.39
Kenya,Yams,2013,36154,691.0,1703.39,22.45
Czech Republic,Sweet potatoes,1998,47888,601.5,1755.3,9.48
Afghanistan,Sorghum,2007,1699,328.0,81.24,17.01
Rwanda,Maize,2006,12458,1081.7,214.86,18.99
Guatemala,Plantains and others,2001,35054,2112.7,2720.98,24.44
Guatemala,Potatoes,2009,15870,1971.2,3795.16,25.57
Laos,Maize,2013,6033,2100.6,385.71,27.88
Angola,Wheat,2006,12669,988.4,394.37,21.52
Myanmar,Sorghum,1994,2389,2609.6,502.9,24.82
Ghana,Maize,2012,33864,1084.2,2865.92,28.5
Kazakhstan,Sorghum,2009,2801,179.6,1375.91,6.67
Ecuador,Yams,1991,22455,2007.6,3273.33,22.07
Egypt,Wheat,2011,19485,49.0,7270.8,21.83
Pakistan,Yams,1996,35306,443.8,4733.48,22.81
Jamaica,"Rice, paddy",1998,9771,2412.1,861.89,24.5
Argentina,"Rice, paddy",2012,12863,592.6,267989.55,15.38
Niger,"Rice, paddy",2000,6092,254.2,235.6,28.44
Myanmar,Wheat,1995,3607,2103.6,603.38,24.1
"Tanzania, United Republic of",Maize,2001,19520,1150.2,1653.4,22.71
Honduras,Plantains and others,2003,30810,2088.8,1435.11,25.64
Afghanistan,Yams,2013,5801,310.7,46.95,16.34
Morocco,Soybeans,2003,7907,305.5,4683.08,16.83
Brazil,Plantains and others,1994,55109,1978.7,127891.1,22.77
Argentina,Potatoes,1996,222362,750.9,72440.45,16.22
Pakistan,"Rice, paddy",2004,11536,428.1,20707.68,23.53
Dominican Republic,Plantains and others,2007,39027,1374.4,1774.63,28.81
El Salvador,Sorghum,1992,6546,1128.7,1187.97,25.44
Thailand,Potatoes,2004,77088,1663.0,17006.92,23.03
Spain,Sweet potatoes,2008,64682,533.8,11763.58,14.64
Nepal,Soybeans,2001,6703,1568.9,113.42,23.68
"Congo, Democratic Republic of the",Sorghum,2004,1723,1577.4,92.77,24.58
Czech Republic,Wheat,1994,12613,789.1,4314.31,8.95
Zambia,Plantains and others,2013,28822,1054.2,390.63,22.87
Japan,Sorghum,1990,1770,1925.6,11876.95,16.68
Burundi,Plantains and others,2000,10843,1316.6,45.52,17.69
France,Cassava,2008,53710,806.7,27274.47,11.85
Pakistan,Maize,2006,39560,598.2,19260.48,26.52
Cuba,Yams,1990,52914,1228.2,259.57,26.36
Brazil,Plantains and others,2000,62161,1899.1,137424.36,24.73
Nicaragua,Plantains and others,2001,21574,2406.4,825.28,26.69
El Salvador,Sorghum,1993,3057,1683.7,878.35,26.5
Spain,Wheat,1996,38389,517.6,25235.14,15.71
Afghanistan,Plantains and others,1997,1702,343.8,61.23,14.68
Dominican Republic,Plantains and others,1994,40681,1205.9,819.88,26.99
Portugal,Cassava,1997,39831,821.6,3336.28,15.26
Mozambique,"Rice, paddy",2005,8650,827.7,825.95,22.75
"Congo, Democratic Republic of the",Wheat,1990,2454,1563.8,67.56,24.99
New Zealand,Sweet potatoes,2004,43291,1417.5,763.45,10.86
South Africa,Plantains and others,2004,15801,455.5,7678.87,18.68
Kenya,Maize,2003,26544,587.7,1801.02,24.11
Indonesia,Sweet potatoes,2011,41696,2987.7,9296.15,23.99
El Salvador,Sorghum,2006,2202,2164.1,2285.66,21.86
Iraq,Soybeans,2002,8827,174.9,1912.58,23.36
Brazil,Sweet potatoes,2000,105651,1681.9,23758.08,25.43
Morocco,Potatoes,2009,144728,348.6,5722.66,20.13
Hungary,Potatoes,1990,67449,690.3,4432.72,8.13
Turkey,Potatoes,2010,186735,668.4,25770.19,15.19
El Salvador,Yams,2002,39978,1621.9,1118.21,26.25
Nicaragua,Plantains and others,1992,23600,2277.7,773.85,26.47
Indonesia,Cassava,2003,31309,3484.9,9037.17,26.43
Burkina Faso,Maize,2003,16615,613.6,652.23,29.45
Kenya,Wheat,1993,12203,651.1,609.39,23.77
Iran,Sorghum,1991,6805,282.5,614.58,20.87
Belgium,Yams,1999,29238,872.1,1695.84,10.8
Bangladesh,"Rice, paddy",1999,9058,2923.1,13118.58,24.6
Pakistan,Yams,2010,39974,418.2,6164.87,23.87
Laos,Soybeans,1996,4811,1619.6,257.71,27.79
Algeria,Potatoes,1998,88653,98.9,2352.34,20.81
Uzbekistan,Sorghum,1991,2229,188.5,2874.19,14.77
Ecuador,Maize,2006,11240,2378.9,8341.88,22.65
Paraguay,Plantains and others,2006,44240,1283.2,7480.84,22.65
Guinea,Soybeans,2006,7848,1399.3,242.35,27.48
Togo,Potatoes,1990,18188,990.7,106.19,28.04
Iraq,Cassava,1996,24740,192.3,290.15,21.27
Honduras,Yams,1990,18860,2032.0,207.72,22.33
Bolivia,"Rice, paddy",2011,16310,945.4,3324.06,21.35
Jamaica,Cassava,1992,19840,2641.5,453.68,28.26
Honduras,Plantains and others,2013,39732,1930.1,1460.29,26.4
Russia,Maize,1992,8269,445.9,13227.47,5.19
Honduras,Maize,1998,15910,1736.7,1947.18,25.06
Indonesia,Soybeans,2007,5737,2729.1,17266.62,26.64
Cambodia,Cassava,2004,60097,1692.5,320.67,25.22
Haiti,Plantains and others,1991,21611,1408.5,35.94,24.63
Zimbabwe,"Rice, paddy",2000,9714,680.9,1591.65,20.21
China,Cassava,1997,41021,724.6,649001.79,13.7
Cambodia,Soybeans,1991,4556,1768.5,440.06,26.73
Austria,Soybeans,2004,8401,764.6,4080.26,6.79
Angola,Sorghum,2004,2955,1113.2,226.54,21.39
Cuba,Cassava,2005,85854,1624.5,854.03,25.27
Guatemala,Sorghum,1993,1723,1740.4,1547.24,24.32
Togo,Soybeans,2003,6238,1149.4,221.23,29.29
Poland,Sorghum,2010,4905,832.3,12159.91,5.71
Zambia,Soybeans,1990,9872,829.3,426.87,22.21
Ethiopia,Plantains and others,2008,18811,713.0,1098.97,21.35
Benin,Sweet potatoes,1992,31000,1064.3,196.16,27.81
Australia,"Rice, paddy",2009,28453,442.0,52370.25,23.81
"Congo, Democratic Republic of the",Sweet potatoes,2005,41786,1468.4,86.98,24.42
Netherlands,Soybeans,2008,13201,921.2,7700.65,10.27
Jamaica,Cassava,2003,52353,1846.8,399.09,24.39
Benin,Plantains and others,1991,20574,1032.4,200.53,28.36
Portugal,Yams,1997,27288,957.8,3155.5,16.56
Indonesia,Plantains and others,1991,13798,2691.8,12250.64,26.88
Angola,"Rice, paddy",2011,15045,1335.9,597.04,25.8
Portugal,Wheat,1990,23045,893.1,1560.84,15.2
Uruguay,Sorghum,2002,5009,1032.8,4630.65,17.1
Haiti,Plantains and others,2013,31457,1674.7,81.52,25.92
Panama,Sweet potatoes,1993,27027,3069.4,316.3,24.95
Turkey,Soybeans,2006,7760,531.6,36766.48,13.82
Venezuela,Sweet potatoes,2001,40677,1918.6,2508.33,27.42
North Korea,Soybeans,2007,3441,1251.1,765.28,6.78
Pakistan,Maize,1996,36941,447.6,15790.03,24.34
Philippines,Cassava,1998,28542,2408.3,1572.45,24.16
Philippines,Plantains and others,2011,29572,2457.0,5280.8,26.32
Saudi Arabia,Soybeans,1997,10466,65.7,2883.34,27.04
Niger,Potatoes,2007,20449,243.4,168.12,26.5
Vietnam,Sorghum,1997,4301,2089.1,4789.37,27.77
Thailand,Potatoes,1993,38606,1049.5,14445.81,28.12
Panama,"Rice, paddy",2009,10070,3167.0,3153.39,26.59
Canada,Sweet potatoes,1995,58730,652.3,18797.56,6.6
Czech Republic,Sweet potatoes,1997,49708,612.9,2415.57,8.04
United States of America,Sorghum,1995,5738,839.0,173353.8,12.71
Mexico,Wheat,2002,24573,885.1,43411.16,22.32
Peru,Wheat,1993,10330,1676.3,4459.87,19.59
Hungary,Plantains and others,2001,10954,439.8,5263.41,10.14
Chile,Maize,2011,13377,704.4,20520.94,15.24
Romania,Plantains and others,1995,12016,648.9,4922.72,10.63
New Zealand,Sweet potatoes,2010,48420,1536.4,876.46,12.15
Hungary,Cassava,2010,35316,630.8,3914.8,10.89
Myanmar,Yams,2012,18203,2324.0,592.13,26.45
Cambodia,Wheat,1994,3284,2078.1,454.47,24.84
Ivory Coast,Potatoes,2012,25751,1417.8,2150.22,26.54
Hungary,Cassava,2004,32386,487.7,2138.64,9.94
Senegal,Sorghum,2012,7047,709.2,338.65,25.85
Ireland,Yams,1998,40033,1191.2,332.94,10.56
Laos,Sweet potatoes,1992,15418,2128.0,124.72,28.71
"Congo, Democratic Republic of the",Plantains and others,2012,19248,1523.9,248.85,26.29
Burkina Faso,Maize,2008,16026,807.5,716.39,27.13
Guinea,Yams,1992,13536,2017.0,88.38,24.64
Indonesia,Cassava,2009,29423,2488.0,8904.79,26.33
Rwanda,Yams,2008,15289,1319.7,125.03,18.97
Jamaica,Sorghum,1994,2700,1837.4,185.18,27.96
Thailand,Wheat,1998,2841,1798.6,18519.01,28.36
Poland,Wheat,1999,14095,528.6,13078.08,9.82
New Zealand,Soybeans,2001,2928,2149.6,3231.4,12.51
France,Sorghum,2003,7191,764.7,28633.28,9.87
Israel,Plantains and others,2003,23934,460.2,2019.24,18.28
South Africa,Wheat,2012,32638,467.6,8951.14,18.49
Laos,Sorghum,1991,1417,1961.0,130.87,24.77
Malaysia,Plantains and others,1994,23943,2596.5,7961.15,27.65
Afghanistan,Sorghum,1998,1495,347.0,76.0,14.64
Nicaragua,Maize,1990,18305,1374.7,1049.52,27.71
Haiti,Yams,2000,28757,1781.1,32.11,25.95
Italy,Soybeans,2003,12069,981.0,38509.08,13.44
Belgium,"Rice, paddy",1994,14378,647.0,4426.75,10.71
Spain,Sweet potatoes,2007,80758,667.2,2338.21,16.14
Paraguay,Maize,2001,30785,1396.8,12781.55,22.56
Afghanistan,Sweet potatoes,2006,12748,264.9,71.29,15.24
Iran,"Rice, paddy",2000,2974,229.0,12940.82,17.82
Nigeria,Potatoes,2011,30241,1058.5,1750.24,27.65
Israel,Yams,2012,53109,480.6,1290.03,20.32
South Africa,Sweet potatoes,2005,99310,505.0,2400.43,19.31
Angola,Soybeans,2012,7661,1361.7,408.33,20.93
Cameroon,Soybeans,2006,3048,2200.8,980.03,26.03
Egypt,Wheat,1995,12345,52.0,4246.68,24.74
Bolivia,Potatoes,2008,96504,1333.8,2093.34,19.65
Ireland,Potatoes,2005,153318,1367.5,1692.16,9.59
Peru,Sweet potatoes,2007,56523,1768.2,2185.4,21.95
Burundi,Potatoes,1990,70071,912.9,37.8,21.2
Rwanda,Sorghum,2006,1600,1381.9,165.46,18.13
Honduras,Sweet potatoes,2012,63459,1689.0,1254.64,24.45
Mali,Cassava,2000,33865,376.9,237.8,30.21
Honduras,Sorghum,2012,2601,1693.3,1346.98,24.14
Denmark,Sweet potatoes,2004,57263,830.7,1429.9,10.16
Mali,"Rice, paddy",2006,9762,471.0,522.38,28.19
Morocco,Cassava,1994,37982,276.7,1652.74,19.97
Vietnam,Sorghum,2005,6559,1414.6,15087.74,25.2
Myanmar,Soybeans,1997,3677,2853.9,889.88,28.14
Iraq,Sorghum,2009,8153,251.6,1888.32,22.46
Panama,Wheat,1994,1623,2811.5,1254.32,28.64
United Kingdom,Sweet potatoes,1992,43669,1160.8,4365.0,10.83
Spain,Wheat,1993,29938,364.0,19736.58,13.03
"Congo, Democratic Republic of the",Sorghum,2002,2929,1466.1,109.03,25.89
Venezuela,Sweet potatoes,1995,29735,2191.2,3672.53,27.24
Dominican Republic,Sorghum,1999,4381,1543.1,1139.71,27.47
Cambodia,Plantains and others,2001,32689,2060.2,373.98,27.17
Kenya,Maize,2002,23806,591.0,1990.72,23.1
Thailand,Wheat,1994,6495,1447.5,11756.84,26.64
Madagascar,Plantains and others,2000,19587,1014.5,195.23,22.01
Jamaica,Cassava,2007,47274,2179.1,224.42,26.07
Angola,Potatoes,1999,69341,954.5,230.81,21.27
Ghana,Cassava,2002,80521,1240.0,464.97,26.29
Burundi,Potatoes,2011,71332,1082.5,68.27,20.99
Niger,Yams,2007,26939,286.3,67.81,27.34
El Salvador,Yams,2008,50966,1193.7,675.25,24.6
Senegal,Yams,2000,36708,717.5,219.14,27.79
Guatemala,Wheat,2001,4140,2093.6,2136.73,22.08
Malawi,Sweet potatoes,2003,64400,1030.3,97.13,25.0
Argentina,"Rice, paddy",2009,12166,598.9,217374.17,15.53
Niger,Wheat,2009,2830,277.4,203.5,30.11
Finland,Soybeans,2000,8553,445.9,1128.39,2.47
Iraq,Cassava,1998,31274,250.7,1223.39,21.95
Bolivia,Yams,2000,32773,1135.8,1105.87,22.64
Germany,Maize,2013,27765,659.9,31193.56,8.6
Italy,Soybeans,2010,12667,813.2,52334.61,13.81
Sierra Leone,"Rice, paddy",1995,3726,2603.1,169.72,26.71
Egypt,Cassava,2007,38637,43.4,3091.45,23.88
Egypt,Soybeans,2009,17014,42.9,6620.2,23.16
Chile,Plantains and others,1992,13035,744.3,10167.22,14.7
El Salvador,Yams,2003,41742,1896.5,932.6,26.44
Mozambique,Plantains and others,2001,26331,1273.9,382.18,25.68
Ethiopia,Potatoes,1993,72354,883.7,775.6,22.38
Mozambique,Potatoes,2008,29859,1090.0,578.9,25.3
Senegal,Cassava,1991,41212,620.8,166.24,27.25
Sudan,Cassava,1990,22550,240.1,500.77,29.48
Paraguay,Plantains and others,1990,54325,1561.8,3577.45,25.57
Angola,Wheat,1993,7977,970.9,215.41,17.05
Iraq,Plantains and others,1993,10439,245.1,791.25,22.2
Spain,Potatoes,2011,278047,611.6,29531.62,14.84
Italy,Cassava,2003,59264,767.3,1808.21,14.68
Dominican Republic,Sorghum,2011,3651,2175.2,1332.83,25.88
South Africa,Sweet potatoes,1993,69580,377.5,3191.86,17.31
Chad,Soybeans,1992,6715,584.3,81.38,26.94
Ghana,Sweet potatoes,2005,84172,909.5,416.97,25.42
Myanmar,Sorghum,2013,2785,1699.3,678.91,23.61
Philippines,Maize,2001,7315,2350.1,6696.28,25.5
Ireland,Sweet potatoes,2003,45577,1315.0,1218.79,9.08
Peru,Wheat,2007,8086,1787.1,6209.22,17.31
Nigeria,Soybeans,1994,12375,1025.8,1496.88,25.43
Zimbabwe,Maize,2010,20326,577.3,1829.26,20.62
Poland,Potatoes,1990,89288,599.6,8963.13,8.75
Uganda,Yams,1998,34556,1222.1,178.36,23.65
Czech Republic,Sweet potatoes,2006,56296,602.1,3290.27,9.69
China,Potatoes,2013,305166,731.2,1558081.53,13.95
Paraguay,Wheat,2005,16824,1179.0,11821.58,23.15
Cambodia,Plantains and others,2007,25061,2158.8,523.59,28.71
Togo,Potatoes,2009,24036,1266.2,180.71,25.61
Malaysia,Sorghum,2007,4705,2992.8,13759.22,28.1
Afghanistan,Cassava,1996,6559,285.0,71.61,13.65
"Congo, Democratic Republic of the",Cassava,1993,29487,1373.2,113.1,22.07
Sweden,Soybeans,1998,8667,527.9,2175.01,3.95
Senegal,Sweet potatoes,2001,48109,735.5,92.43,25.79
"Tanzania, United Republic of",Wheat,2011,11369,968.1,1216.51,25.22
Vietnam,Maize,1996,10888,1988.5,33227.65,23.98
Uganda,Soybeans,1995,9688,1125.7,332.32,23.47
Burkina Faso,Sweet potatoes,2010,39293,616.5,102.03,29.05
Greece,Cassava,1996,32997,676.4,545.05,16.84
Cambodia,Sorghum,2002,3685,1597.2,295.22,25.07
Afghanistan,Sweet potatoes,2012,15813,428.9,52.31,14.96
Cameroon,Soybeans,2000,6965,1561.9,703.91,26.02
Madagascar,"Rice, paddy",2004,13577,1261.0,481.78,23.96
Brazil,Yams,2003,51052,2025.5,102254.22,22.54
Myanmar,Sorghum,2012,2109,2074.8,778.37,26.35
Angola,Sweet potatoes,1992,36130,1312.4,34.47,21.41
Angola,Cassava,2002,20455,802.0,154.29,19.04
Ukraine,Maize,1995,12426,521.5,8217.39,7.89
Ethiopia,Plantains and others,2006,26988,954.4,612.52,23.51
Guatemala,Cassava,2008,53410,1964.7,659.25,24.67
Angola,Wheat,1995,8751,870.5,235.71,23.99
Myanmar,Soybeans,2011,3224,2835.0,1469.13,24.05
Angola,Yams,1999,21547,1205.4,91.21,22.4
Uganda,Yams,1994,32848,1474.9,196.47,22.34
Jamaica,Wheat,1995,2013,2665.8,425.83,26.85
United States of America,Plantains and others,2011,27234,853.2,195516.12,11.6
Czech Republic,Sorghum,2002,6923,808.2,4750.8,7.84
Netherlands,Potatoes,1990,73910,746.5,5626.67,6.3
Uruguay,Yams,2000,41412,1469.2,3562.19,19.83
Iraq,"Rice, paddy",2004,3059,198.6,3085.52,19.9
Kenya,Potatoes,2003,120346,766.0,993.01,20.79
Ireland,Sorghum,2004,5565,1159.2,1275.09,10.62
Mali,Maize,2009,12916,393.4,480.74,27.91
Ethiopia,Cassava,2007,40613,985.6,423.62,20.82
Rwanda,Sorghum,2000,2839,1415.2,133.09,19.81
Myanmar,Sorghum,1995,2524,2883.5,549.4,28.06
Malawi,Potatoes,2002,56181,1228.7,271.59,22.55
Vietnam,Sorghum,2001,3621,1793.4,12943.37,27.22
Indonesia,Sweet potatoes,2008,36654,3124.5,9330.65,27.76
Uruguay,Sorghum,2009,3484,1242.3,7118.88,16.92
Argentina,Wheat,2006,33013,735.3,107897.28,13.98
Ireland,Cassava,2005,57656,1033.5,1261.98,11.12
"Tanzania, United Republic of",Sweet potatoes,1993,64051,1053.8,422.55,27.37
Iraq,Cassava,1999,33229,226.6,667.93,24.79
South Korea,Soybeans,2001,10534,1072.8,14709.09,12.35
United Kingdom,Wheat,2007,8815,1427.3,20128.75,8.43
Niger,Wheat,1992,2795,264.8,146.84,30.05
Senegal,Maize,2011,23191,860.3,673.83,26.99
Burkina Faso,Plantains and others,1999,14171,639.9,292.8,29.54
Ethiopia,Potatoes,1996,70759,1013.4,430.73,21.96
Burkina Faso,Soybeans,2011,4984,913.5,772.98,31.29
Laos,Soybeans,2007,3606,1877.5,310.88,25.75
Chile,Maize,2005,14386,728.7,14142.52,12.28
Venezuela,Maize,1992,20834,1460.7,8501.31,26.53
Malaysia,"Rice, paddy",2011,15497,3215.6,42617.43,27.98
Portugal,Plantains and others,2007,18141,988.2,2932.65,15.62
Thailand,Soybeans,2003,10593,1835.4,23682.52,24.16
Italy,Wheat,2006,41533,870.1,37457.51,14.53
Ecuador,Plantains and others,2007,41922,1770.6,3951.28,21.23
Egypt,Plantains and others,2004,16363,64.5,6705.51,23.97
Morocco,Soybeans,2007,12984,292.1,6762.42,18.75
Honduras,Sweet potatoes,2013,27113,2005.1,1257.9,22.07
Morocco,Yams,1995,14063,385.6,2345.84,18.51
Norway,Sweet potatoes,2004,66152,1053.9,378.56,6.04
Colombia,Potatoes,2005,30658,2867.3,22170.94,23.39
Portugal,Maize,2002,14451,681.2,5067.32,15.68
Portugal,Maize,2013,34661,883.0,6942.66,18.72
Burkina Faso,Maize,1993,16879,643.3,463.57,28.2
Paraguay,Wheat,1994,14582,1152.7,6475.82,23.93
El Salvador,"Rice, paddy",1996,19434,1892.0,3629.03,24.13
Guinea,"Rice, paddy",1997,14787,1662.6,378.86,27.14
Philippines,Maize,1991,12920,1741.5,4041.1,25.38
Algeria,Sorghum,2013,4069,93.1,2841.29,17.98
Rwanda,Maize,2000,15499,1338.8,178.88,19.11
Morocco,Yams,1994,13781,349.5,2295.33,16.98
Iraq,Maize,2002,22858,194.0,2168.35,21.35
Morocco,Potatoes,1998,121011,358.4,3559.93,17.9
Afghanistan,Plantains and others,1993,2243,352.6,74.17,15.47
Benin,Soybeans,2002,9424,1015.1,430.44,26.21
Spain,Potatoes,1992,220962,634.3,14666.66,14.85
Ethiopia,Plantains and others,2013,25404,799.7,1258.5,22.53
Guinea,Maize,2004,12132,1621.3,388.19,24.28
Algeria,Plantains and others,1994,7369,96.4,1398.45,19.35
Guinea,Wheat,1996,5052,1456.6,139.11,23.89
Ecuador,Yams,1990,6240,2892.7,2694.8,19.58
Belgium,Plantains and others,2000,25850,843.0,3907.6,11.71
Guatemala,Yams,2011,24476,2164.5,672.1,25.12
Uruguay,Yams,2002,41297,1354.5,2944.5,19.58
Ukraine,Maize,1999,12225,519.9,8774.65,7.06
Saudi Arabia,"Rice, paddy",2007,11972,53.9,6138.97,27.17
Iraq,Yams,2005,23647,196.5,342.0,23.0
Kazakhstan,Potatoes,1994,30667,255.0,1593.28,6.11
Rwanda,Soybeans,2010,6734,955.5,270.15,18.65
Cameroon,Sweet potatoes,1994,57200,1234.2,259.56,24.54
Ireland,Wheat,2005,20420,1332.5,2450.54,10.58
Malawi,Potatoes,1997,23267,1527.0,233.03,25.3
Niger,Sweet potatoes,2011,33267,243.3,106.2,27.59
"Tanzania, United Republic of",Yams,2010,55383,934.7,830.33,25.8
Jamaica,Maize,2007,9348,1974.5,844.16,24.33
Afghanistan,Sorghum,2010,1434,379.7,85.63,14.41
El Salvador,Sweet potatoes,2005,52308,1653.2,1397.05,25.47
Dominican Republic,Plantains and others,1996,40188,1782.0,1213.23,25.66
Chad,Cassava,2005,21549,398.8,48.69,26.2
Cameroon,Yams,2008,46935,1390.7,228.88,25.15
Niger,Potatoes,1991,23835,268.2,116.45,25.45
Peru,Maize,1998,13052,1580.9,5215.59,17.55
Ecuador,Yams,2007,17239,2761.4,3548.67,23.32
South Korea,Maize,2008,18877,1391.6,22448.32,13.1
Chad,Wheat,2009,3651,385.1,131.43,27.79
Rwanda,"Rice, paddy",2006,6634,1371.3,294.54,18.58
North Korea,Soybeans,2009,2860,1206.6,1068.63,10.43
Morocco,Plantains and others,1996,5389,346.8,2366.17,17.14
Vietnam,Sorghum,1994,6959,1379.8,14363.27,23.71
Bangladesh,Sorghum,2002,2748,2196.6,6437.32,24.06
El Salvador,Maize,2010,14817,1811.3,3564.78,23.98
Argentina,Maize,2000,27947,621.4,153129.44,17.52
Ghana,"Rice, paddy",1990,23329,1173.6,1300.92,26.67
Italy,"Rice, paddy",2001,14628,784.8,53283.06,12.22
Costa Rica,Sorghum,1999,3446,3211.0,2276.22,23.34
Cameroon,Sorghum,2004,2300,1582.4,599.07,22.98
Iraq,Sweet potatoes,2013,59177,221.0,1123.39,23.05
Cuba,Maize,2002,24590,1206.7,2741.64,29.49
Italy,"Rice, paddy",2011,21228,988.2,85942.45,13.3
Afghanistan,Cassava,1997,6756,305.9,58.3,13.7
Belgium,Sweet potatoes,2006,53279,870.5,1323.8,12.81
Venezuela,Soybeans,1991,4063,2324.6,7056.72,25.96
Angola,Yams,2008,30389,1105.5,133.15,23.24
Poland,Potatoes,1998,70101,602.9,9200.72,6.38
"Tanzania, United Republic of",Yams,1993,33816,1009.4,107.42,23.06
France,Sorghum,1995,6387,724.5,28779.37,12.55
Mexico,"Rice, paddy",2006,24930,673.6,56915.67,21.53
Sri Lanka,"Rice, paddy",2013,18003,2325.4,5185.06,26.2
North Korea,"Rice, paddy",2007,5996,847.2,913.24,11.61
Italy,Sorghum,2005,5027,859.8,27009.81,13.19
Egypt,Wheat,2004,14541,49.9,6089.9,23.26
Uzbekistan,Sorghum,2007,3219,221.0,4564.42,14.92
India,Sorghum,1998,7453,1099.1,16587.87,25.07
Morocco,Maize,2001,19595,401.3,6828.56,17.5
Burundi,Maize,1990,9025,1620.6,49.75,22.75
Argentina,Maize,2011,16028,614.1,226608.99,15.52
France,Wheat,2009,43142,756.4,54398.6,12.56
Togo,Plantains and others,2013,20666,764.7,182.05,26.61
South Africa,Potatoes,1998,226040,400.5,6612.5,18.28
Angola,Wheat,2010,12383,561.5,375.42,22.1
Kazakhstan,Sorghum,2008,2619,221.7,1352.67,6.47
"Congo, Democratic Republic of the",Sorghum,1992,2758,1384.0,100.08,25.05
Indonesia,Plantains and others,1997,32910,2353.8,9115.26,28.68
"Tanzania, United Republic of","Rice, paddy",2002,19482,879.9,2228.11,23.67
South Africa,Cassava,1990,30507,611.4,2841.17,17.35
Turkey,Wheat,2010,30541,653.8,33829.15,15.75
Mozambique,Plantains and others,2006,26731,1162.2,413.05,24.95
Rwanda,Potatoes,1994,78181,1271.4,142.12,19.06
Norway,Sweet potatoes,1995,46026,1393.9,142.37,5.99
Benin,Cassava,1995,38632,922.5,176.47,26.82
"Congo, Democratic Republic of the",Sweet potatoes,2009,38280,1474.6,106.64,24.19
Greece,Cassava,1997,26807,598.6,2882.84,15.21
Chile,"Rice, paddy",1998,12388,949.4,14050.78,14.97
Malawi,Potatoes,2008,87272,1107.6,303.73,20.14
India,"Rice, paddy",2001,34073,1216.9,44791.23,25.8
Belgium,Soybeans,2002,11753,786.7,5050.09,11.01
Spain,Wheat,2013,35940,650.2,29032.53,17.09
Ethiopia,Sorghum,2003,4186,996.3,1051.94,21.04
Norway,Sweet potatoes,2013,48246,1644.0,353.05,4.35
Philippines,Yams,2012,25533,2337.0,1648.45,26.9
New Zealand,Potatoes,2002,65903,1926.8,2369.93,12.08
United Kingdom,Sweet potatoes,1991,59205,1332.5,3657.27,11.22
Colombia,Sorghum,1999,3773,2577.7,7852.77,26.6
India,Maize,1990,27690,1331.2,29450.81,25.31
Honduras,Sorghum,1998,2234,2250.2,1065.04,23.45
Afghanistan,Sorghum,2006,1855,342.0,82.32,15.17
Burkina Faso,Sweet potatoes,1990,37985,735.0,146.88,27.58
Malaysia,Sweet potatoes,2000,41611,2201.7,2221.76,25.75
Myanmar,Cassava,2003,21309,2860.9,651.71,25.14
Hungary,Sorghum,2000,5864,637.2,6178.91,12.21
Hungary,Cassava,1998,33862,627.8,753.16,13.06
"Tanzania, United Republic of","Rice, paddy",1995,16774,1271.6,1642.07,22.26
"Tanzania, United Republic of",Potatoes,2008,51074,1030.7,993.56,24.7
Brazil,Wheat,2012,13230,1723.5,309738.77,23.71
Mozambique,Yams,2009,30181,1128.9,393.99,22.99
Spain,Potatoes,2013,271148,547.0,33145.43,15.13
Panama,Sweet potatoes,1996,19291,3085.4,473.19,26.24
Mozambique,Soybeans,2013,10615,1176.2,614.24,24.5
South Africa,Soybeans,1992,5562,358.5,8667.1,15.18
South Africa,Plantains and others,1995,11253,394.9,4386.98,17.69
Colombia,Cassava,1997,26385,2919.8,9608.16,22.94
Haiti,Soybeans,1992,6033,1422.0,79.03,25.62
Malaysia,Cassava,2009,58119,2166.6,8702.56,25.47
Malaysia,Sweet potatoes,1995,33827,2468.4,5021.05,26.14
Ireland,Potatoes,2012,193947,1354.6,1911.58,10.53
Saudi Arabia,Cassava,1998,37938,58.3,1253.32,27.0
New Zealand,Sorghum,1992,2927,1403.7,1206.45,11.17
Senegal,Potatoes,1997,26299,712.9,278.21,29.57
New Zealand,Cassava,1991,42600,1089.2,1719.43,12.63
Morocco,Soybeans,2005,10434,381.8,6204.49,17.8
Bangladesh,Sorghum,2007,3114,2534.8,8843.6,28.28
Czech Republic,Sorghum,2001,6120,560.1,3352.72,9.2
Dominican Republic,Plantains and others,1991,36596,1496.3,1323.53,27.71
Myanmar,Soybeans,1994,3428,2299.2,892.17,25.83
"Congo, Democratic Republic of the",Plantains and others,2011,21135,1925.4,151.5,24.59
Italy,"Rice, paddy",2010,14352,826.6,69678.05,10.3
Malawi,Maize,2001,19678,998.8,375.66,24.28
Japan,Sweet potatoes,2006,114227,1605.0,10456.71,17.31
Austria,Potatoes,1993,77300,968.5,2352.3,6.23
United Kingdom,Wheat,1999,15651,1515.5,13594.32,10.85
"Tanzania, United Republic of",Sweet potatoes,2001,59369,858.2,216.52,24.71
Cambodia,Sorghum,1990,2438,1618.9,278.01,26.1
Zambia,Yams,1992,31377,1129.9,239.72,24.14
Rwanda,"Rice, paddy",1996,5219,1352.6,222.47,16.69
Hungary,Potatoes,1998,163842,693.2,7209.38,11.68
Mozambique,Soybeans,2000,7114,725.2,515.93,22.37
Kenya,Maize,1991,19051,466.0,1304.03,25.36
Myanmar,Wheat,2011,2642,2541.0,1200.7,26.04
New Zealand,Soybeans,1994,4889,1725.9,1900.77,10.42
Angola,Potatoes,2003,61386,969.4,259.04,19.57
"Congo, Democratic Republic of the",Sorghum,1994,1000,1723.5,103.56,21.98
China,Sorghum,1995,5166,726.7,691156.18,12.43
Nigeria,Sorghum,1994,6559,1139.6,1231.86,24.57
Norway,Soybeans,2001,7217,1478.7,600.5,4.62
Rwanda,Maize,2008,16171,1040.5,287.69,20.29
Peru,Wheat,2001,7751,1885.7,6021.06,18.18
Iraq,"Rice, paddy",2003,3391,206.5,3489.24,19.69
Nepal,Soybeans,2011,3460,1899.3,164.24,21.45
Togo,Yams,1992,33780,1081.0,101.39,26.48
Italy,Wheat,1999,46847,897.4,32851.19,15.88
Chad,Cassava,2011,20748,296.7,58.11,26.96
India,Plantains and others,1993,53201,1266.6,6648.61,26.41
Colombia,Sorghum,1996,3703,2406.7,12274.79,24.95
Cuba,Sweet potatoes,1990,65521,1334.3,630.2,24.5
Jamaica,"Rice, paddy",2004,22250,1924.5,995.38,27.45
India,Maize,1997,26441,967.7,28350.77,18.73
Rwanda,Yams,1992,17056,1217.5,79.93,19.83
Russia,Maize,2004,12580,497.3,22169.96,4.15
Turkey,Sorghum,1993,4329,681.0,13956.72,13.53
Afghanistan,Cassava,1998,8937,378.9,57.26,15.86
Iraq,Soybeans,2010,12366,256.7,2745.68,22.21
Finland,Sweet potatoes,2006,53231,501.2,453.8,4.2
Hungary,Maize,1999,14414,602.4,10060.45,11.04
Niger,Cassava,2011,22674,242.5,146.99,26.54
Argentina,Soybeans,1992,20631,762.9,93441.71,17.89
Bolivia,Soybeans,2012,10573,1212.6,2503.8,21.48
Benin,Cassava,1994,28324,964.6,120.5,28.38
Bangladesh,"Rice, paddy",2011,15837,2235.9,19081.48,27.51
Zimbabwe,"Rice, paddy",2002,8891,655.4,1602.39,19.78
Cambodia,Cassava,1990,40439,1524.0,347.82,27.46
Philippines,Yams,2006,19459,3212.3,1014.04,26.24
Sri Lanka,Soybeans,2006,5689,1898.8,3387.87,27.15
Rwanda,Soybeans,1999,4943,1515.3,176.62,19.4
Rwanda,"Rice, paddy",1991,5600,1355.1,188.93,17.66
Haiti,Cassava,2008,41664,1363.0,78.71,25.85
Colombia,Sorghum,1990,3440,2622.3,9955.61,24.84
Bolivia,Cassava,1994,37826,1196.8,1067.58,20.57
Hungary,Sweet potatoes,1997,40117,579.2,1386.74,10.8
Kenya,Plantains and others,2007,23099,628.7,1330.26,21.45
Mozambique,Yams,1994,36496,992.8,87.52,26.4
Bangladesh,Sweet potatoes,1998,26433,2275.3,1737.43,22.31
Denmark,Sweet potatoes,1990,51343,628.0,1316.49,8.32
Romania,"Rice, paddy",1993,8494,719.4,7255.46,9.8
Jamaica,"Rice, paddy",1993,16632,2116.3,736.43,25.78
Senegal,Sweet potatoes,1993,51472,636.1,77.7,26.19
Germany,Sorghum,1992,6364,638.5,9513.28,8.52
Cuba,Soybeans,1994,12506,1328.5,1283.29,21.86
Vietnam,Maize,1999,28673,1253.1,25257.49,24.13
Mexico,Maize,2001,32806,891.9,33724.45,19.05
United States of America,Plantains and others,2012,28306,817.1,151417.61,11.78
"Congo, Democratic Republic of the",Sweet potatoes,1996,33428,1519.1,75.32,24.69
Mali,Maize,2005,16330,421.7,404.04,28.85
Denmark,Maize,1991,18781,675.3,2240.46,10.43
Togo,Soybeans,1998,3778,1478.1,166.5,29.2
Hungary,"Rice, paddy",2008,8509,449.9,12823.41,10.55
South Africa,Soybeans,1997,14796,479.0,8454.8,18.29
Mexico,"Rice, paddy",1995,10619,875.6,37785.32,19.15
Kenya,Plantains and others,2006,29306,718.6,1665.29,25.61
Germany,Wheat,2013,18570,613.0,30441.14,8.55
Iraq,Sweet potatoes,2006,59369,223.6,386.2,24.38
Ecuador,Wheat,2006,5350,2321.4,9001.9,20.2
Mozambique,"Rice, paddy",2008,14108,838.8,882.42,26.18
Nepal,Sweet potatoes,1992,28051,1657.8,39.82,18.29
New Zealand,Potatoes,2005,70566,1857.5,3853.13,12.3
North Korea,Plantains and others,2012,12972,926.5,387.09,10.62
Zambia,Yams,2006,33560,1241.3,185.84,22.68
Rwanda,Potatoes,2012,97044,1235.3,240.4,18.6
Philippines,Sorghum,2009,3098,2019.1,4312.02,27.12
Chile,Plantains and others,1993,15833,724.5,6704.59,15.0
Jamaica,Sweet potatoes,2011,23719,2368.6,252.36,25.69
Hungary,Maize,2009,18197,439.7,11035.46,11.38
China,Yams,1999,31813,713.9,320205.0,16.38
Panama,Sweet potatoes,1994,26540,3116.2,376.98,27.58
Mexico,Potatoes,1997,131533,932.6,13884.3,22.0
Netherlands,Sorghum,2010,9007,838.2,5244.92,9.87
Panama,Sorghum,2004,3801,2739.5,1007.69,25.45
India,Maize,2006,35277,1098.3,51081.84,24.38
Malaysia,Cassava,2008,35525,3077.1,14683.7,24.76
Cuba,Maize,1999,23006,1498.1,3337.21,25.16
Sri Lanka,Potatoes,1993,28646,2106.9,1605.53,23.38
Saudi Arabia,"Rice, paddy",1996,10869,58.3,3717.16,26.44
Haiti,Yams,2002,32130,1689.4,29.72,28.29
Japan,Wheat,2006,24313,1555.4,39762.77,17.34
Mozambique,Sorghum,1998,4419,926.0,463.61,24.82
Iraq,"Rice, paddy",2008,5370,213.2,3562.83,22.86
Thailand,Soybeans,1994,12786,1635.2,19889.53,26.38
Colombia,Potatoes,1998,44667,3298.2,15820.07,21.62
Ethiopia,Sorghum,2002,4630,679.2,1029.78,20.86
Ivory Coast,Sorghum,1990,6661,1127.6,929.05,27.9
Venezuela,Sweet potatoes,1997,61678,1741.4,1840.52,26.69
Chad,Maize,1995,16219,422.9,135.43,24.82
Colombia,Soybeans,2013,6813,2611.2,25906.15,22.97
Cambodia,Sorghum,1997,2662,2015.7,74.8,27.53
Bolivia,Potatoes,2012,64940,1376.3,2225.04,20.37
Uzbekistan,"Rice, paddy",1990,1859,183.0,2765.8,17.16
Mexico,Maize,2006,34475,775.7,50911.06,21.82
Ivory Coast,Sweet potatoes,1996,80605,946.2,638.12,24.93
Mali,Cassava,2003,29361,306.1,125.87,26.75
"Congo, Democratic Republic of the",Soybeans,1999,2781,1753.8,172.21,26.43
Cuba,Cassava,2012,67231,1690.5,1366.85,21.87
Malaysia,Cassava,2003,26903,2996.0,6201.33,27.04
Ethiopia,Potatoes,2009,75331,873.1,1447.87,22.46
Sweden,Soybeans,2004,11159,623.8,1915.05,5.58
Haiti,Cassava,2009,40816,1583.5,70.74,24.29
Philippines,Yams,2002,16817,2668.9,2413.72,24.61
Chad,"Rice, paddy",1992,7942,553.4,178.04,24.58
Hungary,Sweet potatoes,2011,49462,591.5,3296.7,9.26
United States of America,Yams,1997,35613,925.4,61406.15,12.79
Ivory Coast,Sweet potatoes,2007,71221,1098.2,346.67,28.17
Nepal,Sweet potatoes,2013,59290,1126.6,38.01,19.53
Malawi,Sweet potatoes,2001,59922,1209.1,154.22,21.92
China,Cassava,2004,41874,636.2,894772.67,15.14
Malaysia,Sweet potatoes,2004,25399,2499.7,12059.91,28.42
Ghana,Maize,1997,21048,1470.9,1612.02,27.79
Japan,Sorghum,1992,3275,1559.9,19186.73,14.98
Nigeria,Sorghum,2002,6156,1169.5,1259.75,29.71
Myanmar,Wheat,2006,1504,3124.6,992.27,27.41
Colombia,Sorghum,2009,4006,3052.1,20726.86,23.81
Portugal,Potatoes,1991,172504,1016.1,2405.43,12.59
Honduras,Sweet potatoes,1991,35326,1944.4,600.25,26.03
Honduras,Maize,1993,6651,1991.6,1578.2,24.47
United States of America,Sorghum,2000,7005,671.3,97199.29,10.27
Hungary,"Rice, paddy",2004,9253,542.1,11457.64,11.43
Iran,Yams,2003,13391,161.9,6258.17,19.25
Ghana,"Rice, paddy",1992,22823,1173.3,1684.49,26.95
Egypt,Maize,2001,27347,55.2,7967.18,21.42
Thailand,Yams,2012,81348,1512.8,14783.28,26.64
Spain,Soybeans,2008,8358,701.5,39240.92,13.64
Nigeria,Plantains and others,2008,40198,1211.6,1472.46,28.39
Venezuela,Cassava,2003,67369,1929.9,6863.22,27.05
Ethiopia,Potatoes,2003,70220,893.6,1183.98,23.02
Colombia,Potatoes,1999,45521,2148.1,13809.64,22.91
Saudi Arabia,Cassava,2010,36826,59.8,2303.11,27.98
Ghana,Soybeans,2010,10150,1366.1,1975.9,28.69
Iraq,"Rice, paddy",2002,6124,231.1,2541.99,22.74
Iraq,Sweet potatoes,2000,50607,212.5,764.26,21.38
Algeria,Sorghum,1992,4681,79.3,876.35,19.69
"Congo, Democratic Republic of the",Soybeans,2013,2815,1953.7,308.62,24.48
China,Sorghum,2005,6291,581.2,605028.55,13.51
Zimbabwe,Wheat,2009,20593,486.9,1563.75,19.91
Italy,Wheat,2010,41336,966.5,48291.7,14.42
Ecuador,Maize,2011,13778,1927.7,8282.17,22.48
Greece,Cassava,2011,45416,577.6,4366.55,18.52
Ecuador,Soybeans,2010,9495,1787.5,5978.17,21.65
Dominican Republic,Plantains and others,2005,33993,998.1,1263.41,23.39
Russia,Wheat,2001,8468,481.6,18458.91,4.55
Malaysia,Plantains and others,1991,39176,2168.0,10727.92,26.36
China,Potatoes,1990,224417,665.9,525098.69,12.97
Czech Republic,Potatoes,2002,83801,706.7,3505.48,7.24
Rwanda,Soybeans,2003,7871,1065.4,164.0,19.26
Jamaica,Cassava,1993,37665,2148.7,315.95,26.75
Mali,Sweet potatoes,2006,54838,484.3,76.63,22.32
Ivory Coast,Sweet potatoes,1998,29678,1477.6,1086.22,31.31
Chile,Maize,1999,11837,614.6,8971.15,14.96
Ukraine,Maize,2003,10555,528.9,9571.49,5.26
Nicaragua,Plantains and others,2004,20532,2288.0,829.16,26.84
Russia,Wheat,2002,7979,351.8,22462.64,2.45
Costa Rica,Plantains and others,1995,16335,2868.0,3204.65,23.53
Italy,"Rice, paddy",1990,16850,802.9,30719.06,15.54
Burkina Faso,Sorghum,2007,5409,760.0,326.88,24.77
Sri Lanka,"Rice, paddy",1990,24404,1468.7,2639.24,27.26
Laos,Maize,2001,6989,1898.8,262.08,28.9
Malaysia,"Rice, paddy",1990,18605,2309.2,17906.86,27.15
Australia,Plantains and others,1994,27617,424.1,14735.45,20.33
Burundi,"Rice, paddy",1995,7163,1418.3,65.13,19.52
Indonesia,Sorghum,2006,3593,3310.5,11372.99,24.45
Panama,"Rice, paddy",1993,8647,2716.9,1844.09,27.77
Mexico,Sweet potatoes,2013,136010,658.1,24050.4,23.64
Hungary,"Rice, paddy",1997,10349,647.5,8417.88,10.76
Indonesia,Sweet potatoes,2007,32219,2871.9,9614.16,25.38
Peru,Sweet potatoes,2002,57134,1681.7,2.87,19.87
El Salvador,Cassava,2012,62054,1856.0,1584.94,26.05
Philippines,Cassava,2002,47657,2134.4,3279.69,28.24
Benin,Cassava,2004,44238,939.9,190.46,28.03
Chad,Maize,2006,14435,302.7,170.37,24.21
Sudan,"Rice, paddy",2004,5563,209.6,1337.73,31.26
Canada,Soybeans,2012,11187,504.8,75958.08,4.95
Afghanistan,Wheat,2002,8454,376.6,96.05,14.53
Jamaica,Cassava,2009,52222,1809.8,396.77,27.94
Dominican Republic,Soybeans,2009,11343,1418.1,2991.19,23.73
Israel,Plantains and others,2004,25397,398.8,1468.84,18.42
Ireland,Potatoes,1996,57154,1678.5,1357.22,7.89
Iraq,Cassava,1997,15941,215.9,509.62,18.9
Peru,Sorghum,2001,2662,1307.0,4060.7,16.22
Argentina,"Rice, paddy",1999,11796,560.3,199499.26,16.19
South Korea,Maize,2011,18546,1301.7,26194.13,15.36
"Tanzania, United Republic of",Wheat,2002,10877,993.0,1433.6,23.44
Pakistan,Yams,1995,53815,527.8,4087.8,26.61
Turkey,Wheat,2005,24269,722.6,25666.93,13.71
Kazakhstan,Potatoes,2004,32652,268.1,1935.39,5.62
Ghana,Sweet potatoes,2001,63171,1360.1,503.91,27.95
Hungary,Yams,1998,30663,560.5,2031.62,9.32
Malawi,Sorghum,1994,3284,1315.7,149.56,23.66
Bangladesh,Sweet potatoes,1990,46001,1709.5,661.84,28.7
South Korea,Yams,1995,34225,1067.9,9435.28,11.16
Panama,Sweet potatoes,2005,20568,2787.1,894.39,27.92
Belgium,"Rice, paddy",2001,16400,832.4,7342.04,8.65
Guinea,"Rice, paddy",2011,14534,1610.2,471.2,26.41
Brazil,Yams,2013,95429,1643.2,90276.85,25.04
Nigeria,Sweet potatoes,2012,75959,927.0,999.48,29.48
Sierra Leone,Soybeans,1993,1929,2716.1,118.61,26.86
Portugal,Maize,1990,18079,977.3,3663.96,16.49
Kenya,Sorghum,1994,8638,523.3,650.47,23.53
South Korea,Yams,2009,33055,1403.2,13929.12,13.54
North Korea,Plantains and others,2007,10855,1276.1,615.27,8.61
Mexico,Wheat,2000,21699,776.2,32624.07,20.78
Ivory Coast,Sweet potatoes,2006,61320,1420.5,791.42,27.46
United States of America,Wheat,2010,20226,636.6,276420.98,9.24
Burundi,Maize,1996,13397,976.2,67.02,19.23
Honduras,Plantains and others,1997,31061,2141.5,736.01,24.94
Thailand,Wheat,1991,12329,1329.8,15971.09,25.02
Hungary,Cassava,2001,45118,642.9,2022.15,11.32
Benin,Soybeans,2011,7948,1048.4,361.42,27.83
Iraq,Sorghum,1990,4834,261.7,875.08,20.71
Uruguay,Sweet potatoes,2008,115660,1207.5,2973.75,17.73
Russia,Wheat,2010,9683,476.8,21770.88,5.79
Panama,"Rice, paddy",1999,7552,3074.1,2523.83,26.45
